{
    "jobs": [
        {
            "jobType": ".net_developer",
            "title": "Sr. Dot Net Developer",
            "company": "Stellar Software Solutions",
            "description": "Job Title- Dot Net Developer\n\nLocation- Halifax, Ontario\n\nPosition- Full time\n\u2022 Bachelors in Computer Science or a related technical field\n\u2022 Deep knowledge of Microsoft technology stack\n\u2022 Minimum 5+years\u2019 experience as C#, .Net Developer Comprehensive Knowledge on .Net programming languages like C#, JavaScript, Python\n\u2022 Microsoft stack experience: C#, Asp.Net, .Net Core, JavaScript/HTML, SQL\n\u2022 Proficient with Angular 2+ and Typescript\n\u2022 Expertise in Object Oriented Design, Database Design, and XML Schema\n\u2022 Experience with Agile or Scrum software development methodologies\n\u2022 Strong proficiency in C# and the .NET framework.\n\u2022 Experience with ASP.NET, MVC, and Web API development.\n\u2022 Familiarity with front-end technologies such as HTML, CSS, and JavaScript.\n\u2022 Knowledge of relational databases, SQL, and ORM frameworks.\n\u2022 Experience with version control systems, preferably Git.\n\u2022 Strong problem-solving and analytical skills.\n\u2022 Excellent communication and collaboration skills.\n\nJob Type: Full-time\n\nPay: $90,000.00-$100,000.00 per year\n\nEducation:\n\u2022 Bachelor's Degree (preferred)\n\nWork Location: In person",
            "location": "Halifax, NS, Canada",
            "employmentType": "",
            "datePosted": "2 days ago",
            "salaryRange": "",
            "jobProviders": [
                {
                    "name": "Indeed",
                    "url": "https://ca.indeed.com/viewjob?jk=3b20994dc8bd2e2b&utm_campaign=google_jobs_apply&utm_source=google_jobs_apply&utm_medium=organic"
                },
                {
                    "name": "Glassdoor",
                    "url": "https://fr.glassdoor.ca/job-listing/sr-dot-net-developer-stellar-software-solutions-JV_IC2290928_KO0,20_KE21,47.htm?jl=1009529264505&utm_campaign=google_jobs_apply&utm_source=google_jobs_apply&utm_medium=organic"
                },
                {
                    "name": "SimplyHired",
                    "url": "https://www.simplyhired.ca/job/yB2ap2zY9GH5W8SeN09iZsD2p01GUoz3ALPzztBrf3CpCEh0uJP18w?utm_campaign=google_jobs_apply&utm_source=google_jobs_apply&utm_medium=organic"
                }
            ]
        },
        {
            "jobType": ".net_developer",
            "title": "Dotnet Developer",
            "company": "Diamondpick",
            "description": "Greetings!\n\nThis is Karthika from DiamondPick.\n\nTitle: .Net Developer with Azure & React\n\nLocation: Mississauga, Ontario, Canada\n\nContract\n\nMust Have skills: Azure AND React\n\nJob Description:\n\u2022 Candidates should have hands-on experience of 10+ years in .Net application development using Azure services and react\n\u2022 Database Technologies Strong SQL\n\u2022 Experience working in Insurance domain\n\u2022 Methodologies Unit End To End\n\u2022 Adherence to Application Development Documentation Best Practices\n\u2022 Experience in conducting Code Reviews",
            "location": "Mississauga, ON, Canada",
            "employmentType": "",
            "datePosted": "2 days ago",
            "salaryRange": "",
            "jobProviders": [
                {
                    "name": "LinkedIn",
                    "url": "https://ca.linkedin.com/jobs/view/cloud-engineer-at-diamondpick-4075843572?utm_campaign=google_jobs_apply&utm_source=google_jobs_apply&utm_medium=organic"
                }
            ]
        },
        {
            "jobType": ".net_developer",
            "title": ".NET Developers",
            "company": "Canada IT Club",
            "description": ".NET Developers \u2013 Work on challenging projects using the latest .NET technologies and frameworks to deliver top-tier solutions.\n\nCore Skills: .NET Full stack experience, C#, ASP, Angular, Azure DevOps, PowerBI, SQL Server, Stored procedures, Selenium testing.\n\nRelated",
            "location": "Ontario, Canada",
            "employmentType": "",
            "datePosted": "3 days ago",
            "salaryRange": "",
            "jobProviders": [
                {
                    "name": "Canada IT Club",
                    "url": "https://canadaitclub.ca/job/net-developers/?utm_campaign=google_jobs_apply&utm_source=google_jobs_apply&utm_medium=organic"
                }
            ]
        },
        {
            "jobType": ".net_developer",
            "title": "Senior .NET Developer (Sitecore CMS)",
            "company": "Canadian Cancer Society",
            "description": "Job Title: Senior .NET Developer (Sitecore CMS)\n\nLocation: Toronto, Ottawa, Hamilton, Halifax, St. John\u2019s, Vancouver, Calgary (Detailed office location information can be found by visiting this link: https://cancer.ca/en/contact-us)\n\nWork Model: Hybrid\n\nSalary Band: 7 ($76,000 - $114,000 CAD)\n\nWHY JOIN THE CANADIAN CANCER SOCIETY (CCS)?\n\nThe Canadian Cancer Society works tirelessly to save and improve lives. We raise funds to fuel the brightest minds in cancer research. We provide a compassionate support system for all those affected by cancer, across Canada and for all types of cancer. Together with patients, supporters, donors and volunteers, we work to create a healthier future for everyone. Because to take on cancer, it takes all of us. It takes a society.\n\nHelp us make a difference.\n\nCOME AS YOU ARE\n\nAt CCS, we embrace everyone\u2019s uniqueness and recognize the strength that lies in differences. We believe in the power of our collective potential and strive to achieve a more diverse, inclusive, and equitable workplace to empower and create opportunities for all. We welcome and encourage applications from all qualified candidates regardless of their gender, age, religion, race, ethnicity, and nationality. Particularly equity deserving groups, such as members of the BIPOC, and 2SLGBTQI+ communities, people living with disabilities, veterans, and anyone who may contribute to the further diversification of the Canadian Cancer Society. Together we unite and inspire all Canadians to change the future of cancer.\n\nJOB OVERVIEW\n\nThe Canadian Cancer Society is looking for a Sr. Developer to plan, develop, upgrade, and troubleshoot digital products and solutions as it primarily relates to our content production, management, and delivery.\n\nCollaborating with a cross-functional team of technical, database and marketing/research experts, you will be responsible for programming, troubleshooting, and upgrading website and mobile-first solutions where the primary goals are content management, data integration, API use, coding best practices with due consideration to user-centricity, accessibility, and privacy principles. You are a quick learner, capable of sharing knowledge with teams/peers and leading web/mobile development projects. You are a dynamic team player capable of writing quality code under a strong understanding of project lifecycle and software development lifecycle.\n\nTo succeed in this role, you will also need to be proficient in .NET development with strong skills in C#, as well as adaptive to new products, people, and technologies. You exhibit high energy and affinity towards user-centric solutions.\n\nWHAT YOU\u2019LL BE DOING:\n\u2022 Working in collaboration with developers, product & project managers, UX and QA teams to own and deliver high quality and high performing technical solutions on time and within scope.\n\u2022 Define detailed specifications for web/mobile and other technical solutions.\n\u2022 Write well designed, testable, efficient code by using best software development practices.\n\u2022 Integrate data from various back-end services, databases, and APIs.\n\u2022 Configure, customize, and code CMS-based templates, page layouts and data integration modules for public facing presence.\n\u2022 Help maintain development environments (DEV, QA, PROD etc.) in Azure ensuring effective cost structure.\n\u2022 Support IT-based system upgrades, configurations or protocols as they related to our network infrastructure for our enterprise content architecture.\n\u2022 Undertake code reviews with the design and development team, mentor/coach others as required.\n\u2022 Maintain high standards of software quality within the team by establishing good practices and habits.\n\u2022 Work jointly with another senior developer and/or independently based on project scope.\n\u2022 Prepare and execute demos and training sessions on technical solutions.\n\u2022 Write technical documentation for delivered solutions.\n\u2022 Plan, prepare for and execute production deployments, including documentation of release and roll-back plans, based on best practices.\n\u2022 Actively contribute to our culture of justice, belonging, equity, diversity, and inclusion by ensuring that all staff feel represented and heard regardless of their gender, age, religion, ethnicity, and nationality or race.\n\nQUALIFICATIONS:\n\u2022 Computer Science / Software engineering degree / Or related degree/certification with a combination of training and experience in Content Management Systems.\n\u2022 4 or more years of relevant experience working in the publishing sector, or similar industries leveraging content management systems and processes.\n\u2022 Strong web application experience in .NET with strong skills in C#.\n\u2022 Experience working with headless CMS and front-end presentation libraries such as Angular, Vue.js, and react.js is a strong asset.\n\u2022 Good knowledge of HTML, CSS, Bootstrap, and JavaScript.\n\u2022 Experience developing for Sitecore content management system and Sitecore certification is an asset.\n\u2022 Experience designing and building business/data layers and code libraries.\n\u2022 Experience with creating and consuming APIs (i.e., RESTful, GraphQL).\n\u2022 Adequate knowledge of relational database systems (such as SQL), data integration, Object Oriented Programming, and web application development.\n\u2022 Experience using Microsoft Azure DevOps toolset (or Atlassian/Jira).\n\u2022 Experience working within an Agile methodology (e.g., Scrum, Kanban) is an asset.\n\u2022 Sound problem diagnosis and creative problem-solving skills.\n\u2022 Good business acumen with an ability to work, adapt, and thrive in a fast-paced environment, learn rapidly and master diverse web technologies and techniques.\n\nWHAT YOU CAN EXPECT FROM US:\n\nCCS offers meaningful opportunities to help make a difference in the lives of Canadians with cancer, their caregivers, families and communities. We are committed to building and nurturing an inclusive community for our employees by highlighting their unique experiences. We value diverse skills and strongly encourage applications from all qualified candidates. CCS is committed to fostering a culture that is inspiring, supportive and exemplifies our core values:\n\nCOURAGEOUS UNITED CARING RIGOROUS\n\nIn return for your skills and dedication, we offer an attractive compensation package that encompasses a competitive salary, excellent benefits, which include paid parental leave, paid family sick time and health insurance, and the opportunity to have a rewarding employment experience where your contributions can make a true difference every day.\n\nHOW TO APPLY:\n\nQualified candidates are invited to submit their resume, cover letter and salary expectations by November 28th, 2024.\n\nWe thank all candidates for their interest and advise that only those selected for an interview will be contacted.\n\nOTHER INFORMATION:\n\nCCS is committed to employment equity and encourages applications from all qualified candidates. In accordance with the local provincial Accessibility Act, accommodation will be provided as requested throughout the recruitment process. We want to make the interview process a great experience for you!\n\nPlease note that in keeping with the mandate of CCS to model and promote healthy lifestyles, employees are not permitted to smoke in or about CCS premises or while carrying out CCS business.\nPrivacy Disclosure\n\nWe collect your personal information through forms, by phone or in person to evaluate your candidacy for the role(s) you have applied for, to contact you regarding your candidacy, and to generate recruitment-related reports. If selected for a position at CCS the information provided will be used for the purposes of pre-employment checks and added to your employee file. We may share your personal information with third parties, including recruitment consultants, within or outside your province or territory or outside Canada to carry out the purposes identified above, or as required by law. We may contact you by mail, email, phone or text. You can exercise your right to access your information or have it corrected, unsubscribe from communications or withdraw your consent by selecting these options within the ADP system, or by contacting privacy@cancer.ca. For more information about our privacy practices, visit cancer.ca/privacy.\n\nCONNECT WITH US:\n\nLinkedIn | Facebook | Twitter | YouTube\n\n#IND\n\n#LI-VL1\n\n#LI-HYBRID",
            "location": "Ottawa, ON, Canada",
            "employmentType": "",
            "datePosted": "3 days ago",
            "salaryRange": "",
            "jobProviders": [
                {
                    "name": "Indeed",
                    "url": "https://ca.indeed.com/viewjob?jk=906b045eedba908d&utm_campaign=google_jobs_apply&utm_source=google_jobs_apply&utm_medium=organic"
                },
                {
                    "name": "Glassdoor",
                    "url": "https://www.glassdoor.ca/job-listing/senior-net-developer-sitecore-cms-canadian-cancer-society-JV_IC2286068_KO0,33_KE34,57.htm?jl=1009528249659&utm_campaign=google_jobs_apply&utm_source=google_jobs_apply&utm_medium=organic"
                },
                {
                    "name": "Workopolis",
                    "url": "https://www.workopolis.com/jobsearch/viewjob/wF2fh1_P1w-qMuFmsMkp0LSJZK0kaenMZYC__nE5oI2dAr8D8pRw09kdu85E802e?utm_campaign=google_jobs_apply&utm_source=google_jobs_apply&utm_medium=organic"
                },
                {
                    "name": "SimplyHired",
                    "url": "https://www.simplyhired.ca/job/9QADxP0doq0GLK_tRbq_A6jD1uEdT6dbr8n4n58sOP9iwu754tJ01Q?utm_campaign=google_jobs_apply&utm_source=google_jobs_apply&utm_medium=organic"
                },
                {
                    "name": "Trabajo.org",
                    "url": "https://ca.trabajo.org/job-2610-5c1d4208496e4ea126e33b0c4828f2ef?utm_campaign=google_jobs_apply&utm_source=google_jobs_apply&utm_medium=organic"
                }
            ]
        },
        {
            "jobType": ".net_developer",
            "title": "Senior .NET Developer",
            "company": "Mariner Innovations",
            "description": "Who We Are\n\nMariner innovates always and everywhere, turning novel ideas into practical solutions. From products and services to venture creation, we build better futures powered by people. Our purpose has always been to be a great, everlasting technology company for those who make an impact - elevating people, data, and technology in the best way to solve hard problems. We partner with people embracing change, leveraging data, cybersecurity, cloud, and change management to drive successful business outcomes that matter to our customers.\n\nMariners build for change. Like SHIFT Energy, our energy management and decarbonization company. Or East Valley Ventures, created to scale social economic impact in our communities through investment and mentorship of emerging change-makers and their companies.\n\nMariner\u2019s Purpose Has Always Been To Be a Great, Everlasting Technology Company And The Core Values That Guide Us Every Day Are\n\nOUR VALUES\n\u2022 We care for our team.\n\u2022 We care about the impact we have on our community.\n\u2022 We serve by solving complex problems.\n\u2022 We grow because growth fuels opportunities.\n\u2022 We innovate always and everywhere.\n\u2022 We build a business that lasts.\n\nOverview Of The Role\n\nWe are currently seeking a skilled Senior Full Stack .NET Developer to join our agile development team. The successful candidate will play a key role in designing, developing, and implementing various software components. You will have the opportunity to work on client-based projects, collaborating closely with our delivery and sales teams to deliver cutting-edge solutions to both new and existing customers.\n\nWhat You\u2019ll Be Doing In The Role\n\u2022 Participation in scrums, agile ceremonies, meetings, technical discussions / design sessions and workshops, usually led by the Delivery Lead.\n\u2022 Understanding the functional requirements, business processes, entity relationships, user research, wireframes, and other artifacts as inputs into software design and development.\n\u2022 Translating user stories into technical design and prototypes.\n\u2022 Building applications, shared components, databases, APIs, and other technical solutions to meet end user needs and support the business processes that rely on the registry.\n\u2022 Troubleshooting and identification of issues throughout the delivery lifecycle as well as ongoing refactoring to continually improve code quality.\n\u2022 Identifying and implementing test automation at the appropriate level for the functionality being delivered.\n\u2022 Conducting software demos to team members and stakeholders.\n\u2022 Communicating progress and identifying risks, impediments, and dependencies.\n\u2022 Participating peer code review and providing knowledge transfer to other team members\n\nWHAT SKILLS / QUALIFICATIONS YOU\u2019LL NEED TO DO THE JOB:\n\u2022 Experience with DevOps ways of working and supporting technology such as git, GitHub/GitLab, Continuous Integration servers and static or dynamic code analysis.\n\u2022 Experience in system designs employing modern architectural patterns, such as microservices, multi-tiered architecture and containerization, etc.\n\u2022 Building software applications using dotnet core components for front and backend development.\n\u2022 Modern HTML and CSS frameworks and practices.\n\u2022 Practice Test Driven Development such as writing unit tests and ensuring code coverage while building the functionality.\n\u2022 Building APIs and integrating systems designed using RESTful web services.\n\u2022 Development in container environment, preferably in OpenShift.\n\u2022 Agile methodologies - Scrum and Kanban and working in teams of mixed disciplines.\n\u2022 Must demonstrate the ability to work with minimal supervision, take initiative and be resourceful in problem solving or proposing viable options and solutions.\n\n\u2026AND YOU ARE...\n\u2022 Always improving your skills and knowledge: you want to be the best at what you do.\n\u2022 Curious and creative; comfortable taking on new problems and challenges.\n\u2022 A self-starter with the ability to recommend priorities to the project leader.\n\u2022 Comfortable working through problems and figuring things out with minimal supervision.\n\u2022 Great problem-solving skills: thorough and reliable\n\u2022 Able to work in a team: share knowledge and assist other team members.\n\u2022 A good communicator: able to explain your ideas and recommendations.\n\u2022 Well organized and dependable under pressure: you manage your time effectively.\n\u2022 Energized by our company values!\n\nMariner Offers You\n\u2022 A values-driven workplace where people really matter.\n\u2022 Flexible work location.\n\u2022 Competitive salary, retirement savings program, and rewards program.\n\u2022 Comprehensive health, dental, vision, life and disability insurance plans and access to e-health care.\n\u2022 Paid vacation, maternity/parental leave, paid sick leave and paid Mariner MyLife days.\n\u2022 Unlimited training.\n\nWHY MARINER?\n\nWe believe in making a positive impact in the communities where we live and work! Our team is in major cities across Canada, with most of our team residing in Atlantic Canada. Not only are we passionate about nurturing a thriving technology sector here in Atlantic Canada, but we are also committed to solving technology challenges that will make an impact worldwide. Technology is everlasting, and we take pride in connecting world class talent to world class projects and business solutions! To achieve this, we know we need to be all in on training and development of our team so we can continue to move the needle in the technology sector together. Of course, we offer competitive compensation and benefits packages to our team, but our competitive edge is the development and training that our team experiences every day. We recognize that empowered employee s are more innovative, more efficient, deliver better customer results and can flat out-perform conventional organizations.\n\nIf you are an IT Professional, Software Professional, or Management Consultant, that is passionate about career development, data, and problem solving, we want to hear from you! If this sounds like someone you know, share this with them so they do not miss the opportunity to experience Mariner!\n\nTo achieve this, we know we need to be all in on training and development of our team so we can continue to move the needle in the technology sector together. Of course, we offer competitive compensation and benefits packages to our team, but our competitive edge is the development and training that our team experiences every day.\n\nBe part of our vibrant community that values diversity and embraces inclusion at every level. We are committed to fostering a culture where individuals from all backgrounds and walks of life feel empowered to contribute their unique perspectives. Our collaborative environment celebrates the richness of ideas and experiences, and we believe that by embracing diversity, we can achieve greater innovation and excellence together. Come and help us create a workplace that reflects the beautiful tapestry of our global community.\n\nJoin our growing team!",
            "location": "Fredericton, NB, Canada",
            "employmentType": "",
            "datePosted": "5 days ago",
            "salaryRange": "",
            "jobProviders": [
                {
                    "name": "LinkedIn",
                    "url": "https://ca.linkedin.com/jobs/view/senior-net-developer-at-mariner-innovations-4075413473?utm_campaign=google_jobs_apply&utm_source=google_jobs_apply&utm_medium=organic"
                },
                {
                    "name": "Career Beacon",
                    "url": "https://www.careerbeacon.com/en/job/1965271/mariner/senior-net-developer/fredericton-nb?utm_campaign=google_jobs_apply&utm_source=google_jobs_apply&utm_medium=organic"
                },
                {
                    "name": "Jooble",
                    "url": "https://ca.jooble.org/jdp/4314649556344851493?utm_campaign=google_jobs_apply&utm_source=google_jobs_apply&utm_medium=organic"
                },
                {
                    "name": "Talent.com",
                    "url": "https://ca.talent.com/view?id=22583f7e41a7&utm_campaign=google_jobs_apply&utm_source=google_jobs_apply&utm_medium=organic"
                },
                {
                    "name": "Monster.ca",
                    "url": "https://www.monster.ca/job-openings/senior-net-developer-fredericton-nb--0c6bde62-6b6f-4fea-abaa-e22d776e1b7c?utm_campaign=google_jobs_apply&utm_source=google_jobs_apply&utm_medium=organic"
                },
                {
                    "name": "BeBee Canada Meet Opportunities",
                    "url": "https://ca.bebee.com/job/a1a5a23fef84cd9cb6c69901e2840719?utm_campaign=google_jobs_apply&utm_source=google_jobs_apply&utm_medium=organic"
                },
                {
                    "name": "Aboriginal Job Board",
                    "url": "https://aboriginaljobboard.ca/job/senior-net-developer-118042/?utm_campaign=google_jobs_apply&utm_source=google_jobs_apply&utm_medium=organic"
                },
                {
                    "name": "LGBT Job Board",
                    "url": "https://www.jobboard.lgbt/job/senior-net-developer/?utm_campaign=google_jobs_apply&utm_source=google_jobs_apply&utm_medium=organic"
                }
            ]
        },
        {
            "jobType": ".net_developer",
            "title": "Senior C#/.Net Developer",
            "company": "Societe Generale",
            "description": "Reference 24000QD8\n\nResponsibilities\n\nABOUT THE JOB:\n\nLe D\u00e9partement Technologie et Op\u00e9rations Bancaires Mondiales (GBTO) fournit des services quotidiens aux Unit\u00e9s d'Affaires de la Banque de Financement et Solutions Investisseurs (GBIS) et \u00e0 leurs clients. Avec des \u00e9quipes IT et Op\u00e9rations travaillant c\u00f4te \u00e0 c\u00f4te sous la m\u00eame direction, l'objectif du GBTO est de r\u00e9pondre aux besoins \u00e9volutifs de ses clients et aux exigences du march\u00e9, tout en anticipant les avanc\u00e9es technologiques pour acc\u00e9l\u00e9rer et soutenir la transformation des activit\u00e9s de GBIS. GBTO est au c\u0153ur de ce d\u00e9fi technologique et op\u00e9rationnel.\n\nIn this central and dynamic role, you will contribute to the design, development, testing, and deployment of crucial features in applications used by our traders and operations across the globe, with a primary focus on New York.\n\nAs a C# Developer, we ask you to be versatile, display leadership qualities, and approach challenges with enthusiasm, delivering innovative solutions that support our business growth. Within our AGILE environment, your responsibilities include crafting and supporting software for trade booking, position management, settlement, and straight through processing of electronic trades within the Post Trade FIC (Fixed Income & Currencies) team. This involves active interaction with various upstream and downstream systems.\n\nYour position revolves around developing a strategic trading tool for trade capture and regulatory reporting in FIC perimeter, covering back-end development. You actively participate in requirements gathering and design processes, collaborating with business analysts and leveraging your knowledge of finance and trading protocols. The role extends from conceptualization to delivery, adhering to agile, continuous delivery, and change management processes.\n\nYou'll be working in an innovative environment, on ambitious projects. X-One is the technical transformation of a global platform (7201 services, 2500 different services, 420+ servers, around 300 developers). An environment that will be a benchmark in your career (9M lines of code, 1000 VMs, 2500 services/api).\n\nTECHNICAL STACK:\n\nC# | .NET | MongoDB | MQ Series | Oracle | GIT | Jenkins | Nugget| Unit Test |\n\nWhat will be your DAY-TO-DAY?\n\nAs \"Senior technical leader\" the main responsibilities include:\n\u2022 Development (C#, .net core, windows, linux, kubenetes, Azure and all subsequent technologies).\n\u2022 Participation in modernization streams: Public Cloud, Modularization, Digitalization.\n\u2022 Leading a specific stream on the technical transformation of X-One.\n\u2022 Level 3 support.\n\u2022 Platform monitoring and incident anticipation.\n\u2022 Proposal and study of technical architecture.\n\u2022 You will also lead workshops and guilds.\n\nRequired\n\nProfile required\n\nSkills and Qualifications:\n\nTechnical Skills Requirements\n\nMust Have:\n\u2022 Minimum 5 years of .NET/C# development experience.\n\u2022 Very good level of maturity for production and teamwork.\n\u2022 2 years of multithreading experience.\n\u2022 Able to contribute to architecture choices, intervene on different Streams (AKS, Monitoring, Modularization, laC, diagnostic and debug), and be a reference for other developers.\n\u2022 Ability to transform business features into sustainable, maintainable, and reusable code.\n\u2022 Mastery of object-oriented programming.\n\u2022 Understanding of agile development practices.\n\u2022 Experience in developing and deploying RESTful services.\n\u2022 Algorithmic skills.\n\nNice-to-have:\n\u2022 Knowledge of messaging technologies (nats.io, RabbitMQ), network protocols, and socket programming.\n\nCompetency Requirements\n\nMust Have:\n\u2022 Strong written and verbal communication skills\n\u2022 Experience in financial products or the financial industry\n\u2022 Analytical skills\n\u2022 Dynamic, detail-oriented, fast-learning capacity, and ability to work in a high-pressure environment.\n\nNice-to-have:\n\u2022 Knowledge in risk analysis and pricing\n\u2022 Understanding of trading and settlement workflows for FIC products\n\nEducational Requirements\n\u2022 Must have: bachelor\u2019s degree in computer science or equivalent.\n\u2022 Nice-to-have: Degree in finance.\n\nLanguages: French, English\n\nAbility to communicate in English, both orally and in writing, is a requirement as the person in this position will need to collaborate regularly with colleagues and partners in the United States.\n\nWhy join us\n\nOUR BENEFITS:\n\nWHAT WE DO DIFFERENTLY AT SOCI\u00c9T\u00c9 G\u00c9N\u00c9RALE\n\nCompetitive compensation & benefits offering, including but not limited to:\n\u2022 Minimum of 20 Vacation days + 4 personal days\n\u2022 Supportive Maternity, paternity, parental and adoption leave policy\n\u2022 Health spending ($2,000/year) and personal spending ($1,000/year) accounts with 75+ eligible reimbursement categories (health, training, electronics etc.)\n\u2022 Fully sponsored virtual healthcare assistance and Employee Assistance Program to you and your immediate family\n\u2022 Various Employee Resource Groups (ERG) to engage with such as Pride and Allies, American Women Network, Black Leadership Network, One planet, etc.\n\u2022 A culture of continuous development by encouraging our employees various training programs (online training and coaching platform such as Coursera, GoFluent, Pluralsight, First Finance, and others)\n\nBusiness insight\n\nOUR CULTURE:\n\nAt Societe Generale, we live by our 4 core values of commitment, responsibility, team spirit and innovation. We are engaged and demonstrate consideration for others. We act ethically and with courage. We focus our talent and energy on collective success. We experiment and propose new ideas. This way, we maximize our ability to serve client needs and anticipate market changes. Societe Generale is committed to strengthening bonds with colleagues, communities, and the world in which we live, because relationships are at the heart of how we operate.\n\nFor more information about our Culture and Conduct initiatives, please visit this link (https://americas.societegenerale.com/en/careers/get-know-culture/)\n\nD&I:\n\nOur Diversity & Inclusion Mission: Recruit, develop, advance, and retain a diverse workforce that is united in our efforts to enhance our competitive position and deliver innovative solutions to our clients.\n\nOur Diversity & Inclusion Vision:\n\u2022 Engaged workforce that is demographically diverse in a way that reflects the communities in which we operate\n\u2022 Inclusive culture and workplace that recognizes employees' unique needs and utilizes their diverse talents\n\u2022 Engage our community and marketplace, and position the organization to meet the needs of all its clients\n\nFor more information about our D&I initiatives, please visit this link (https://americas.societegenerale.com/en/societe-generale-about/diversity-and-inclusion/)\n\nHYBRID WORK ENVIRONMENT:\n\nSociete Generale offers a hybrid work arrangement that offers employees the flexibility to work remotely, as well as on-site, in order to promote interaction and collaboration with colleagues while adhering to all SG standard protocols. Hybrid work arrangements vary based on business area. The applicable Business lines will determine and communicate the work arrangements that best meet their business needs.\n\nDiversity and Inclusion\n\nSociete Generale is an equal opportunity employer and we are proud to make diversity a strength for our company. We are committed to recognizing and promoting the talents and achievements of our employees and staff, regardless of race, religion, color, national origin, sex, disability, age, gender, sexual orientation, and any other characteristic or status protected under applicable law. We strive to write our postings as inclusively as possible. If, however, one gender is used alone in this display, it designates persons of all gender identities.",
            "location": "Montreal, Quebec, Canada",
            "employmentType": "",
            "datePosted": "9 days ago",
            "salaryRange": "",
            "jobProviders": [
                {
                    "name": "LinkedIn",
                    "url": "https://ca.linkedin.com/jobs/view/senior-c%23-net-developer-at-soci%C3%A9t%C3%A9-g%C3%A9n%C3%A9rale-4072220965?utm_campaign=google_jobs_apply&utm_source=google_jobs_apply&utm_medium=organic"
                },
                {
                    "name": "Eluta.ca",
                    "url": "https://m.eluta.ca/spl/senior-c%23-net-developer-6d4b58dbb43a60a63053e1547dd4e210?utm_campaign=google_jobs_apply&utm_source=google_jobs_apply&utm_medium=organic"
                },
                {
                    "name": "Ca.bebee.com",
                    "url": "https://ca.bebee.com/job/6e84950e0f3d8a4fca97f5b433a4b342?utm_campaign=google_jobs_apply&utm_source=google_jobs_apply&utm_medium=organic"
                },
                {
                    "name": "Jooble",
                    "url": "https://ca.jooble.org/jdp/-6841709895008917863?utm_campaign=google_jobs_apply&utm_source=google_jobs_apply&utm_medium=organic"
                },
                {
                    "name": "Appjobs",
                    "url": "https://www.appjobs.com/more-jobs/montreal-qc/sgs-societe-generale-de-surveillance-sa/24/senior-cnet-developer?utm_campaign=google_jobs_apply&utm_source=google_jobs_apply&utm_medium=organic"
                },
                {
                    "name": "Talent.com",
                    "url": "https://ca.talent.com/view?id=419b6522b026&utm_campaign=google_jobs_apply&utm_source=google_jobs_apply&utm_medium=organic"
                },
                {
                    "name": "Jobs Trabajo.org",
                    "url": "https://ca.trabajo.org/job-2401-ec1a4a7dc23201bb438b3c366c9a3ddd?utm_campaign=google_jobs_apply&utm_source=google_jobs_apply&utm_medium=organic"
                },
                {
                    "name": "ClickaJobs",
                    "url": "https://ca.clickajobs.com/job/Senior-C-Net-Developer/montr%C3%A9al/25652156?utm_campaign=google_jobs_apply&utm_source=google_jobs_apply&utm_medium=organic"
                }
            ]
        },
        {
            "jobType": ".net_developer",
            "title": ".NET Software Developer",
            "company": "CB Canada",
            "description": "Ref ID : 05060-0012279221\n\nClassification : Software Developer\n\nCompensation : $90000.00 to $120000.00 yearly\n\nThis is a chance to join a Vancouver-based software-as-a-service (SaaS) company as a software developer. In this role, you\u2019ll apply your knowledge of the .\n\nNET framework and MS Azure cloud systems. In this Software Developer role, you\u2019ll be working with a small team of software developers to design, code and deploy an innovative software product.\n\nIn this role, you\u2019ll be working in their downtown Vancouver office, near a wide range of shops and restaurants. You\u2019ll also be steps away from the Vancouver waterfront, where you can walk along the seawall when you want some fresh air.\n\nThe office is in a great, central location.\n\nThis is a full-time position that includes a competitive base salary, extended health and dental benefits, and paid vacation.\n\nYou\u2019ll also have a chance to earn stock options. This company already has a public listing on the TSX Venture Exchange, which means your shares have a tangible value, too.\n\nOne of the attractive parts of this job is the chance to join an early stage company, and work with an experienced group of founders.\n\nThe leadership team have successfully built and launched companies in the past, and this is a chance to join their latest venture at an early stage.\n\nHOW TO APPLY / INTERVIEW PROCESS\n\nA bit about myself - my name is Nathan Wawruck, and I am a recruitment consultant based in Vancouver, BC. I have over a decade of matching software and IT professionals to job opportunities, and I am always looking to connect with like-minded tech enthusiasts in the Vancouver area.\n\nIf you're interested in pursuing this role, please contact me for an initial discussion. This is a chance for us to discuss specifics, such as the company name, the key hiring managers, and the more in-depth job requirements.\n\nThis is also a great opportunity to talk about your overall career goals and preferences. We can even discuss other potential roles which may fit what you're looking for.\n\nPlease find me on by searching my name : Nathan Wawruck\n\nJob Requirements :\n\nHere are some of the items that you'll bring to the table for this role :\n\u2022 You have three or more years of experience developing commercial software applications\n\u2022 You have recent hands-on experience with .NET framework, C# and MS Azure cloud services\n\u2022 You are comfortable working in the downtown Vancouver office\n\nVISA / RELOCATION SUPPORT\n\u2022 Preference will be given to candidates who are currently in Vancouver with proper working permission to work in Canada\n\u2022 No relocation or VISA sponsorship support will be offered for this role\n\nRobert Half is the world\u2019s first and largest specialized talent solutions firm that connects highly qualified job seekers to opportunities at great companies.\n\nWe offer contract, temporary and permanent placement solutions for finance and accounting, technology, marketing and creative, legal, and administrative and customer support roles.\n\nRobert Half puts you in the best position to succeed by advocating on your behalf and promoting you to employers. We provide access to top jobs, competitive compensation and benefits, and free online training.\n\nStay on top of every opportunity even on the go. https : / / www.roberthalf.ca / en / mobile\">\n\nDownload the Robert Half app and get 1-tap apply, instant notifications for AI-matched jobs, and more.\n\nQuestions? Call your local office at 1.888.490.4429. All applicants applying for Canadian job openings must be authorized to work in Canada.\n\n2022 Robert Half. By clicking Apply Now, you\u2019re agreeing to https : / / www.roberthalf.ca / en / terms-of-use\">\n\nRobert Half\u2019s Terms of Use .",
            "location": "New Westminster, BC, Canada",
            "employmentType": "",
            "datePosted": "",
            "salaryRange": "",
            "jobProviders": [
                {
                    "name": "Talent.com",
                    "url": "https://ca.talent.com/view?id=7333c7e0d971&utm_campaign=google_jobs_apply&utm_source=google_jobs_apply&utm_medium=organic"
                }
            ]
        },
        {
            "jobType": ".net_developer",
            "title": "Developer Digital Development (.NET MAUI)",
            "company": "Randstad",
            "description": "Description\n\nBeing part of Air Canada is to become part of an iconic Canadian symbol, recently ranked the best Airline in North America. Let your career take flight by joining our diverse and vibrant team at the leading edge of passenger aviation.\n\nAs a .NET Developer, you will be responsible for designing, developing, testing, and deploying mobile applications using .NET MAUI. You will work closely with business stakeholders to understand their requirements and translate them into scalable and maintainable solutions.\n\nThis position will be reporting to the Manager, Digital Development\n\nResponsibilities:\n\u2022 Design, develop, and maintain high-quality .NET applications using MAUI.\n\u2022 Collaborate with cross-functional teams to define, design, and ship new features.\n\u2022 Ensure the performance, quality, and responsiveness of applications.\n\u2022 Responsible to Identify, correct bottlenecks and fix bugs.\n\u2022 Help maintain code quality, organization, and automation.\n\u2022 Participate in code reviews and provide constructive feedback to team members.\n\u2022 Stay up-to-date with the latest industry trends and technologies to ensure our solutions remain cutting-edge.\n\nQualifications\n\u2022 Bachelor\u2019s degree in Computer Science, Engineering, or a related field.\n\u2022 5-6 years of experience in .NET development.\n\u2022 Strong experience with MAUI (Multi-platform App UI).\n\u2022 Proficient in C#, .NET Core, and .NET Framework.\n\u2022 Experience with RESTful APIs and web services.\n\u2022 Familiarity with front-end technologies such as HTML, CSS, and JavaScript.\n\u2022 Strong understanding of object-oriented programming principles.\n\u2022 Experience with version control systems (e.g., Git).\n\u2022 Excellent problem-solving skills and attention to detail.\n\u2022 Strong communication and teamwork skills.\n\nPreferred Qualifications:\n\u2022 Experience with cloud platforms such as Azure or AWS.\n\u2022 Knowledge of mobile development for iOS and Android.\n\u2022 Familiarity with Agile/Scrum methodologies.\n\u2022 Experience with CI/CD pipelines.\n\nConditions of Employment:\n\u2022 Candidates must be eligible to work in the country of interest, at the time any offer of employment is made and seeking any required work permits/visas or other authorizations which may be required is the sole responsibility of the candidates applying for this position.\n\nLinguistic Requirements\n\nBased on equal qualifications, preference will be given to bilingual candidates.\n\nDiversity and Inclusion\n\nAir Canada is strongly committed to Diversity and Inclusion and aims to create a healthy, accessible and rewarding work environment which highlights employees\u2019 unique contributions to our company\u2019s success.\n\nAs an equal opportunity employer, we welcome applications from all to help us build a diverse workforce which reflects the diversity of our customers, and communities, in which we live and serve.\n\nAir Canada thanks all candidates for their interest; however only those selected to continue in the process will be contacted",
            "location": "Toronto, ON, Canada",
            "employmentType": "",
            "datePosted": "23 days ago",
            "salaryRange": "",
            "jobProviders": [
                {
                    "name": "Randstad",
                    "url": "https://www.randstad.com/jobs/developer-digital-development-net-maui_toronto_44341303/?utm_campaign=google_jobs_apply&utm_source=google_jobs_apply&utm_medium=organic"
                },
                {
                    "name": "Jooble",
                    "url": "https://ca.jooble.org/jdp/-2069432365549018992?utm_campaign=google_jobs_apply&utm_source=google_jobs_apply&utm_medium=organic"
                }
            ]
        },
        {
            "jobType": ".net_developer",
            "title": "P2 - Full Stack Developer - .Net Core",
            "company": "Randstad Canada",
            "description": "Are you a Full Stack Developer looking for a new opportunity?\nAre you looking for a new contract opportunity?\n\nWe are pleased to offer you a new contract opportunity for you to consider: Full Stack Developer\n\n-Start: ASAP\n-Estimated length: 12 months\n-Location: Mississauga\n-Hybrid role- 3 days on-site\n\nAdvantages\nYou will have an opportunity to work with a leading employer in the local market.\n\nResponsibilities\n\u2022 Responsible of the architecture, design and development of software solutions under the leadership of application architects.\n\u2022 Review and analyze business requirements to conceptualize solutions, prepare high level and low-level technical design documents.\n\u2022 Provide accurate assessment of software development solutions efforts and dependencies.\n\u2022 Interface with other teams to refine requirements and present the technical design and architecture details.\n\u2022 Build feature rich Web applications as well as middleware supporting process automation.\n\u2022 Be mindful of non-functional requirements such as performance, scalability, usability and maintainability.\n\u2022 Contribute to a positive user-centric Agile team environment; Maintain ongoing compliance of code development requirements under our SCRUM project management.\n\nQualifications\n\u2022 Oracle\n\u2022 Teradata\n\u2022 MySQL\n\u2022 (Prefect /dask / Pandas dataframe object / numbpy / Flask)\n\u2022 HTML5, CSS(2,3,4), JavaScript\n\u2022 C#\n\u2022 ASP.NET Core Razor\n\u2022 .NET Core API\n\u2022 Ruby\n\u2022 Logstash\n\u2022 Grafana\n\u2022 Kibana\n\u2022 Neo4J\n\u2022 Openshift\n\u2022 (build / deploy / use of Openshift CLI in CI/CD)\n\u2022 Docker (compose / build)\n\u2022 Fluent Bit\n\u2022 10 years of relevant experience in all aspects of the software development lifecycle.\n\u2022 Strong experience in programming using Python and identified frameworks & modules.\n\u2022 Strong experience with ElasticSearch.\n\u2022 Experience building Web services - REST (JSON) / SOAP; Knowledge of JQuery, AJAX;\n\u2022 Experience with MS Visual Studio development environment\n\u2022 Experience working with MS .Net Core framework.\n\u2022 Strong experience with MS SQL Server, MS SQL Management Studio and knowledge of T-SQL.\n\u2022 Strong interpersonal skills & ability to effectively convey a point and gain support from stakeholders. Strong English verbal & written skills.\n\u2022 Excellent at breaking down complex problems. Self-starter who can work independently.\n\u2022 Experience working in an environment where the team and applications support processes around Sarbanes-Oxley Act (SOX) compliancy.\n\nAssets & Additional Information\n\u2022 Experience with Scaled Agile Framework (SAFe) and BAF (Company\u2019s application framework) using Jira, Jira Service Desk, Confluence and Gitlab.\n\u2022 Experience in the telecommunications domain.\n\u2022 Ability to work on application support rotation (internal service desk) with the rest of the development team.\n\u2022 Ability to work flexible hours if required during deployment & normalization.\n\u2022 Language: English required, French bilingualism is an asset\n\nNice to Have:\n\u2022 Previous company\u2019s exp.\n\nSummary\nDo you have this experience? If you answer YES, then please apply IMMEDIATELY to so we can then discuss your experience and interest in this opportunity!\n\nRandstad Technologies Group\n\nCanada's largest provider of IT Staffing Solutions, offering hundreds of permanent and contract opportunities across all roles, levels and platforms. Our Web-based tools help you see and apply for jobs matched automatically to your skills and preferences. When you're ready to interview we meet with you in person to help you build the technology career path you've always wanted. Visit www.randstad.ca to get started!\n\nRandstad Canada is committed to fostering a workforce reflective of all peoples of Canada. As a result, we are committed to developing and implementing strategies to increase the equity, diversity and inclusion within the workplace by examining our internal policies, practices, and systems throughout the entire lifecycle of our workforce, including its recruitment, retention and advancement for all employees. In addition to our deep commitment to respecting human rights, we are dedicated to positive actions to affect change to ensure everyone has full participation in the workforce free from any barriers, systemic or otherwise, especially equity-seeking groups who are usually underrepresented in Canada's workforce, including those who identify as women or non-binary/gender non-conforming; Indigenous or Aboriginal Peoples; persons with disabilities (visible or invisible) and; members of visible minorities, racialized groups and the LGBTQ2+ community.\n\nRandstad Canada is committed to creating and maintaining an inclusive and accessible workplace for all its candidates and employees by supporting their accessibility and accommodation needs throughout the employment lifecycle. We ask that all job applications please identify any accommodation requirements by sending an email to accessibility@randstad.ca to ensure their ability to fully participate in the interview process.",
            "location": "Mississauga, ON, Canada",
            "employmentType": "",
            "datePosted": "",
            "salaryRange": "",
            "jobProviders": [
                {
                    "name": "Randstad",
                    "url": "https://www.randstad.ca/jobs/p2-full-stack-developer-net-core_mississauga_44070579/?utm_campaign=google_jobs_apply&utm_source=google_jobs_apply&utm_medium=organic"
                },
                {
                    "name": "Talent.com",
                    "url": "https://ca.talent.com/view?id=11a90c33e3fb&utm_campaign=google_jobs_apply&utm_source=google_jobs_apply&utm_medium=organic"
                },
                {
                    "name": "BeBee Canada Meet Opportunities",
                    "url": "https://ca.bebee.com/job/211f8242cf18f5d64b2b3d33c8b8bdb5?utm_campaign=google_jobs_apply&utm_source=google_jobs_apply&utm_medium=organic"
                },
                {
                    "name": "Learn4Good",
                    "url": "https://www.learn4good.com/jobs/mississauga/canada/software_development/3640777932/e/?utm_campaign=google_jobs_apply&utm_source=google_jobs_apply&utm_medium=organic"
                },
                {
                    "name": "Sercanto",
                    "url": "https://fr.ca.sercanto.com/detail/a/p2-full-stack-developer-net-core_mississauga_41285346?utm_campaign=google_jobs_apply&utm_source=google_jobs_apply&utm_medium=organic"
                }
            ]
        },
        {
            "jobType": ".net_developer",
            "title": ".Net Developer",
            "company": "BlazeSoft",
            "description": "Job Description\n\nJoin our dynamic and innovative gaming company that's passionate about creating immersive and cutting-edge gaming experiences. We pride ourselves on a culture of creativity, collaboration, and a commitment to pushing the boundaries of gaming. If you're a highly motivated and skilled specialist passionate about the gaming industry, we want you to join our team. This is a full-time IN OFFICE position.\n\nWe are currently seeking a talented back-end developer to join our team and play a key role in designing and implementing user-facing features for our web applications.\n\nMain Responsibilities:\n\nDevelop and maintain web applications using C# (.Net)\n\nWrite clean, efficient, and maintainable code\n\nEngage in functional programming practices to improve application performance and scalability\n\nCollaborate with frontend developers to integrate RESTful APIs\n\nParticipate in project management activities, ensuring timely delivery of tasks\n\nConduct unit testing and end-to-end testing to ensure code quality and application stability\n\nContinuously learn and apply new technologies and best practices\n\nRequirements\n\nRequirements\n\nMinimum 5 years hands on experience with C#/.Net Core\n\nMongoDB/NoSQL: 3 years (preferred)\n\nDocker: 2 years (preferred)\n\nKubernetes: 2 years (preferred)\n\nCI/CD: 2 years (preferred)\n\nBachelor\u2019s degree or College Diploma in Computer Science, Software Engineering, or a related field, or equivalent practical experience\n\nOpen mindset for learning and continuous improvement\n\nStrong problem-solving skills and excellent written and verbal communication abilities\n\nBenefits\n\nWhy Join Us?\n\nExciting projects using cutting-edge technologies\n\nCollaborative and supportive work environment\n\nCompetitive salary and bonuses\n\nOpportunities for career development, growth and advancement\n\nFantastic company events\n\nBenefits including extended healthcare, dental care, vision care, and disability insurance\n\nOn-site leisure facilities\n\nOn-site parking\n\nEasy access to public transport (YRT)\n\nDepartment Name\n\nProduction\n\nDate Opened\n\n10/28/2024\n\nIndustry\n\nTechnology\n\nJob Type\n\nFull time\n\nRequired Skills\n\nmongodb\n\nk8s\n\n+9\n\nWork Experience\n\n5+ years\n\nCity\n\nVaughan\n\nState/Province\n\nOntario\n\nCountry\n\nCanada\n\nZip/Postal Code\n\nL4K",
            "location": "Vaughan, ON, Canada",
            "employmentType": "",
            "datePosted": "",
            "salaryRange": "",
            "jobProviders": [
                {
                    "name": "Indeed",
                    "url": "https://ca.indeed.com/viewjob?jk=a1490f63c6b6db93&utm_campaign=google_jobs_apply&utm_source=google_jobs_apply&utm_medium=organic"
                },
                {
                    "name": "Glassdoor",
                    "url": "https://www.glassdoor.ca/job-listing/net-developer-blazesoft-JV_IC4035196_KO0,13_KE14,23.htm?jl=1009459253273&utm_campaign=google_jobs_apply&utm_source=google_jobs_apply&utm_medium=organic"
                },
                {
                    "name": "LinkedIn",
                    "url": "https://ca.linkedin.com/jobs/view/net-developer-at-blazesoft-4034711600?utm_campaign=google_jobs_apply&utm_source=google_jobs_apply&utm_medium=organic"
                },
                {
                    "name": "SimplyHired",
                    "url": "https://www.simplyhired.ca/job/0ewu-XBCEI1LDcA4-2vQvqQFO4Jd3d1N8-fNgUkvB-tYeYq5FHSwGQ?utm_campaign=google_jobs_apply&utm_source=google_jobs_apply&utm_medium=organic"
                },
                {
                    "name": "Ladders",
                    "url": "https://www.theladders.com/job/dot-net-developer-blazesoft-vaughan-on_77005486?utm_campaign=google_jobs_apply&utm_source=google_jobs_apply&utm_medium=organic"
                },
                {
                    "name": "Jobs Trabajo.org",
                    "url": "https://ca.trabajo.org/job-850-cea899222ceb9d1585765e8228fb01cf?utm_campaign=google_jobs_apply&utm_source=google_jobs_apply&utm_medium=organic"
                },
                {
                    "name": "WhatJobs",
                    "url": "https://en-ca.whatjobs.com/job/Net-Developer/vaughan-ontario/81457602?utm_campaign=google_jobs_apply&utm_source=google_jobs_apply&utm_medium=organic"
                }
            ]
        }
    ]
}