{
    "jobs": [
        {
            "jobType": "application_developer",
            "title": "AI Application Developer \u2013 HYBRID (1684)",
            "company": "Direct IT Recruiting Inc., WBE Canada Certified",
            "description": "NOTE: HYBRID work model, 1 day/week in Toronto office\n\nSKILLS: AI Developer, LLM, LLAMA, Python, PyCharm, Vue.js, React, Azure API, CI/CD, Kubernetes, RAG\n\nTYPE: 6-Month Contract, 7.5 hours/day, 37.5 hours/week\n\nINDUSTRY: Banking\n\nDESCRIPTION:\n\u2022 Proficient in Python and frameworks (Django, Flask, langchain, llama index, FastAPI)\n\u2022 Skilled in Python environments (PyCharm, Jupyter, Visual Studio Code)\n\u2022 Deploy Python applications on Azure (Azure App Services, Azure Functions)\n\u2022 Experience with Azure OpenAI Service\n\u2022 Experience with working with open source LLMs such as LLAMA and Mixtral\n\u2022 Experience building Gen AI applications.\n\u2022 Develop and integrate RESTful APIs, focusing on Azure API management\n\u2022 Deploy and manage Python apps on Azure, optimize cloud services\n\u2022 Experience with CI/CD pipelines (Azure DevOps, Jenkins, CircleCI, GitLab Actions)\n\u2022 Knowledge of containerization/orchestration (Docker, Kubernetes) in Azure\n\u2022 Experience with RAG\n\u2022 Experience working on Retrieval Augmented Generation framework\n\u2022 Expertise in writing and tune prompts for LLMs\n\u2022 Experience with indexing/chunking strategies for RAG applications\n\u2022 Work with search solutions (Azure AI search)\n\u2022 Advanced proficiency with Git\n\nTo Apply: https://directitrecruiting.com/job/ai-application-developer-hybrid-1684/",
            "location": "Toronto, ON, Canada",
            "employmentType": "",
            "datePosted": "2 days ago",
            "salaryRange": "",
            "jobProviders": [
                {
                    "name": "LinkedIn",
                    "url": "https://ca.linkedin.com/jobs/view/ai-application-developer-%E2%80%93-hybrid-1684-at-direct-it-recruiting-inc-wbe-canada-certified-4075843556?utm_campaign=google_jobs_apply&utm_source=google_jobs_apply&utm_medium=organic"
                },
                {
                    "name": "Indeed",
                    "url": "https://emplois.ca.indeed.com/viewjob?jk=42b7cce4ef6b3d00&utm_campaign=google_jobs_apply&utm_source=google_jobs_apply&utm_medium=organic"
                },
                {
                    "name": "Jobrapido.com",
                    "url": "https://ca.jobrapido.com/jobpreview/74182221?utm_campaign=google_jobs_apply&utm_source=google_jobs_apply&utm_medium=organic"
                }
            ]
        },
        {
            "jobType": "application_developer",
            "title": "Application Developer Microsoft Power Platform",
            "company": "Artech L.L.C.",
            "description": "We are currently seeking a \"Application Developer Microsoft Power Platform\" for a contract role with one of our clients in Toronto, ON. Please apply you would be interested and available for it.\n\nDuration: 12 Months\n\nRequired Skills\n\nServiceNow (workflow)\n\nPower Platform (Power BI, Power Automate, Power Apps)\n\nRegards,\n\nShraddha Ikhe\n\nCell: 289.633.4031\n\nEmail: Shraddha.Ikhe@artech.com",
            "location": "Toronto, ON, Canada",
            "employmentType": "",
            "datePosted": "6 days ago",
            "salaryRange": "",
            "jobProviders": [
                {
                    "name": "LinkedIn",
                    "url": "https://ca.linkedin.com/jobs/view/application-developer-microsoft-power-platform-at-artech-l-l-c-4074381382?utm_campaign=google_jobs_apply&utm_source=google_jobs_apply&utm_medium=organic"
                },
                {
                    "name": "Monster.ca",
                    "url": "https://www.monster.ca/job-openings/application-developer-microsoft-power-platform-toronto-on--4116c56c-9d7c-4b11-b9ae-86eaee8f6a94?utm_campaign=google_jobs_apply&utm_source=google_jobs_apply&utm_medium=organic"
                }
            ]
        },
        {
            "jobType": "application_developer",
            "title": "Application Software Developer Lead - (Java / JSON/ AWS / IBM Websphere/ Payments)",
            "company": "Bank of Montreal",
            "description": "Application Deadline:\n\n12/29/2024\n\nAddress:\n33 Dundas Street West\n\nJob Family Group:\n\nTechnology\n\nDrives the overall software development lifecycle including working across functional teams to transform requirements into features, managing development teams and processes, and conducting software testing and maintenance. Specific project areas of focus includes translating user requirements into technical specifications, writing code and managing the preparation of design specifications. Supports system design, provides advice on security requirements and debugs business systems and service applications. Applies deep knowledge of algorithms, data structures and programming languages to develop high quality technology applications and services - including tools, standards, and relevant software platforms based on business requirements.\n\u2022 Translates user needs into technical specifications by understanding, conceptualizing, and facilitating technical requirements from user.\u200b\n\u2022 Analyzes, develops, tests, and implements new software programs, and documentation of entire software development life cycle execution.\n\u2022 Performs preventative and corrective maintenance, troubleshooting and fault rectification of system and core software components\u200b.\n\u2022 Ensures that code/configurations adhere to the security, logging, error handling, and performance standards and non-functional requirements.\u200b\n\u2022 Evaluates new technologies for fit with the program/system/eco-system and the associated upstream and downstream impacts on process, data, and risk.\n\u2022 Follows release management processes and standards, and applies version controls. \u200b\n\u2022 Assists in interpreting and documentation of client requirements.\u200b\n\u2022 Focus is primarily on business/group within BMO; may have broader, enterprise-wide focus.\n\u2022 Provides specialized consulting, analytical and technical support.\n\u2022 Exercises judgment to identify, diagnose, and solve problems within given rules.\n\u2022 Works independently and regularly handles non-routine situations.\n\u2022 Broader work or accountabilities may be assigned as needed.\n\nQualifications:\n\nFoundational level of proficiency:\n\u2022 Creative thinking.\n\u2022 Building and managing relationships.\n\u2022 Emotional agility.\n\nIntermediate level of proficiency:\n\u2022 Cloud computing\n\u2022 Microservices.\n\u2022 Technology Business Requirements Definition, Analysis and Mapping.\n\u2022 Adaptability.\n\u2022 Verbal & written communication skills.\n\u2022 Analytical and problem-solving skills.\n\nAdvanced level of proficiency:\n\u2022 Programming\n\u2022 Applications Integration.\n\u2022 System Development Lifecycle.\n\u2022 System and Technology Integration.\n\u2022 Typically between 5 - 10 years of relevant experience and post-secondary degree in related field of study or an equivalent combination of education and experience.\n\nTechnology Required:\n\u2022 Java\n\u2022 Python\n\u2022 NodeJS\n\u2022 Ansible\n\u2022 Apache Kafka/Spark/Hadoop/HDFS\n\u2022 NoSQL Databases\n\u2022 Linux/Unix/Windows\n\u2022 Oracle\n\u2022 IBM WebSphere/HIS\n\u2022 Microservices\n\u2022 Cloud Computing (AWS)\n\u2022 AWS Lambda/SNS/SQS/DynamoDB/Redshift/CDK\n\u2022 Event Driven Architecture\n\u2022 Test Driven Development\n\u2022 Agile/Scrum \u202f\n\u2022 SDLC\n\u2022 JSON and XML data notations\n\u2022 Knowledge of ISO 20022 standard\n\u2022 ServiceNow\n\nSalary:\n\n$74,800.00 - $138,600.00\n\nPay Type:\n\nSalaried\n\nThe above represents BMO Financial Group\u2019s pay range and type.\n\nSalaries will vary based on factors such as location, skills, experience, education, and qualifications for the role, and may include a commission structure. Salaries for part-time roles will be pro-rated based on number of hours regularly worked. For commission roles, the salary listed above represents BMO Financial Group\u2019s expected target for the first year in this position.\n\nBMO Financial Group\u2019s total compensation package will vary based on the pay type of the position and may include performance-based incentives, discretionary bonuses, as well as other perks and rewards. BMO also offers health insurance, tuition reimbursement, accident and life insurance, and retirement savings plans. To view more details of our benefits, please visit: https://jobs.bmo.com/global/en/Total-Rewards\n\nWe\u2019re here to help\n\nAt BMO we are driven by a shared Purpose: Boldly Grow the Good in business and life. It calls on us to create lasting, positive change for our customers, our communities and our people. By working together, innovating and pushing boundaries, we transform lives and businesses, and power economic growth around the world.\n\nAs a member of the BMO team you are valued, respected and heard, and you have more ways to grow and make an impact. We strive to help you make an impact from day one \u2013 for yourself and our customers. We\u2019ll support you with the tools and resources you need to reach new milestones, as you help our customers reach theirs. From in-depth training and coaching, to manager support and network-building opportunities, we\u2019ll help you gain valuable experience, and broaden your skillset.\n\nTo find out more visit us at https://jobs.bmo.com/ca/en.\n\nBMO is committed to an inclusive, equitable and accessible workplace. By learning from each other\u2019s differences, we gain strength through our people and our perspectives. Accommodations are available on request for candidates taking part in all aspects of the selection process. To request accommodation, please contact your recruiter.\n\nNote to Recruiters: BMO does not accept unsolicited resumes from any source other than directly from a candidate. Any unsolicited resumes sent to BMO, directly or indirectly, will be considered BMO property. BMO will not pay a fee for any placement resulting from the receipt of an unsolicited resume. A recruiting agency must first have a valid, written and fully executed agency agreement contract for service to submit resumes.",
            "location": "Toronto, ON, Canada",
            "employmentType": "",
            "datePosted": "4 days ago",
            "salaryRange": "",
            "jobProviders": [
                {
                    "name": "BMO Careers",
                    "url": "https://jobs.bmo.com/ca/en/job/R240025257/Application-Software-Developer-Lead-Java-JSON-AWS-IBM-Websphere-Payments?utm_campaign=google_jobs_apply&utm_source=google_jobs_apply&utm_medium=organic"
                },
                {
                    "name": "Indeed",
                    "url": "https://ca.indeed.com/viewjob?jk=883685191de52e8e&utm_campaign=google_jobs_apply&utm_source=google_jobs_apply&utm_medium=organic"
                },
                {
                    "name": "Glassdoor",
                    "url": "https://www.glassdoor.ca/job-listing/application-software-developer-lead-java-aws-payments-bmo-financial-group-JV_IC2281069_KO0,53_KE54,73.htm?jl=1009521131745&utm_campaign=google_jobs_apply&utm_source=google_jobs_apply&utm_medium=organic"
                },
                {
                    "name": "SimplyHired",
                    "url": "https://www.simplyhired.ca/job/KaW7IpzeswNh8FPe5cxT51ISd6OiRcnOD8Qhea80-xVyCS6SlxtkGA?utm_campaign=google_jobs_apply&utm_source=google_jobs_apply&utm_medium=organic"
                },
                {
                    "name": "EMs Recruitment Fair",
                    "url": "https://msen.vfairs.com/vfair/fr/jb/detail?job_id=599925&is_partial=false&utm_campaign=google_jobs_apply&utm_source=google_jobs_apply&utm_medium=organic"
                },
                {
                    "name": "Eluta.ca",
                    "url": "https://www.eluta.ca/spl/application-software-developer-lead-java-aws-payments-0d5ab80fb0cd3cded11c4c80efc6497a?utm_campaign=google_jobs_apply&utm_source=google_jobs_apply&utm_medium=organic"
                },
                {
                    "name": "Itjobs.ca",
                    "url": "https://www.itjobs.ca/en/offer/on/toronto/application-software-developer-lead-java-json-aws-ibm-websphere-payments/e6c0cff1-04cc-4c27-8661-833dbd517974_en/?utm_campaign=google_jobs_apply&utm_source=google_jobs_apply&utm_medium=organic"
                },
                {
                    "name": "LinkedIn",
                    "url": "https://ca.linkedin.com/jobs/view/application-software-developer-lead-java-json-aws-ibm-websphere-payments-at-bmo-4072296686?utm_campaign=google_jobs_apply&utm_source=google_jobs_apply&utm_medium=organic"
                }
            ]
        },
        {
            "jobType": "application_developer",
            "title": "Software Developer 2",
            "company": "Intuit",
            "description": "Join the TurboTax technology team as a Software Developer 2 to work with millions of users and create a world-class digital product. As a leader in the industry, we are dedicated to innovation, growth, and personal development.We are hiring across multiple teams as Toronto is a growth site and we are growing across multiple product teams including: Virtual Expert Platform Team, DataX Team, AI-First Tax Experiences Team, and TurboTax Product Development Team which all require technical expertise, leadership, and a focus on quality product development. As part of these teams, you will work with exciting colleagues and utilize your proficiency in React, JavaScript, Java/Kotlin, and Python in Full-Stack/Front-End/Back-End web application development. As well as hands-on engineering experience, and AI knowledge, to create and maintain large features and capabilities to build an unrivaled TurboTax experience.Our culture is centered on continuous growth, student-teacher relationships, and learning from the people, processes, and technology around us to create amazing digital experiences for our diverse customer base. Join our team and contribute to our mission of creating a seamless and efficient tax filing experience for millions of users.\nResponsibilities\n\u2022 Contribute to the design and development of scalable, highly-available production systems and applications\n\u2022 Roughly 80-90% hands-on technical work, delivering high-quality code, resolving bugs/defects, and delivering optimizations\n\u2022 Follow and contribute to the high engineering and operational standards within the team\n\u2022 Guide and help junior engineers with technical problems\n\u2022 Partner effectively within their scrum team to identify pain points, brainstorm, and deliver solutions to customers",
            "location": "Toronto, ON, Canada",
            "employmentType": "",
            "datePosted": "",
            "salaryRange": "",
            "jobProviders": [
                {
                    "name": "Intuit Careers",
                    "url": "https://jobs.intuit.com/job/toronto/software-developer-2/27595/68685183008?utm_campaign=google_jobs_apply&utm_source=google_jobs_apply&utm_medium=organic"
                },
                {
                    "name": "ZipRecruiter",
                    "url": "https://www.ziprecruiter.com/c/Intuit/Job/Software-Developer-2/-in-Toronto,ON?jid=f9738037e2ff9d4d&utm_campaign=google_jobs_apply&utm_source=google_jobs_apply&utm_medium=organic"
                },
                {
                    "name": "Indeed",
                    "url": "https://ca.indeed.com/viewjob?jk=41290650bca053b7&utm_campaign=google_jobs_apply&utm_source=google_jobs_apply&utm_medium=organic"
                },
                {
                    "name": "LinkedIn",
                    "url": "https://ca.linkedin.com/jobs/view/software-developer-2-at-intuit-4040494325?utm_campaign=google_jobs_apply&utm_source=google_jobs_apply&utm_medium=organic"
                },
                {
                    "name": "Glassdoor",
                    "url": "https://www.glassdoor.ca/job-listing/software-developer-2-intuit-JV_IC2281069_KO0,20_KE21,27.htm?jl=1009425140891&utm_campaign=google_jobs_apply&utm_source=google_jobs_apply&utm_medium=organic"
                },
                {
                    "name": "SimplyHired",
                    "url": "https://www.simplyhired.ca/job/ezkg2bD6xTtVdVN0WSTzHrxVb1ev0Kg3czxDYg-wKAWfac5kOlHuqA?utm_campaign=google_jobs_apply&utm_source=google_jobs_apply&utm_medium=organic"
                },
                {
                    "name": "Ladders",
                    "url": "https://www.theladders.com/job/software-developer-2-intuit-toronto-on_75832857?utm_campaign=google_jobs_apply&utm_source=google_jobs_apply&utm_medium=organic"
                },
                {
                    "name": "Taro",
                    "url": "https://www.jointaro.com/jobs/intuit/software-developer-2/?utm_campaign=google_jobs_apply&utm_source=google_jobs_apply&utm_medium=organic"
                }
            ]
        },
        {
            "jobType": "application_developer",
            "title": "Application Developer II / Senior Software Engineer",
            "company": "Randstad",
            "description": "We are seeking a Senior Software Engineer to join our team on an exciting server-driven UI project. This position will focus on backend development with technologies including Java, SpringBoot, and AWS. The project involves building a brand new system, and the ideal candidate will have strong backend expertise and a willingness to take ownership of development tasks.\n\nSkills: 6-8 years of application development experience in Java, SpringBoot, AWS.\nThe preferred candidate should have experience in the financial industry. Mobile (Android &/or iOS) experience is a nice to have\nOur client values diverse perspectives and seeks team members who are curious, eager to learn, and passionate about development.\n\nLocation: Hybrid\n\nAdvantages\nThis role offers the flexibility of a hybrid work environment.\nYou will collaborate with both front-end and back-end developers on the team, primarily working on backend components but having mobile (iOS and Android) experience is a significant plus. This role involves creating documentation for new processes, running tests with Jenkins, and delivering quality code for deployment in a cloud environment.\n\nThere is a high possibility of extension or transition to a permanent role for the right candidate.\n\nResponsibilities\nKey Responsibilities:\n\nLead application development using Java and SpringBoot technologies.\nDevelop and deploy services on AWS, ensuring robust security and data protection.\nWrite and maintain Jenkins pipeline scripts for CI/CD processes.\nCollaborate with Agile teams to design, develop, test, and support backend solutions.\nCreate and maintain technical documentation for newly built systems.\nInteract with other service teams within the organization to deliver integrated solutions.\n\nQualifications\nBasic Qualifications:\n\nBachelor\u2019s Degree or Diploma in Computer Science or related field.\n3+ years of experience in Application Development using Java.\n3+ years of experience working with AWS services.\nExperience with GitHub for version control.\nStrong communication skills and the ability to work effectively in a team.\nPreferred Qualifications:\n\n5+ years of experience in Java Application Development.\nAt least 1 year of experience with Jenkins and CI/CD pipelines.\nExperience working with SQL or No-SQL databases (Hibernate knowledge is a plus).\nExperience using monitoring tools like Splunk and New Relic.\nExperience in mobile development (iOS and/or Android) is a significant advantage.\n\nSummary\n\nThis is an excellent opportunity for a highly motivated software engineer with strong backend development skills and experience in cloud environments. If you thrive in a collaborative, agile work environment and have the right skills, we\u2019d love to hear from you!\n\nApply now!\n\nRandstad Canada is committed to fostering a workforce reflective of all peoples of Canada. As a result, we are committed to developing and implementing strategies to increase the equity, diversity and inclusion within the workplace by examining our internal policies, practices, and systems throughout the entire lifecycle of our workforce, including its recruitment, retention and advancement for all employees. In addition to our deep commitment to respecting human rights, we are dedicated to positive actions to affect change to ensure everyone has full participation in the workforce free from any barriers, systemic or otherwise, especially equity-seeking groups who are usually underrepresented in Canada's workforce, including those who identify as women or non-binary/gender non-conforming; Indigenous or Aboriginal Peoples; persons with disabilities (visible or invisible) and; members of visible minorities, racialized groups and the LGBTQ2+ community.\n\nRandstad Canada is committed to creating and maintaining an inclusive and accessible workplace for all its candidates and employees by supporting their accessibility and accommodation needs throughout the employment lifecycle. We ask that all job applications please identify any accommodation requirements by sending an email to accessibility@randstad.ca to ensure their ability to fully participate in the interview process.",
            "location": "Toronto, ON, Canada",
            "employmentType": "",
            "datePosted": "26 days ago",
            "salaryRange": "",
            "jobProviders": [
                {
                    "name": "Randstad",
                    "url": "https://www.randstad.com/jobs/application-developer-ii-senior-software-engineer_toronto_44324738/?utm_campaign=google_jobs_apply&utm_source=google_jobs_apply&utm_medium=organic"
                },
                {
                    "name": "Jobs Canada",
                    "url": "https://jobs.empregossaopaulo.com/job/application-developer-ii-senior-software-engineer/?utm_campaign=google_jobs_apply&utm_source=google_jobs_apply&utm_medium=organic"
                }
            ]
        },
        {
            "jobType": "application_developer",
            "title": "Applications Development Tech Lead",
            "company": "Citi",
            "description": "The Applications Development Technology Lead Analyst is a senior level position responsible for establishing and implementing new or revised application systems and programs in coordination with the Technology team. The overall objective of this role is to lead applications systems analysis and programming activities.\n\nResponsibilities:\n\u2022 Partner with multiple management teams to ensure appropriate integration of functions to meet goals as well as identify and define necessary system enhancements to deploy new products and process improvements\n\u2022 Resolve variety of high impact problems/projects through in-depth evaluation of complex business processes, system processes, and industry standards\n\u2022 Provide expertise in area and advanced knowledge of applications programming and ensure application design adheres to the overall architecture blueprint\n\u2022 Utilize advanced knowledge of system flow and develop standards for coding, testing, debugging, and implementation\n\u2022 Develop comprehensive knowledge of how areas of business, such as architecture and infrastructure, integrate to accomplish business goals\n\u2022 Provide in-depth analysis with interpretive thinking to define issues and develop innovative solutions\n\u2022 Serve as advisor or coach to mid-level developers and analysts, allocating work as necessary\n\u2022 Appropriately assess risk when business decisions are made, demonstrating particular consideration for the firm's reputation and safeguarding Citigroup, its clients and assets, by driving compliance with applicable laws, rules and regulations, adhering to Policy, applying sound ethical judgment regarding personal behavior, conduct and business practices, and escalating, managing and reporting control issues with transparency.\n\nQualifications:\n\u2022 6-10 years of relevant experience in Apps Development or systems analysis role\n\u2022 Extensive experience system analysis and in programming of software applications\n\u2022 Experience in managing and implementing successful projects\n\u2022 Subject Matter Expert (SME) in at least one area of Applications Development\n\u2022 Ability to adjust priorities quickly as circumstances dictate\n\u2022 Demonstrated leadership and project management skills\n\u2022 Consistently demonstrates clear and concise written and verbal communication\n\nEducation:\n\u2022 Bachelor\u2019s degree/University degree or equivalent experience\n\u2022 Master\u2019s degree preferred\n\nThis job description provides a high-level review of the types of work performed. Other job-related duties may be assigned as required.\n\nRequired Skills (Essential)\n\u00b7 Programming skills \u2013 including concurrent, parallel and distributed systems programming\n\u00b7 Expert level knowledge of Java\n\u00b7 Expert level experience with HTTP, Restful web services and API design\n\u00b7 Messaging technologies (Kafka)\n\u00b7 Experience with Apache Ignite (Highly beneficial)\n\u00b7 Experience with Reactive Streams\n\nDesirable Skills:\n\u00b7 A good working knowledge of a scripting language such as Groovy, Python, JavaScript, etc.\n\u00b7 Messaging technologies\n\u00b7 Grid and Cloud computing\n\u00b7 Familiarity with databases particularly NoSQL e.g. MongoDB, Couchbase, etc.\n\u00b7 Experience with Kubernetes\n\u00b7 Good understanding of the Linux OS\n\u00b7 Experience with Gradle, Kotlin would be beneficial\n\nData Science , AI and model building and deployment experience\n\n------------------------------------------------------\n\nJob Family Group:\nTechnology\n\n------------------------------------------------------\n\nJob Family:\nApplications Development\n\n------------------------------------------------------\n\nTime Type:\nFull time\n\n------------------------------------------------------\n\nCiti is an equal opportunity and affirmative action employer.\n\nQualified applicants will receive consideration without regard to their race, color, religion, sex, sexual orientation, gender identity, national origin, disability, or status as a protected veteran.\n\nCitigroup Inc. and its subsidiaries (\"Citi\u201d) invite all qualified interested applicants to apply for career opportunities. If you are a person with a disability and need a reasonable accommodation to use our search tools and/or apply for a career opportunity review Accessibility at Citi.\n\nView the \"EEO is the Law\" poster. View the EEO is the Law Supplement.\n\nView the EEO Policy Statement.\n\nView the Pay Transparency Posting",
            "location": "Toronto, ON, Canada",
            "employmentType": "",
            "datePosted": "",
            "salaryRange": "",
            "jobProviders": [
                {
                    "name": "Citi Careers",
                    "url": "https://jobs.citi.com/job/toronto/applications-development-tech-lead/287/69361576000?utm_campaign=google_jobs_apply&utm_source=google_jobs_apply&utm_medium=organic"
                },
                {
                    "name": "Glassdoor",
                    "url": "https://www.glassdoor.ca/job-listing/applications-development-tech-lead-citi-JV_IC2281069_KO0,34_KE35,39.htm?jl=1009427290647&utm_campaign=google_jobs_apply&utm_source=google_jobs_apply&utm_medium=organic"
                },
                {
                    "name": "LinkedIn",
                    "url": "https://ca.linkedin.com/jobs/view/applications-development-tech-lead-at-citi-4012321643?utm_campaign=google_jobs_apply&utm_source=google_jobs_apply&utm_medium=organic"
                },
                {
                    "name": "Ladders",
                    "url": "https://www.theladders.com/job/applications-development-tech-lead-citigroupinc-toronto-on_75979504?utm_campaign=google_jobs_apply&utm_source=google_jobs_apply&utm_medium=organic"
                },
                {
                    "name": "SimplyHired",
                    "url": "https://www.simplyhired.ca/job/Ge57ku3dhpyOC-40HS-oJFIwdqkLGCOXxRBoXV6-fYaE1LEHzI2Mmw?utm_campaign=google_jobs_apply&utm_source=google_jobs_apply&utm_medium=organic"
                },
                {
                    "name": "Jooble",
                    "url": "https://ca.jooble.org/jdp/-7765659818079856145?utm_campaign=google_jobs_apply&utm_source=google_jobs_apply&utm_medium=organic"
                },
                {
                    "name": "Notify.careers",
                    "url": "https://notify.careers/postings/084118c3-5f4c-4403-8380-931de4dcad00?utm_campaign=google_jobs_apply&utm_source=google_jobs_apply&utm_medium=organic"
                },
                {
                    "name": "Jobrapido.com",
                    "url": "https://ca.jobrapido.com/jobpreview/7293981957652742144?utm_campaign=google_jobs_apply&utm_source=google_jobs_apply&utm_medium=organic"
                }
            ]
        },
        {
            "jobType": "application_developer",
            "title": "Application Developer",
            "company": "Stantec",
            "description": "Application Developer - ( 240000DO )\n\nDescription\n\nGrow with the best. Join a smart, creative, and inspired team that works to support operational excellence. The Stantec community unites more than 28,000 employees working in over 400 locations across 6 continents. Our Functional Services Teams (FSTs) include Corporate Development, Finance, HR, HSSE, IT, Legal, Marketing/Communications, Practice Services and Real Estate and Procurement. Bringing together individuals with diverse backgrounds, talents, and expertise, our FSTs are vital to making our Company stronger.\n\nYour Opportunity\n\nWe are looking for an Application Developer to join our team! As an Oracle EBS/Oracle Cloud Developer you will assist in the design and development of software solutions to address gaps in core Oracle e-Business Suite capabilities. This could include possible use of tools and utilities such as PL/SQL, UNIX, Java/OAF, APEX, Oracle Workflow etc and cloud platforms/tools like OIC (Oracle Integration Cloud), Oracle HDL (HCM Data Loader), FBDI (File Based Data Import).\n\nYour Key Responsibilities\n\u2022 Assist in the analysis of software specifications provided by Business Systems Analyst and translate them into technical solutions.\n\u2022 Help troubleshoot and resolve defects to application problems.\n\u2022 Provide consultation on the capabilities of application technology to identify opportunities to solve business problems.\n\u2022 Assist in the design and development of software solutions as per specifications.\n\u2022 Develop and execute unit test plans to ensure quality of software being released for integration and user testing.\n\u2022 Help develop a technical transition plan ensuring a smooth transition of solutions to production.\n\u2022 Learn and adopt design and coding standards.\n\u2022 Keep client, peers and managers informed on the status of issues.\n\u2022 Prepare time and effort estimates for assigned projects and tasks.\n\u2022 Given the tasks and scope of a project, successfully complete and document the project within the specified time frame.\n\u2022 Plan, document, assign and implement production transition tasks to ensure a smooth deployment into our production environment.\n\u2022 Interact with end user, peers, help desk, and management personnel to resolve issues.\n\u2022 Exigences externes\n\nQualifications\n\nYour Capabilities and Credentials\n\u2022 Oracle EBS technical experience in integration/development with Oracle SaaS applications i.e. HCM & Procurement will be preferable. Experience working with complex enterprise applications, preferably in an ERP environment such as Oracle e-Business Suite 12.1/12.2 or Peoplesoft.\n\u2022 Strong oral and written communication skills in English and the ability to translate technical information.\n\u2022 Experience in all aspects of software development lifecycle following best practice methodologies, preferably Rational Unified Process.\n\u2022 Experience working with one or more of the following application technologies, tools and frameworks: APEX, OAF, Oracle Workflow, JDeveloper, OIC (Oracle Integration Cloud), Oracle HDL (HCM Data Loader), FBDI, BPEL, SOA, and Web Services.\n\u2022 Knowledge of JavaScript and CSS is a plus.\n\u2022 Time management skills and the ability to multitask.\n\u2022 Strong customer service skills and the ability to work in a deadline driven environment.\n\nEducation And Experience\n\u2022 Post-secondary degree/diploma in a related field, or equivalent experience.\n\u2022 Minimum 5-7 years of software development experience developing solutions using Java, SQL, and PL/SQL.\n\nTypical office environment working with computers and remaining sedentary for long periods of time. Field work may include exposure to the elements including inclement weather.\n\nThis description is not a comprehensive listing of activities, duties or responsibilities that may be required of the employee and other duties, responsibilities and activities may be assigned or may be changed at any time with or without notice.\n\nStantec is a place where the best and brightest come to build on each other\u2019s talents, do exciting work, and make an impact on the world around us. Join us and redefine your personal best. #INDCorpFST\n\nPay transparency laws require employers to provide the following information for positions that may be in the following jurisdiction(s):\n\nSalary Range(s)\n\u2022 Lower Mainland $88,300 - Lower Mainland $128,000 Min/Max Pay Range for postings located in BC (Lower Mainland includes Vancouver & Burnaby)\n\nThe final agreed upon compensation is based on individual education, qualifications, experience, and work location. At Stantec certain roles are bonus eligible.\n\nBenefits Summary: Regular full-time and part-time employees will have access to health, dental, and vision plans, a well-being program, health care spending account, wellness spending accounts, group registered retirement savings plan, employee stock purchase program, group tax-free savings account, life and accidental death & dismemberment (AD&D) insurance, short-term/long-term disability plans, emergency travel benefits, tuition reimbursement, professional membership fee coverage, and paid time off.\n\nTemporary/casual employees will have access to group registered retirement savings plan, employee stock purchase program, and group tax-free savings account.\n\nThe benefits information listed above may not apply to union positions because benefits for such positions are governed by applicable collective bargaining agreements.\n\nPrimary Location : Canada-Alberta-Edmonton\n\nOther Locations : Canada-British Columbia-Vancouver, Canada-Alberta-Calgary\n\nOrganization : BC-1371 Integrated Business Applications-CA Canada\n\nEmployee Status : Regular\n\nJob Level : Individual Contributor\n\nTravel : No\n\nSchedule : Full-time\n\nJob Posting : Oct 25, 2024, 8:36:44 AM\n\nReq ID: 240000DO\n\n#additional\n\nStantec provides equal employment opportunities to all qualified employees and applicants for future and current employment and prohibit discrimination on the grounds of race, color, religion, sex, national origin, age, marital status, genetic information, disability, protected veteran status, sexual orientation, gender identity or gender expression. We prohibit discrimination in decisions concerning recruitment, hiring, referral, promotion, compensation, fringe benefits, job training, terminations or any other condition of employment. Stantec is in compliance with local, state and federal laws and regulations and ensures equitable opportunities in all aspects of employment. EEO including Disability/Protected Veterans",
            "location": "Vancouver, BC, Canada",
            "employmentType": "",
            "datePosted": "",
            "salaryRange": "",
            "jobProviders": [
                {
                    "name": "LinkedIn",
                    "url": "https://ca.linkedin.com/jobs/view/application-developer-at-stantec-4033103270?utm_campaign=google_jobs_apply&utm_source=google_jobs_apply&utm_medium=organic"
                },
                {
                    "name": "BeBee Canada Meet Opportunities",
                    "url": "https://ca.bebee.com/job/0b5c285d9cebf82effef9320c16bb5d9?utm_campaign=google_jobs_apply&utm_source=google_jobs_apply&utm_medium=organic"
                },
                {
                    "name": "Ladders",
                    "url": "https://www.theladders.com/job/application-developer-stantec-vancouver-bc_73993299?utm_campaign=google_jobs_apply&utm_source=google_jobs_apply&utm_medium=organic"
                },
                {
                    "name": "Learn4Good",
                    "url": "https://www.learn4good.com/jobs/vancouver/canada/software_development/3489298597/e/?utm_campaign=google_jobs_apply&utm_source=google_jobs_apply&utm_medium=organic"
                },
                {
                    "name": "Fullstack Jobs - OnSite And Remote Full Stack Jobs",
                    "url": "https://fullstackjob.com/job/2Jz5W8GHhIQUBOjcBQLf136ZxUF/Application%20Developer?utm_campaign=google_jobs_apply&utm_source=google_jobs_apply&utm_medium=organic"
                },
                {
                    "name": "Talent.com",
                    "url": "https://ca.talent.com/view?id=0890df496161&utm_campaign=google_jobs_apply&utm_source=google_jobs_apply&utm_medium=organic"
                },
                {
                    "name": "Companies",
                    "url": "https://careers.outforundergrad.org/companies/stantec/jobs/33625934-application-developer?utm_campaign=google_jobs_apply&utm_source=google_jobs_apply&utm_medium=organic"
                },
                {
                    "name": "Python Jobs",
                    "url": "https://pythonjob.xyz/job/2JzQXoOwo1pIqvSZ6TWDwwRD5P6?utm_campaign=google_jobs_apply&utm_source=google_jobs_apply&utm_medium=organic"
                }
            ]
        },
        {
            "jobType": "application_developer",
            "title": "Web Application Developer Canada",
            "company": "Backlight",
            "description": "At Backlight, we amplify human creativity by providing a video platform for the future. Bringing together 6 incredible products - Celtx, Iconik, ftrack, cineSync, Wildmoka and Zype - Backlight's products are used everywhere from Hollywood to Nollywood and everywhere in between. We welcome candidates based in the EST time zone within both the U.S. and Canada.\n\nWe are seeking a bright, passionate web application developer to help us build industry-leading solutions for the writing, planning, and management of film and television projects. We help hundreds of thousands of media and game creators around the world produce better content, faster. As a member of our development team, you will have access to technical training, tools, and experienced software engineers. You will be given the chance to work on core features of our Cloud based solutions.\n\nWhat you'll do:\n\u2022 Write frontend and backend code across multiple web app product lines\n\u2022 Maintain and grow a suite of automated tests\n\u2022 Work with a team of experienced developers to meet deliveries\n\u2022 Optimize and improve existing solutions\n\u2022 Work with non-technical staff to understand project requirements\n\u2022 Evaluate and scope technical projects\n\nSkills & knowledge you should possess:\n\u2022 Web-based languages: JavaScript, React, TypeScript, Node.js\n\u2022 Automated testing: Playwright, Selenium, Jest\n\u2022 HTML5, CSS3, Less, Sass\n\u2022 Familiarity with AWS and GCP\n\u2022 NoSQL Databases like DynamoDB\n\u2022 Container-based infrastructure, particularly Docker and Kubernetes\n\u2022 Familiarity with data solutions: BigQuery, Segment, Mixpanel",
            "location": "St. John's, NL, Canada",
            "employmentType": "",
            "datePosted": "",
            "salaryRange": "",
            "jobProviders": [
                {
                    "name": "ZipRecruiter",
                    "url": "https://www.ziprecruiter.com/c/Backlight/Job/Web-Application-Developer-Canada/-in-Saint-John's,NL?jid=6a93b8714f466659&utm_campaign=google_jobs_apply&utm_source=google_jobs_apply&utm_medium=organic"
                },
                {
                    "name": "Monster.ca",
                    "url": "https://www.monster.ca/job-openings/web-application-developer-canada-saint-john-s-nl--08553e93-de98-4979-a28d-c4a42ccc5a27?utm_campaign=google_jobs_apply&utm_source=google_jobs_apply&utm_medium=organic"
                },
                {
                    "name": "Career Beacon",
                    "url": "https://www.careerbeacon.com/fr/emplois-9/1615081/backlight/web-application-developer-canada?utm_campaign=google_jobs_apply&utm_source=google_jobs_apply&utm_medium=organic"
                },
                {
                    "name": "Jobs.com",
                    "url": "https://www.jobs.com/en-ca/jobs/web-application-developer-canada-saint-john-s-nl--08553e93-de98-4979-a28d-c4a42ccc5a27?utm_campaign=google_jobs_apply&utm_source=google_jobs_apply&utm_medium=organic"
                }
            ]
        },
        {
            "jobType": "application_developer",
            "title": "Web Application Developer",
            "company": "Celayix",
            "description": "Full time | Vancouver BC\n\nWe are looking for an experienced Web Application Developer to support our product development. Apply to join the Celayix team!\n\nCelayix Software is a leader in Workforce Management Solutions. We help businesses schedule and manage their employees while considering their sophisticated needs from service coverage, shift qualifications, state and union rules, seniority, overtime, and more. Simply put, we \u201cMake Scheduling Easy\u201d. As part of our rapid growth and market driven strategy, we are looking for an experienced Web Applications Developer to join our team in downtown Vancouver, BC or work remotely. This is a permanent full-time position reporting to the Director of Software Engineering. Ideal candidates will use their experience in front-end and back-end technologies to develop web applications for mobile, touch and browser platforms.\n\nJob Responsibilities:\n\u2022 Create responsive and functional web applications which interact with our cloud services\n\u2022 Collaborate with UX designers and team members to provide and support new features\n\u2022 Develop and maintain new and existing web applications and REST APIs\n\u2022 Plan, design, write, test, and debug application code\n\u2022 Deliver high-quality work within tight deadlines\n\u2022 Diagnose and solve problems quickly and effectively as they arise\n\nQualifications:\n\n3+ years of professional experience as a web application developer and/orusing these technologies:\n\u2022 Web application development using JavaScript frameworks like React, Vue, AngularJS, JQuery\n\u2022 AWS Serverless architectures: RDS PostgreSQL, DynamoDB, Lambda functions, FarGate, SNS, SQS\n\u2022 Web services and REST APIs\n\u2022 ETL, Data Warehousing, and white label reporting systems\n\u2022 Bitbucket, Git or similar code repositories\n\nIn addition:\n\u2022 Have excellent written and oral communications skills\n\u2022 Be intrinsically motivated and an eager learner with a strong desire for self-improvement\n\u2022 Be adaptable to changing business requirements\n\u2022 Have excellent interpersonal skills and a demonstrated ability to work in a positive and collaborative manner with diverse co-workers\n\u2022 Contribute to objective evaluations of new tools, processes, techniques and technologies to improve and accelerate our software delivery\n\nCelayix Software offers a team-oriented, innovative and fun environment. Celayix believes in work-life balance and offers flexible working conditions. Additional benefits include extended health care coverage, course/tuition reimbursement, fresh fruits every week, monthly team and company-wide activities.",
            "location": "Vancouver, BC, Canada",
            "employmentType": "",
            "datePosted": "26 days ago",
            "salaryRange": "",
            "jobProviders": [
                {
                    "name": "Glassdoor",
                    "url": "https://www.glassdoor.ca/job-listing/web-application-developer-celayix-software-JV_IC2278756_KO0,25_KE26,42.htm?jl=1007020799689&utm_campaign=google_jobs_apply&utm_source=google_jobs_apply&utm_medium=organic"
                },
                {
                    "name": "Jobs Trabajo.org",
                    "url": "https://ca.trabajo.org/job-3026-b07f53fab0d306c9d87112caf0d2ba8c?utm_campaign=google_jobs_apply&utm_source=google_jobs_apply&utm_medium=organic"
                }
            ]
        },
        {
            "jobType": "application_developer",
            "title": "Software Developer II",
            "company": "WARNERMEDIA",
            "description": "Welcome to Warner Bros. Discovery\u2026 the stuff dreams are made of.\n\nWho We Are\u2026\n\nWhen we say, \u201cthe stuff dreams are made of,\u201d we\u2019re not just referring to the world of wizards, dragons and superheroes, or even to the wonders of Planet Earth. Behind WBD\u2019s vast portfolio of iconic content and beloved brands, are the storytellers bringing our characters to life, the creators bringing them to your living rooms and the dreamers creating what\u2019s next\u2026\n\nFrom brilliant creatives, to technology trailblazers, across the globe, WBD offers career defining opportunities, thoughtfully curated benefits, and the tools to explore and grow into your best selves. Here you are supported, here you are celebrated, here you can thrive.\n\nJob Summary\n\nWarner Brothers Discovery\u2019s digital arm, Global Customer Experience organization is a high-performing global team working at the dynamic intersection of Technology and Entertainment. In supporting our content creators in the digital space, we continuously leverage our technological capabilities to create immersive viewing experiences for iconic brands including Max.\n\nWe are excited to be recruiting a Software Engineer II to join our Apple team.\n\nResponsibilities\n\nAs a Software Engineer II, you will work within a team of engineers to deliver new customer-facing features across our iOS and tvOS App. Ensuring these are delivered on time and meeting the high-quality standards we have within our teams. You will work closely with other engineers and your manager to plan future sprints for new features and bug fixes.\n\nTo be successful in this position, you should have a strong understanding of iOS and tvOS development as well as extensive test driven development experience. You have demonstrated the ability to use common industry tools for software development including but not limited to IDEs, build and continuous integration, source control management, code review tools, and you are able to build software in a professional team environment delivered to production using these tools. You can provide technical documentation describing your contributions and contribute enhancements to your team\u2019s best practices.\n\nRequirements\n\u2022 3+ years programming experience using Swift or other similar language.\n\u2022 Knowledge of or previous experience with VOD is a plus, including experience working with video playback on iOS/tvOS apps.\n\u2022 A bachelor\u2019s degree in Computer Science, Engineering or equivalent work experience.\n\u2022 Experience building dynamic customer-facing apps that use RESTful APIs to operate. Hands-on expertise in disparate technologies, typically ranging from front-end user interfaces through to back-end systems and all points in between.\n\u2022 Knowledge of large-scale application architecture, design, implementation, and performance tuning.\n\u2022 Knowledge of development best practices including coding guidelines.\n\u2022 Experience in modern DevOps/SRE practices such as CI/CD, performance monitoring & incident management.\n\u2022 Computer Science fundamentals in object-oriented design, algorithm design, problem solving, and complexity analysis.\n\u2022 Excellent communication skills, understanding of developers\u2019 needs and priorities.\n\u2022 Rotate follow the sun support with other team members to monitor and debug critical production issues.\n\u2022 You love to build scalable and resilient products.\n\u2022 Contribute to technical documentation.\n\u2022 Recommend technical developments and software to enhance/improve our app.\n\u2022 Desire to be involved in cross-platform projects on a large scale in 10+ countries.\n\u2022 Experience with key design and architectural patterns such as MVVM, MVP and SOLID principles.\n\u2022 Experience with Test Driven Development and associated frameworks.\n\nHow We Get Things Done\u2026\n\nThis last bit is probably the most important! Here at WBD, our guiding principles are the core values by which we operate and are central to how we get things done. You can find them at www.wbd.com/guiding-principles/ along with some insights from the team on what they mean and how they show up in their day to day. We hope they resonate with you and look forward to discussing them during your interview.\n\nChampioning Inclusion at WBD\nWarner Bros. Discovery embraces the opportunity to build a workforce that reflects the diversity of our society and the world around us. Being an equal opportunity employer means that we take seriously our responsibility to consider qualified candidates on the basis of merit, without regard to race, color, religion, national origin, gender, sexual orientation, gender identity or expression, age, mental or physical disability, and genetic information, marital status, citizenship status, military status, protected veteran status or any other category protected by law.\n\nIf you\u2019re a qualified candidate with a disability and you require adjustments or accommodations during the job application and/or recruitment process, please visit our accessibility page for instructions to submit your request.",
            "location": "Kanata, ON, Canada",
            "employmentType": "",
            "datePosted": "1 month ago",
            "salaryRange": "",
            "jobProviders": [
                {
                    "name": "WBD Careers - Warner Bros. Discovery",
                    "url": "https://careers.wbd.com/global/en/job/R000085797/Software-Developer-II?utm_campaign=google_jobs_apply&utm_source=google_jobs_apply&utm_medium=organic"
                }
            ]
        }
    ]
}