{
    "jobs": [
        {
            "jobType": "business_intelligence_developer",
            "title": "Business Intelligence Analyst/Developer",
            "company": "Acunor",
            "description": "Job title: Business Intelligence Analyst/Developer\n\nLocation: Toronto ON\n\nDuration: Full Time - Hybrid\n\nResponsibilities:\n\u2022 Expert knowledge of reporting and BI platforms, tools and techniques used within enterprise and within broader industry and ability to effectively leverage it to support broad range of reporting and BI functions\n\u2022 Gather, analyze, and interpret complex data from various sources to identify trends and insights\n\u2022 Create and maintain interactive dashboards and reports to present findings to stakeholders\n\u2022 Design, implement, and maintain databases to ensure data integrity and accessibility\n\u2022 Assist in integration of data across multiple platforms\n\u2022 Utilize data visualization techniques / tools across the organization to support multiple businesses\n\u2022 Coordinate with stakeholders across business functions to understand their needs and effectively deliver reporting and BI solutions\n\u2022 Undertakes and completes a variety of complex projects and initiatives requiring specialist knowledge and/or the integration of cross functional processes within own area of expertise\n\nQualifications:\n\u2022 1+ year of experience for Analyst roles and 3+ years of experience for Senior Analyst roles in business intelligence, insights, analytics or related fields\n\u2022 Proficiency in programming languages such as Python, SQL\n\u2022 Experience in data warehouse design and working knowledge of BI technologies\n\u2022 Adept at the use of data visualization tools such as Tableau, Power BI (Tableau preferred)\n\u2022 Proficient PC skills including a strong competency in MS Excel and PowerPoint, and analytical and reporting software packages\n\u2022 Understanding data and query optimization, query profiling, and query performance monitoring tools and techniques\n\u2022 Expert knowledge of various data sources, tools and technologies used in preparing summaries and reports\n\u2022 Strong analytical and program solving skills are required to interpret data and draw conclusions\n\u2022 Excellent written and verbal communications skills\n\u2022 Bachelor\u2019s degree in relevant field (e.g. Data analytics, Computer Engineering, Mathematics, Statistics, Economics, other engineering/ analytics). Advance degree preferred\n\u2022 Experience with call center operations and related data hierarchies preferred (but not mandatory)\n\u2022 Prior knowledge of Finance and Banking preferred",
            "location": "Toronto, ON, Canada",
            "employmentType": "",
            "datePosted": "19 days ago",
            "salaryRange": "",
            "jobProviders": [
                {
                    "name": "LinkedIn",
                    "url": "https://ca.linkedin.com/jobs/view/business-intelligence-analyst-developer-at-acunor-4062126596?utm_campaign=google_jobs_apply&utm_source=google_jobs_apply&utm_medium=organic"
                },
                {
                    "name": "Dice",
                    "url": "https://www.dice.com/job-detail/e552ce88-f3e9-4dfd-9d45-835947d931c4?utm_campaign=google_jobs_apply&utm_source=google_jobs_apply&utm_medium=organic"
                },
                {
                    "name": "Talent.com",
                    "url": "https://ca.talent.com/view?id=0364e178d90c&utm_campaign=google_jobs_apply&utm_source=google_jobs_apply&utm_medium=organic"
                },
                {
                    "name": "Career Beacon",
                    "url": "https://www.careerbeacon.com/en/job-9/1628787/acunor-inc/business-intelligence-analyst-developer/toronto-on?utm_campaign=google_jobs_apply&utm_source=google_jobs_apply&utm_medium=organic"
                },
                {
                    "name": "Adzuna",
                    "url": "https://www.adzuna.ca/details/4928798501?utm_campaign=google_jobs_apply&utm_source=google_jobs_apply&utm_medium=organic"
                },
                {
                    "name": "Jobs Trabajo.org",
                    "url": "https://ca.trabajo.org/job-166-32a45c672decfea1a924ccdd9c6da924?utm_campaign=google_jobs_apply&utm_source=google_jobs_apply&utm_medium=organic"
                },
                {
                    "name": "Recruit.net",
                    "url": "https://www.recruit.net/job/business-intelligence-analyst-developer-jobs/06AF05A300511E8E?utm_campaign=google_jobs_apply&utm_source=google_jobs_apply&utm_medium=organic"
                },
                {
                    "name": "BeBee Canada Meet Opportunities",
                    "url": "https://ca.bebee.com/job/c0ac82ef2c988625e4c04059c1819141?utm_campaign=google_jobs_apply&utm_source=google_jobs_apply&utm_medium=organic"
                }
            ]
        },
        {
            "jobType": "business_intelligence_developer",
            "title": "Business Intelligence Developer (RFT 1.0 FTE)",
            "company": "The Royal",
            "description": "This position contributes to The Royal with its technical expertise in moving and transforming data. They contribute to the data team\u2019s environment and processes and enable the creation of reports, etc through the set-up of data models, collaborating with users to understand and document their requirements as well as helping to support the technology infrastructure in the data environment.\n\nThis team member will collaborate both with internal team members and external data partners in the shared data environment, they will contribute to collaborative planning and work in a supportive and positive manner.\n\nDuties:\n\nDatabase/Data Model Design & Development:\n\u2022 Documents business requirements in the form of specifications (functional and technical specifications), validates accuracy and obtains necessary input and approval.\n\u2022 Following established standards and practices, develops and maintains data models and data dictionaries, data maps and other artifacts, including the conceptual and physical models, as well as a metadata repository.\n\u2022 Contributes to and supports activities to ensure the integrity and performance of data environment, including investigation and issue resolution as required.\nReport Design & Development:\n\u2022 Contributes to and helps build data & analytic solutions (including database design) as assigned to support requests and business needs\n\u2022 Generates reports and other data and analytics services within the Azure data & analytics environment.\n\u2022 Ensures reports and other data & analytics solutions are optimized for efficiency and performance in the production environment.\n\u2022 Assists with documentation of report library and builds ETL packages.\nPartnerships & Collaboration:\n\u2022 Collaborates with data team members and partners such as IT to help ensure internal control & integrity of systems\n\u2022 Actively participates and supports activities as part of various Data Working Groups.\n\u2022 Contribute and work with partner hospitals towards approved initiatives and prioritie\nOperational Support & Maintenance:\n\u2022 As requested and assigned, performs system and platform performance monitoring and tuning, and SQL code review.\n\u2022 Supports and follows information governance and data standardization procedures established by the organization and partnerships.\n\u2022 Applies appropriate content and design details where appropriate\n\u2022 Performs other related duties as assigned or requested.\n\u2022 Collaborates closely with and provide coverage as needed for any BI Developer/Analyst\nOther:\n\u2022 Work in a manner that is in compliance with staff and patient/client safety practices, policies and procedures of The Royal.\n\u2022 Ensure a work environment that is conducive to The Royal\u2019s Anti-Racism, Harassment, & Discrimination Free Workplace Policy\nQualifications:\n\u2022 Bachelor\u2019s Degree in Computer Science, Software Engineering or Information Technology, or equivalent.\n\u2022 Minimum 3 years of work experience with SQL server, Business Intelligence, reporting and data modelling\n\u2022 Working knowledge of healthcare and/or Meditech HIS environment.\n\u2022 Expert working knowledge of relational databases, data model development, data warehousing, and business intelligence.\n\u2022 Expert in database design, relational integrity constraints, OLAP, OLTP, cubes, and normalization.\n\u2022 Experience with cloud-based BI, data virtualization including Azure platform and Power BI Services.\n\u2022 Demonstrated experience in creating medium to large-scale enterprise logical data models using normalization, star and snowflake schema techniques\n\u2022 Demonstrated experience with ETL and MS SQL Server performance tuning (Profiler, Tracing, Execution Plan Analysis).\n\u2022 Expert experience in generating custom reports using SQL Server and Microsoft reporting tools such as SSRS, SSMS, Azure Data Studio and Power BI Desktop, including advanced functions, scheduling and publishing reports on Report Server or Power BI Service\n\u2022 Demonstrated experience within the Azure platform, including, but not limited to: Azure Data Factory; Logic Apps; Azure Functions\n\u2022 Demonstrated experience in responding to and troubleshooting issues related to data quality and performance, with the ability to resolve them in a timely manner.\n\u2022 Demonstrated experience in building data analytics and reporting.\n\u2022 Experience with Object-Oriented Programming language, including but not limited to, C#/VB/Javais a asset.\n\u2022 The ability to foster collaborative and effective working relationships with stakeholders that promote cooperative goals and contribute to an atmosphere of trust and mutual respect.\n\u2022 Experience with SAS.\n\u2022 Experience in working on multiple projects at the same time.\n\u2022 Knowledge of HL7 and FHIR (Fast Healthcare Interoperability Resources)\n\u2022 Knowledge of the basics of Machine Learning and ability to write/read Python/R code.\n\u2022 Strong and effective communication skills to engage with all stakeholders to gather and document business requirements.\n\u2022 Excellent communication, interpersonal, organizational, change management and relationship management skills.\n\u2022 Proven abilities to take initiative and to be innovative and collaborative.\n\u2022 English level A- is mandatory in oral expression, comprehension, reading & writing. Bilingual (French/English) is considered an asset.",
            "location": "Ottawa, ON, Canada",
            "employmentType": "",
            "datePosted": "",
            "salaryRange": "",
            "jobProviders": [
                {
                    "name": "Jobvite",
                    "url": "https://jobs.jobvite.com/theroyal/job/ok5Cufwf?utm_campaign=google_jobs_apply&utm_source=google_jobs_apply&utm_medium=organic"
                },
                {
                    "name": "Glassdoor",
                    "url": "https://www.glassdoor.ca/job-listing/business-intelligence-developer-rft-10-fte-the-royal-ottawa-mental-health-centre-JV_IC2286068_KO0,42_KE43,80.htm?jl=1009472718712&utm_campaign=google_jobs_apply&utm_source=google_jobs_apply&utm_medium=organic"
                },
                {
                    "name": "LinkedIn",
                    "url": "https://ca.linkedin.com/jobs/view/business-intelligence-developer-rft-1-0-fte-at-the-royal-mental-health-centre-4039393141?utm_campaign=google_jobs_apply&utm_source=google_jobs_apply&utm_medium=organic"
                },
                {
                    "name": "SimplyHired",
                    "url": "https://www.simplyhired.ca/job/IbBnol7Mci3DF8Nv9PuDImG5csx7PVbReGsjOn0OK5Bg2DSHmBJRhg?utm_campaign=google_jobs_apply&utm_source=google_jobs_apply&utm_medium=organic"
                },
                {
                    "name": "Talent.com",
                    "url": "https://ca.talent.com/view?id=6f442a8bf25d&utm_campaign=google_jobs_apply&utm_source=google_jobs_apply&utm_medium=organic"
                },
                {
                    "name": "Jobs Near Me",
                    "url": "https://nearmejobs.eu/job/business-intelligence-developer-rft-1-0-fte/?utm_campaign=google_jobs_apply&utm_source=google_jobs_apply&utm_medium=organic"
                },
                {
                    "name": "Jobs Trabajo.org",
                    "url": "https://ca.trabajo.org/job-3051-16b6c5fd90eed9bfd2e68b2728c9c0c2?utm_campaign=google_jobs_apply&utm_source=google_jobs_apply&utm_medium=organic"
                },
                {
                    "name": "Jobs Canada",
                    "url": "https://jobs.empregossaopaulo.com/job/business-intelligence-developer-rft-1-0-fte/?utm_campaign=google_jobs_apply&utm_source=google_jobs_apply&utm_medium=organic"
                }
            ]
        },
        {
            "jobType": "business_intelligence_developer",
            "title": "Business Intelligence & Reporting Developer",
            "company": "Husky Technologies",
            "description": "Job Description\n\nTitle: Business Intelligence & Reporting Developer\n\nId: 19400\n\nType: FullTime\n\nLocation: Bolton\n\nHusky TechnologiesTM a company with a strong foundation built on innovation, close customer relationships, a strong sense of community and a unique culture and values. We are looking for people with the inspiration and talent to develop with us as we pursue our ambitious growth strategy.\n\nHusky TechnologiesTM offers a wealth of opportunity for personal growth and development. Most importantly, Husky Technologies TM offers an opportunity to work with \u2013 and be challenged by \u2013 a team of great people. Our success is possible because of the creativity, intelligence and passion of our people around the world and their desire to lead change. At the same time, we are not afraid to expect a lot and strive for leadership in all of our key markets. We are a company taking on new challenges and for the right people this means exceptional career development opportunities, the chance to be part of a team that is the best in the world at what we do and the experience that comes from working in an environment that demands constant transformation and innovation.\n\nHusky TechnologiesTM Canadian manufacturing facilities and global headquarters are located in Bolton, Ontario on a large, beautiful campus located just 20 minutes north of Toronto\u2019s Pearson International Airport. Features include a fitness and wellness center, intramural sports activities, on-site cafeteria, and clean, state-of-the-art manufacturing facilities with outstanding safety records. We offer a great work environment and competitive total compensation package, including above market retirement savings plan and market competitive group benefits.\n\nHusky TechnologiesTM is an exciting company with tremendous potential. We have a great team and great expectations. If you are attracted to bold goals, believe in uncompromising honesty, support mutual respect, care about environmental responsibility, have a passion for excellence and a desire to make a positive contribution \u2013 then we want you to join the Husky TechnologiesTM team!\n\nResponsible for building the business intelligence system for the company, based on the internal and external data structures. Responsible for leading the design and support of enterprise-wide business intelligence applications and architecture. Works with enterprise-wide business and IT senior management to understand and prioritize data and information requirements. Solves complex technical problems. Optimizes the performance of enterprise business intelligence tools by defining data elements which contribute to data insights which add value to the user. Creates testing methodology and criteria. Designs and coordinates a curriculum for coaching and training customers in the use of business intelligence tools to enhance business decision-making capability. Develops standards, policies, and procedures for the form, structure, and attributes of the business intelligence tools and systems. Develops data/information quality metrics. Researches new technology and develops business cases to support enterprise-wide business intelligence solutions.\n\nResponsibilities\n\u2022 Leading BI software development, deployment and maintenance\n\u2022 Report curation, template definition and analytical data modeling\n\u2022 Work with cross-functional teams to gather and document reporting requirements\n\u2022 Translate business requirements into specifications that will be used to implement the required reports and dashboards, created from potentially multiple data sources\n\u2022 Identifies and resolves data reporting issues in a timely fashion, while looking for continuous improvement opportunities.\n\u2022 Build solutions that create value and resolve business problems\n\u2022 Provide technical guidance to designers and other stakeholders\n\u2022 Work effectively with members of Digital Solutions Team\n\u2022 \"Installs, configures, deploys, and tunes analytics tools and servers\"\n\u2022 Troubleshoots analytics tool problems and tunes for performance\n\u2022 Develops semantic layer and analytics query objects for end users\n\u2022 Translation of business questions and requirements into reports, views, and analytics query objects\n\nQualifications\n\u2022 University Degree or Community College Diploma: Computer Science, Computer\n\u2022 Engineering, Information Technology or equivalent experience\n\u2022 2+ years of Business Intelligence or Report development experience\n\u2022 Understanding of ERP and Operational systems databases, knowledge of database programming\n\u2022 Highly skilled at writing SQL queries with large scale, complex datasets\n\u2022 Experience in data visualization and data storytelling\n\u2022 Experience designing, debugging and deploying software in VSTS (Azure Dev/Ops) development environment\n\u2022 Experience with Microsoft BI stack - Power BI and SQL Server Analysis Services\n\u2022 Strong problem-solving and metadata skills\n\u2022 Teamwork and commitment to reaching the goals of the project and Husky\n\u2022 Ownership, accountability and speed of execution\n\u2022 Knowledge of analytics tool architectures, functions, and features\n\nHusky TechnologiesTM offers a competitive compensation and benefits package and excellent opportunities for growth and advancement. We are committed to equal employment opportunity and respect, value and welcome diversity in our workplace. Husky Technologies TM also values being a great place to work and strives to maintain a safe workplace. Accordingly, Husky TechnologiesTM conditions all offers of employment on satisfactory completion of background checks.\n\nHusky TechnologiesTM is committed to developing inclusive, barrier-free selection processes and work environments. If contacted in relation to a job opportunity or testing, you should advise the member of the Talent Acquisition team in a timely fashion of any disabilities that requires accommodation measures in order to enable you to be assessed in a fair and equitable manner.\n\nInformation received relating to accommodation measures will be addressed confidentially.\n\nNo agency or telephone inquiries please.",
            "location": "Bolton, ON, Canada",
            "employmentType": "",
            "datePosted": "9 days ago",
            "salaryRange": "",
            "jobProviders": [
                {
                    "name": "LinkedIn",
                    "url": "https://ca.linkedin.com/jobs/view/business-intelligence-reporting-developer-at-husky-technologies-4069732384?utm_campaign=google_jobs_apply&utm_source=google_jobs_apply&utm_medium=organic"
                }
            ]
        },
        {
            "jobType": "business_intelligence_developer",
            "title": "Business Intelligence Developer (12-Month contract)",
            "company": "Citco",
            "description": "About Citco:\n\nArmed with superior services, smart people, and strong technology, we tackle our customers\u2019 complicated challenges by developing sophisticated solutions driven directly by their demands. The result? Innovation that generates tangible value and makes a real difference for our clients and their companies.\n\nAbout the Team & Business Line:\n\nProprietary software solutions and innovation are at the core of what differentiates Citco in the alternative investment space. Through our network of global development centres, Citco invests heavily in technology development, security, and infrastructure to ensure our clients continue to receive award-winning products that underpin our commitment to service excellence.\n\nAs a core member of our Product Development team you will work with dedicated professionals to ensure we build a self-service BI platform, advance active analysis, support our independent business developers and seamless analysis experience while keeping Citco ahead of industry trends.\n\nThe position is based in our global development center in Toronto and may require some international travel to other CITCO locations. Our organization follows a hybrid work structure where employees can work remotely or from the office, based on demands of specific teams and business groups. The position reports to the Application Tech Lead. The Developer will interact with the business stakeholders, BI platform adopters and other technical groups within Citco.\n\nYour Role:\n\nThe Citco Reporting team is looking for agile experienced a Business Intelligence Developer to develop advance BI solutions. The primary function in this regard is design and development of Qlik and Power BI solutions, integrating those with different Citco Data sources/ UI/applications and analysis of the underlying business requirements. The BI developer will work closely with a team of developers, under the direction of a product owner and project manager. They should be comfortable communicating with all levels within an organization, carrying out detailed technical work (development and support) and be flexible and hardworking\n\u2022 You will analyze, design, develop, support and maintain QlikSense and Power BI reporting solutions\n\u2022 Define and implement application development standards and best practices\n\u2022 Utilize the QlikSense and Power BI APIs to rapidly create, modify, refresh and update BI Solutions\n\u2022 Configure user access through Security Rules and data access through Section Access\n\u2022 Conduct technical reviews of BI solutions and architectures to ensure stability, performance, and supportability\n\u2022 Work with other development groups to advise, guide and assist in their integrations with Qlik Sense and Power BI\n\u2022 Work directly with the Tech Lead, Product Manager and Project Manager to ensure clear and accurate communication of current status, dependencies and estimated delivery timelines\n\u2022 Clearly communicate issues, risks and proposed solutions to relevant stakeholders\n\nAbout You:\n\nYou have expertise/experience in one or more of the following:\n\u2022 5 or more years of experience in Business intelligence working on QLIKSENSE and/or Power BI development, data modeling, API development, troubleshooting and administration. Experience with other BI tools will be also considered.\n\u2022 Good database designing and SQL skills. Experienced in DBMS, RDMS, Amazon RDS ( MySQL, PostgreSQL).\n\u2022 Experience with BI Security Model.\n\u2022 Experience in REST API development, extensions, CSS, embedded analytics, QLIK orchestration, NLP development, deployment automation, source control solutions\n\u2022 Knowledge of core cloud computing concepts, including Infrastructure as a Service (IaaS), Platform as a Service (PaaS), and Software as a Service (SaaS).\n\u2022 You have a university level education in Information Technology or related technical field and proven experience with the development reports.\n\u2022 You have strong analytical and technical skills, including stored procedure creation and report layout.\n\u2022 Willingness to learn, cross-train and to innovate in a rapidly changing market\n\u2022 Self-organized, flexible and proactive attitude\n\u2022 Strong communications skills and ability to comprehend and translate complex, advanced functional, technical and business requirements into executable architectural designs\n\u2022 Excellent listening and analytical skillsLeadership qualities to lead the solution implementations, confidently face the stakeholders and focused approach towards objectives.\n\nAdditional expertise/experience in any of the following areas is considered an asset:\n\u2022 QLIKSense and/or Power BI certification\n\u2022 Experience working in cloud based data sources and Qliksense and/or Power BI integrations.\n\u2022 Hands-on experience with various BI Tools (Qlik Sense, Power BI, Quicksight)\n\u2022 Development experience with scripting and programming languages such as Python, Powershell, R\n\u2022 AWS and or Azure certification\n\u2022 You have a mutual or hedge fund accounting experience; a financial background would be advantageous.Advocate for a culture of software crafting best practices, including automation, continuous integration and continuous deployment.\n\nOur Benefits\n\nYour well being is of paramount importance to us, and central to our success. We provide a range of benefits, training and education support, and flexible working arrangements to help you achieve success in your career while balancing personal needs. Ask us about specific benefits in your location.\n\nWe embrace diversity, prioritizing the hiring of people from diverse backgrounds. Our inclusive culture is a source of pride and strength, fostering innovation and mutual respect.\n\nCitco welcomes and encourages applications from people with disabilities. Accommodations are available upon request for candidates taking part in all aspects of the selection.",
            "location": "Toronto, ON, Canada",
            "employmentType": "",
            "datePosted": "1 month ago",
            "salaryRange": "",
            "jobProviders": [
                {
                    "name": "Indeed",
                    "url": "https://emplois.ca.indeed.com/viewjob?jk=dc97dc27aa9c8f46&utm_campaign=google_jobs_apply&utm_source=google_jobs_apply&utm_medium=organic"
                },
                {
                    "name": "Glassdoor",
                    "url": "https://www.glassdoor.ca/job-listing/business-intelligence-developer-12-month-contract-citco-JV_IC2281069_KO0,49_KE50,55.htm?jl=1009492726009&utm_campaign=google_jobs_apply&utm_source=google_jobs_apply&utm_medium=organic"
                },
                {
                    "name": "SimplyHired",
                    "url": "https://www.simplyhired.ca/job/JK-dgZuXu1KOFjEM6jT4zVDHvvz3rYgQLX4hdzxzCZh8yLhX0DOfGw?utm_campaign=google_jobs_apply&utm_source=google_jobs_apply&utm_medium=organic"
                },
                {
                    "name": "Cloud Sign In",
                    "url": "https://fa-euxc-saasfaprod1.fa.ocs.oraclecloud.com/hcmUI/CandidateExperience/en/sites/CX_1/job/4491?utm_campaign=google_jobs_apply&utm_source=google_jobs_apply&utm_medium=organic"
                },
                {
                    "name": "Adzuna",
                    "url": "https://www.adzuna.ca/details/4908717598?utm_campaign=google_jobs_apply&utm_source=google_jobs_apply&utm_medium=organic"
                },
                {
                    "name": "LinkedIn",
                    "url": "https://ca.linkedin.com/jobs/view/business-intelligence-developer-12-month-contract-at-the-citco-group-limited-4053376572?utm_campaign=google_jobs_apply&utm_source=google_jobs_apply&utm_medium=organic"
                },
                {
                    "name": "Levels.fyi",
                    "url": "https://www.levels.fyi/jobs?jobId=85921769176605382&utm_campaign=google_jobs_apply&utm_source=google_jobs_apply&utm_medium=organic"
                },
                {
                    "name": "BeBee Canada Meet Opportunities",
                    "url": "https://ca.bebee.com/job/d61b932686201d0dae7d358ebf4cc883?utm_campaign=google_jobs_apply&utm_source=google_jobs_apply&utm_medium=organic"
                }
            ]
        },
        {
            "jobType": "business_intelligence_developer",
            "title": "BI Developer or Business Intelligence Developer",
            "company": "TalentBurst Inc",
            "description": "Company Description\n\u2022 * 7 time INC 500/5000, 7 time BBJ \"Pacesetter\", 5 time SIA-fastest growing**\n\nTalentBurst, Inc.\n\nBoston | San Francisco | Miami | Milwaukee | Toronto | New Delhi | Banglore\n\nFax: (508) 319-3065\n\n679 Worcester Road | Natick, MA 01760 | www.talentburst.com\n\nCertified Minority Business Enterprise (MBE)\n\nJob Description\n\nAs an integral member of our development team, the Business Intelligence (BI) Developer is responsible for the development, implementation and support of Mission critical enterprise Business Intelligence (BI) solution.\n\nWorking with cross functional teams, you will participate in evaluation of business requirements for data warehouse and reporting solution. Using your skills and experience as a BI Report Developer, you will then use those requirements to design, develop and testing of DWH models, ETL process, reports and dashboards that utilize the underlying data warehouse(s).\n\nClient has been developing feature rich online billing and payment applications for over 10 years. They provide a suite of cloud based Intelligent Billing and Subscription Commerce SaaS solutions that allow organizations the flexibility to create innovative product and service offerings, campaigns, and pricing strategies. Our ability to react quickly to both market and customer needs has made us a leader in online billing and payment applications. They have one of the most sophisticated products in the industry and increased demand for their products is resulting in growth for their technical team including a contract position for BI Developer. If you are a well-rounded BI Developer with an interest in hands on technical work, we would like to hear from you. Working at client combines the security of working for an established, well respected company with the excitement of working in a high growth, technologically oriented start up environment.\n\nResponsibilities:\n\n\u2022 Participate in business analysis activities to gather and evaluate client requirements and translate these requirements to specific data designs and models, reports and dashboards\n\n\u2022 Design and develop client reports, dashboards and data feeds using BI tools and UNIX shell scripts\n\n\u2022 Utilize ETL tools to build data warehousing solutions\n\n\u2022 Develop, optimize, maintain and support ETL processes\n\n\u2022 Troubleshoot and performance tune as necessary BI tools, data warehouses, reports, feeds, systems and software;\n\n\u2022 Must be able to perform duties with low level of supervision\n\nRequirements:\n\n\u2022 Bachelor's Degree in Computer Science or a related discipline.\n\n\u2022 5+ years of experience in Business Intelligence/Data Warehouse development\n\n\u2022 Proficiency with one or more BI tools\n\n\u2022 Proficiency with one or more ETL tools\n\n\u2022 Must have expert knowledge of SQL\n\n\u2022 Must be familiar with Oracle and MySQL in a UNIX environment\n\n\u2022 Experience with UNIX environment and basic Unix shell scripting\n\n\u2022 Performance tuning experience is required\n\n\u2022 Excellent oral and written communications and interpersonal skills\n\n\u2022 Ability to learn quickly new tools and technologies\n\nPluses:\n\n\u2022 Programming / scripting experience and knowledge of software development life cycle as a plus\n\n\u2022 Experience with Yellowfin BI tool\n\n\u2022 Experience with Talend Data Integration ETL tool\n\n\u2022 Experience with billing systems, subscriber management and payment processing is preferred\n\nQualifications\n\nGraduate\n\nAdditional Information\n\nPlease reach me for further query or drop your updated resume at kashif.meraj(at)talentburst(dot)com",
            "location": "Vancouver, BC, Canada",
            "employmentType": "",
            "datePosted": "",
            "salaryRange": "",
            "jobProviders": [
                {
                    "name": "Smart Recruiters Jobs",
                    "url": "https://jobs.smartrecruiters.com/TalentBurstInc/88021984-bi-developer-or-business-intelligence-developer?utm_campaign=google_jobs_apply&utm_source=google_jobs_apply&utm_medium=organic"
                },
                {
                    "name": "JobLeads",
                    "url": "https://www.jobleads.com/ca/job/bi-developer-or-business-intelligence-developer--vancouver--ed360af15c4649cc41abbf8e97d74bf28?utm_campaign=google_jobs_apply&utm_source=google_jobs_apply&utm_medium=organic"
                },
                {
                    "name": "Learn4Good",
                    "url": "https://www.learn4good.com/jobs/vancouver/canada/software_development/3671035170/e/?utm_campaign=google_jobs_apply&utm_source=google_jobs_apply&utm_medium=organic"
                },
                {
                    "name": "ClickaJobs",
                    "url": "https://ca.clickajobs.com/job/BI-Developer-or/vancouver/25371140?utm_campaign=google_jobs_apply&utm_source=google_jobs_apply&utm_medium=organic"
                }
            ]
        },
        {
            "jobType": "business_intelligence_developer",
            "title": "Senior Business Intelligence Developer",
            "company": "FGF Brands",
            "description": "Summary\n\nWe\u2019re a naan traditional company\u2026\n\nThe business demand for data insights is ever increasing. As the BI Technical developer will need to find new and creative ways to extract, load and transform data from various source systems. Creativity in the design process is a key competency for this role as projects / business requirements will be constantly changing. In this role, you'll be responsible for developing robust data pipelines that efficiently ingest, process, and store data from a variety of sources. Design data architecture structures to support BI Initiatives. Design and o ptimize dashboards/data warehouse with a focus on usability, performance, flexibility, and standardization.\n\nReporting to the Team leader, Insight & Analytics the Sr. Business Intelligence Developer will be responsible for the following duties, and complete special initiatives and projects as assigned.\n\nWhat FGF Offers:\n\u2022 FGF believes in Home Grown Talent, accelerated career growth with leadership training. Unleashing Your Potential\n\u2022 Competitive Compensation, Health Benefits, & a generous flexible medical / Health spending account\n\u2022 RRSP matching program\n\u2022 Tuition reimbursement\n\u2022 Discount program that covers almost everything under the sun - Restaurants, gyms, shopping etc.\n\nPrimary Responsibilities\n\u2022 Viewed as a technical expert and is critical resource across multiple disciplines.\n\u2022 Gather requirements and transform into business and technical requirements documents\n\u2022 Have an active relationship with key business leaders to determine \u201cpain points\u201d and actively develop reporting solutions.\n\u2022 Gather and analyze business requirements from stakeholders and translate them into technical specifications for data models, reports, and dashboards.\n\u2022 Create visually appealing dashboards based on requirements.\n\u2022 The BI Developer will create automated reporting in all business functions, driving competitive advantage for FGF brands and facilitating faster and better management decisions.\n\u2022 Must be able to build and maintain back-end solutions of views/models to be consumed by other BI Developers or business users, as well as customer facing front end reporting models/visualizations.\n\u2022 Assist in operational and customer support related to the use of the in-house developed products.\n\u2022 Make technological adjustments to existing BI systems to improve overall performance.\n\nRequired Experience\n\u2022 5+ years exposure to different Business Processes within a manufacturing environment specifically Supply Chain Management and Production operations.\n\u2022 Strong analytical thinking for transforming data into meaningful reports and graphics.\n\u2022 A bachelor\u2019s degree in data science, computer science, management information systems, finance, statistics, or related field\n\u2022 Over 2 years of hands-on experience with cloud platforms such as Databricks, MongoDB and Azure Data Flow (ADF).\n\u2022 Proficiency in Python, including a strong grasp of Object Oriented and Functional programming paradigms.\n\u2022 A solid understanding of Spark concepts and distributed systems, including data transformations, RDDs, Data frames, and Spark SQL.\n\u2022 Excellent SQL skills and expertise in database management and tuning.\n\u2022 Ability to devise and implement master data management processes.\n\u2022 Experience with data lakehouse and medallion architecture using Delta Lake within Azure Databrick\n\u2022 Proficiency in developing RESTful APIs\n\u2022 Strong problem-solving and critical-thinking abilities.\n\u2022 Strong communication and collaboration skills.\n\u2022 Continuous learning and staying updated with the latest advancements in Azure Databricks and data engine ering are essential for success in this role.\n\nWhat is the recipe for a great career at FGF?\n\nWorking at FGF Brands, there is never a dull moment! As a successful company that is continually growing there is always challenging yet rewarding work to be a part of. We have an entrepreneurial spirit which encourages all our team members to use their own creativity and out of the box thinking to come up with solutions and new ideas.\n\nIn compliance with Ontario\u2019s Bill 190, we confirm that this posting represents a current, existing vacancy within our organization.\n\nDisclaimer: The above describes the general responsibilities, required knowledge and skills. Please keep in mind that other duties may be added or this description may be amended at any time.\n\nIT\n\n#IND1",
            "location": "Canada",
            "employmentType": "",
            "datePosted": "19 days ago",
            "salaryRange": "",
            "jobProviders": [
                {
                    "name": "LinkedIn",
                    "url": "https://ca.linkedin.com/jobs/view/senior-business-intelligence-developer-at-fgf-brands-3882223227?utm_campaign=google_jobs_apply&utm_source=google_jobs_apply&utm_medium=organic"
                },
                {
                    "name": "PCRecruiter",
                    "url": "https://host.pcrecruiter.net/pcrbin/jobboard/job/Senior-Business-Intelligence-Developer/b/6GPNWURWKDUYONSW653AJYCM3Q7QFLTWPH7DN4EZEWRLF2UN?utm_campaign=google_jobs_apply&utm_source=google_jobs_apply&utm_medium=organic"
                },
                {
                    "name": "Learn4Good",
                    "url": "https://www.learn4good.com/jobs/online_remote/business/3303006465/e/?utm_campaign=google_jobs_apply&utm_source=google_jobs_apply&utm_medium=organic"
                },
                {
                    "name": "BeBee Canada Meet Opportunities",
                    "url": "https://ca.bebee.com/job/68be393b4435ac54ed7c40559da07920?utm_campaign=google_jobs_apply&utm_source=google_jobs_apply&utm_medium=organic"
                },
                {
                    "name": "Kit Job",
                    "url": "https://www.kitjob.ca/job/87452856/senior-business-intelligence-developer-e560-penetanguishene/?utm_campaign=google_jobs_apply&utm_source=google_jobs_apply&utm_medium=organic"
                },
                {
                    "name": "Jobs Trabajo.org",
                    "url": "https://ca.trabajo.org/job-3051-16be919f3b520f0b0b97a185e5abe616?utm_campaign=google_jobs_apply&utm_source=google_jobs_apply&utm_medium=organic"
                },
                {
                    "name": "Edajobs.com",
                    "url": "https://ca.edajobs.com/job/41832/?utm_campaign=google_jobs_apply&utm_source=google_jobs_apply&utm_medium=organic"
                },
                {
                    "name": "WhatJobs",
                    "url": "https://en-ca.whatjobs.com/job/Senior-Business-Intelligence/toronto-ontario/80776998?utm_campaign=google_jobs_apply&utm_source=google_jobs_apply&utm_medium=organic"
                }
            ]
        },
        {
            "jobType": "business_intelligence_developer",
            "title": "Business Intelligence Developer",
            "company": "Cineplex",
            "description": "Work location:\nHome Office 1303 Yonge St\n\nCity:\nToronto\n\nWhat you will do:\nBusiness Intelligence Report Developer\n\nHybrid position working from the Cineplex corporate headquarters in Toronto (Yonge and St. Clair) 3 days per week.\n\nThe Business Intelligence Report Developer will join our growing team of analytics experts. They will be joining a team that is the Centre of Excellence for Corporate Data. The individual will be responsible for building, modernizing, and maintaining organizational reports. The ideal candidate has experience with SQL Server databases, data modelling and Power BI report development. The individual will be a problem solver that has expertise and delivery depth across data platforms, applied data analysis, Azure cloud, and business automation solutions.\n\nKey Responsibilities:\n\u2022 Be the primary contact for maintaining the existing reporting suite based on Power BI and SSRS dashboards with the support of other experienced BI team members.\n\u2022 Strong SQL skills required.\n\u2022 Investigative and problem-solving skills will be needed.\n\u2022 Collaborate with stakeholders to define the business layer and presentation layer of the BI model that is business-friendly and supports a self-service environment where appropriate.\n\u2022 Communication skills to clearly understand the requirements that are being laid out, translate to technical requirements, and execute.\n\u2022 Review functional and design specifications to ensure full understanding of individual deliverables.\n\u2022 Ongoing monitoring of existing key reports to ensure data quality and integrity.\n\u2022 Will support most of the data quality testing in close collaboration with Data Engineering team.\n\u2022 Conduct a comprehensive review of all current BI reporting to establish a BAU Reporting Requirements Definition for all business functions.\n\nEducation and Certification:\n\u2022 Diploma or Degree in Data, Analytics, Computer Science, Mathematics or Engineering.\n\nExperience:\n\u2022 5+ experience as a Business Intelligence Developer\n\u2022 3+ years of professional experience in report development using Power BI\n\u2022 3+ years experience in the entertainment / media industry\n\u2022 3+ years experience building reports from Azure cloud\n\u2022 3+ years experience performing root cause analysis on internal and external data and processes to answer specific business questions and identify opportunities for improvement.\n\u2022 3+ years experience debugging Multi-Dimensional and Tabular Data Models.\n\u2022 3+ years experience delivering solutions on the Azure platform (Data Lake, Synapse, Data Factory)\n\nKnowledge, Skills and Abilities:\n\u2022 SQL knowledge and experience working with relational databases, complicated query authoring (SQL Window Functions, Stored Procedures etc.) as well as working familiarity with a variety of cloud databases (Databricks, Azure SQL, Azure Synapse).\n\u2022 Power BI and Power Platform expert user, with the ability to generate complicated, optimized reports bringing data from multiple different sources, ability to create and think in terms of a semantic reporting model.\n\u2022 Power Platform experience will include automating business processes (especially around data gathering and manipulation of data from Excel and csv files).\n\nInclusion & Diversity\n\nCineplex, its subsidiaries, and affiliates are equal opportunity employers with a commitment to hiring and retaining a diverse workforce. We encourage and welcome applications from all intersectional walks of life. The collective sum of our individual differences, experiences, knowledge, innovation, self-expression, unique capabilities, and talent represents a significant part of our culture. By valuing a diverse workforce, we enforce hiring practices that are fair and equitable.\n\nAccessibility\n\nWe are committed to improving access and opportunities for all individuals, including those with disabilities by identifying and removing barriers that may prevent, inhibit, or restrict their access to employment oporunities. If you require accommodation at any stage of our hiring process (application, interviews, assessments, and placement), please contact us at [redacted] or via email at [redacted].\n\nWhile we appreciate all interest, only those candidates selected for an interview will be contacted.",
            "location": "Hunter River, PE, Canada",
            "employmentType": "",
            "datePosted": "15 days ago",
            "salaryRange": "",
            "jobProviders": [
                {
                    "name": "Ladders",
                    "url": "https://www.theladders.com/job/business-intelligence-developer-cineplexentertainment-hunter-river-pe_78732935?utm_campaign=google_jobs_apply&utm_source=google_jobs_apply&utm_medium=organic"
                }
            ]
        },
        {
            "jobType": "business_intelligence_developer",
            "title": "Senior Business Intelligence Consultant/Developer",
            "company": "Alphabyte",
            "description": "Location: Remote (must be located in Canada) About Alphabyte Based in Toronto, Canada, Alphabyte embodies the entrepreneurial spirit of Canada\u2019s tech scene. For years we have based this on the premise that with a little thoughtfulness and determination, anything can be done a little bit better and a little bit faster. A leader in Data, AI, and Advisory Services, Alphabyte\u2019s portfolio extends across North America. A truly global corporate citizen, we are committed to responsible business practices to bring about positive change. In addition to the cool gadgets which we invent and work with, we are constantly striving to create innovative programs and resources to improve work-life balance and maintain a positive working environment, as well as taking part in our communities through philanthropic efforts. Joining the Alphabyte Team means embracing unconventional thinking while being tethered to a bedrock of shared values. Dive into an environment where curiosity meets innovation and where challenges are seen as thrilling puzzles awaiting solutions. Job Summary We are seeking a highly skilled and versatile Senior Business Intelligence Consultant/Developer to join our team. This hybrid role combines strategic consulting with hands-on technical development in BI, bridging the gap between business needs and data solutions. The ideal candidate will work directly with stakeholders to understand business requirements, design and implement BI solutions, and drive data-driven decision-making. This role requires both expertise in BI tools and development, as well as a strategic mindset to advise clients on best practices and BI strategies. Key Responsibilities Consulting and Strategy Engage with business stakeholders to understand their needs, gather requirements, and translate them into actionable BI solutions. Advise clients and internal teams on BI best practices, tool selection, data governance, and KPIs to align with business goals. Develop and maintain a strategic BI roadmap to guide the organization\u2019s or client\u2019s data and analytics initiatives. Present insights, findings, and strategic recommendations to clients and senior leadership, helping drive data-informed decision-making. Technical Development and Implementation Design, develop, and maintain data models, data warehouses, and ETL (Extract, Transform, Load) processes to support BI initiatives. Build and optimize dashboards, reports, and data visualizations using BI tools (e.g., Power BI, Tableau, SSRS) to provide actionable insights. Integrate data from multiple sources, ensuring high data quality, consistency, and performance in the BI environment. Collaborate with IT and data engineering teams to manage data pipelines, database optimization, and infrastructure for reporting. Required Skills Consulting and Stakeholder Engagement : Proven experience in engaging with business stakeholders to gather requirements, define BI needs, and translate these into actionable data solutions. Strong communication skills to present complex data insights and recommendations to non-technical audiences effectively. BI Tools Expertise : Advanced proficiency in Power BI, Tableau, and similar BI platforms for creating dashboards, reports, and interactive visualizations tailored to business requirements. Ability to leverage advanced features like DAX (Power BI) or calculated fields (Tableau) for data manipulation. Data Modeling and ETL Development : In-depth knowledge of data modeling techniques (star and snowflake schema) to design scalable BI solutions. Skilled in developing ETL (Extract, Transform, Load) pipelines using tools like SSIS and ADF. Database Management and SQL : Expert SQL skills with experience in querying, optimizing, and managing databases such as SQL Server, Snowflake, or Azure SQL. Ability to write complex queries, stored procedures, and perform database performance tuning. Programming and Automation (Preferred) : Knowledge of Python for advanced data processing, automation, and statistical analysis, enabling efficient handling of complex data sets and automation of data workflows. Experience and Education : Minimum 7 years of experience in BI development and consulting, with a strong track record of successful project delivery. Bachelor\u2019s degree in Computer Science, Information Systems, Business Analytics, or a related field (Master\u2019s preferred). Relevant certifications (e.g., Microsoft Certified: Data Analyst Associate, Tableau Desktop Specialist) are a plus for demonstrating technical expertise.",
            "location": "Toronto, ON, Canada",
            "employmentType": "",
            "datePosted": "9 days ago",
            "salaryRange": "",
            "jobProviders": [
                {
                    "name": "SitePoint",
                    "url": "https://www.sitepoint.com/jobs-for-developers/alphabyte/senior-business-intelligence-consultant-developer-778972/?utm_campaign=google_jobs_apply&utm_source=google_jobs_apply&utm_medium=organic"
                },
                {
                    "name": "BeBee Canada Meet Opportunities",
                    "url": "https://ca.bebee.com/job/b80343c19b2e354323b97ba180a52c71?utm_campaign=google_jobs_apply&utm_source=google_jobs_apply&utm_medium=organic"
                },
                {
                    "name": "Jobs Trabajo.org",
                    "url": "https://ca.trabajo.org/job-3051-5ec67d0b70c13426004b888b2898c2b3?utm_campaign=google_jobs_apply&utm_source=google_jobs_apply&utm_medium=organic"
                },
                {
                    "name": "Canadajob24h.com",
                    "url": "https://canadajob24h.com/ko/senior-architect-business-intelligence-job218287?utm_campaign=google_jobs_apply&utm_source=google_jobs_apply&utm_medium=organic"
                },
                {
                    "name": "Jobcanada247.Com",
                    "url": "https://jobcanada247.com/ko/senior-architect-business-intelligence-job171828?utm_campaign=google_jobs_apply&utm_source=google_jobs_apply&utm_medium=organic"
                }
            ]
        },
        {
            "jobType": "business_intelligence_developer",
            "title": "Senior BI Developer, Lead Looker Developer",
            "company": "Bitstrapped Inc",
            "description": "As a Senior BI Developer and Lead Looker Developer, you will lead the development of impactful data visualizations that surface key business insights and empower data-driven decision-making. You will be responsible for translating business user requirements into compelling, customized dashboards and reports. With expertise in storytelling through data, you\u2019ll combine technical prowess in Looker with a keen eye for beautiful design to craft visuals that not only inform but engage.\n\nIn addition to being the Lead Looker Developer, you will leverage your ability to customize Looker with extensions, such as Highcharts, to build highly interactive and tailored visualizations. You will drive BI solutions that not only meet technical requirements but also resonate with business users at all levels\n\nAs a Lead Looker developer, you have the opportunity to influence the strategic direction of our BI practice, with significant opportunities for development and progression within the organization.\n\nQualifications:\n\n-Deep expertise in Looker development, including LookML, Looker customization, and advanced visualizations.\n\n-Strong proficiency in SQL and experience with cloud-based data platforms (e.g., BigQuery, Snowflake).\n\n-Exceptional storytelling skills with data, capable of creating clear, compelling narratives from complex data sets.\n\n-An eye for design, with the ability to create visually appealing and user-friendly dashboards and reports.\n\n-Experience in customizing Looker or similar using extensions like Highcharts or similar, for enhanced interactivity.\n\n-Proven ability to connect with business stakeholders, understand requirements and deliver impactful insights.\n\n-Strong leadership and collaboration skills, with experience managing or mentoring",
            "location": "Toronto, ON, Canada",
            "employmentType": "",
            "datePosted": "",
            "salaryRange": "",
            "jobProviders": [
                {
                    "name": "LinkedIn",
                    "url": "https://ca.linkedin.com/jobs/view/senior-bi-developer-lead-looker-developer-at-bitstrapped-inc-4051751356?utm_campaign=google_jobs_apply&utm_source=google_jobs_apply&utm_medium=organic"
                },
                {
                    "name": "Calgary Tech & Startups",
                    "url": "https://builtincalgary.org/job/senior-developer-java-tech-lead/3529976?utm_campaign=google_jobs_apply&utm_source=google_jobs_apply&utm_medium=organic"
                },
                {
                    "name": "Glassdoor",
                    "url": "https://www.glassdoor.ca/job-listing/senior-ba-qa-lead-procom-JV_KO0,17_KE18,24.htm?jl=1009495307481&utm_campaign=google_jobs_apply&utm_source=google_jobs_apply&utm_medium=organic"
                },
                {
                    "name": "Monster.ca",
                    "url": "https://www.monster.ca/job-openings/senior-ba-qa-lead-toronto-on--bca43d33-3a81-4559-9373-7dd5c60647b6?utm_campaign=google_jobs_apply&utm_source=google_jobs_apply&utm_medium=organic"
                },
                {
                    "name": "Itjobs.ca",
                    "url": "https://www.itjobs.ca/en/offer/qc/levis/senior-developer-java-tech-lead/52954d88-aa71-4743-a611-d3942810bd11_en/?utm_campaign=google_jobs_apply&utm_source=google_jobs_apply&utm_medium=organic"
                },
                {
                    "name": "Built In",
                    "url": "https://builtin.com/job/senior-developer-java-tech-lead/3529976?utm_campaign=google_jobs_apply&utm_source=google_jobs_apply&utm_medium=organic"
                },
                {
                    "name": "Vancouver Tech & Startups",
                    "url": "https://builtinvancouver.org/job/senior-developer-java-tech-lead/3529976?utm_campaign=google_jobs_apply&utm_source=google_jobs_apply&utm_medium=organic"
                },
                {
                    "name": "Kit Job",
                    "url": "https://www.kitjob.ca/job/87875806/senior-developer-java-tech-lead-ypf-777-granby/?utm_campaign=google_jobs_apply&utm_source=google_jobs_apply&utm_medium=organic"
                }
            ]
        },
        {
            "jobType": "business_intelligence_developer",
            "title": "BI & Data Visualization Developer",
            "company": "McAfee, LLC",
            "description": "Job Title:\n\nBI & Data Visualization Developer\n\nRole Overview:\n\nAs a critical member of the Data & Analytics team, the BI & Data Visualization Developer will actively design, develop, implement and maintain reporting solutions aligned to the needs of business stakeholders. This person is responsible for collaborating with stakeholders to gather requirements and translate them into effective reporting solutions to make data-driven decisions while ensuring quality, accuracy and scalability.\n\nThis is a remote position based in Canada. We will only consider candidates currently in Canada and are not offering relocation assistance at this time.\n\nAbout the role:\n\u2022 Design, develop and maintain data-driven reporting solutions (e.g. interactive dashboards, general reporting templates) collaborating with cross-functional teams (e.g. Finance, Marketing, Operations/Strategy).\n\u2022 Partner with Data Stewards and Data Curation Engineers preparing scalable data sets for visualization ensuring data quality at each phase.\n\u2022 Develop performant SQL queries to extract data from certified sources to build innovative reporting solutions.\n\u2022 Transforming complex datasets into meaningful visual narratives leveraging UI/UX best practices and modern technology.\n\u2022 Evangelize reporting solutions to stakeholders ensuring continuous adoption of analytic tools empowering stakeholders to explore and analyze data through self-service.\n\nAbout you:\n\u2022 You have 3+ years of experience in a data analytics function developing scalable reporting dashboards in Power BI, Tableau and/or other visualization tools.\n\u2022 You have a history of developing SQL/SparkSQL and experience working in modern cloud-based data warehouses with large event-based data sets and diverse schemas.\n\u2022 You have a history of conducting exploratory analysis to determine the root cause.\n\u2022 You have a passion for deploying new technology to improve reporting efficiencies and familiarity with natural language query implementation.\n\u2022 You have a strong sense of UI/UX best practices with a keen eye for visual design and attention to detail.\n\u2022 You have strong interpersonal skills and the ability to communicate with technical and non-technical audiences.\n\u2022 You have experience translating business stakeholder needs into technical design documentation.\n\u2022 You have experience working in an agile / Scrum environment.\n\n#LI-REMOTE\n\nCompany Overview\n\nMcAfee is a leader in personal security for consumers. Focused on protecting people, not just devices, McAfee consumer solutions adapt to users\u2019 needs in an always online world, empowering them to live securely through integrated, intuitive solutions that protects their families and communities with the right security at the right moment.\n\nCompany Benefits and Perks:\n\nWe work hard to embrace diversity and inclusion and encourage everyone at McAfee to bring their authentic selves to work every day. We offer a variety of social programs, flexible work hours and family-friendly benefits to all of our employees.\n\u2022 Bonus Program\n\u2022 401k Retirement Plan\n\u2022 Medical, Dental, Vision, Basic Life, Short Term Disability and Long-Term Disability Coverage\n\u2022 Paid Parental Leave\n\u2022 Support for Community Involvement\n\u2022 14 Paid Company Holidays\n\u2022 Unlimited Paid Time Off for Exempt Employees\n\u2022 96 Hours of Sick Time and 120 Hours of Vacation for Non-Exempt Employees Accrued Each Year\n\nWe're serious about our commitment to diversity which is why McAfee prohibits discrimination based on race, color, religion, gender, national origin, age, disability, veteran status, marital status, pregnancy, gender expression or identity, sexual orientation or any other legally protected status.\n\nThe starting pay range for this position is $100,480.00-$165,070.00. McAfee takes into consideration an individual\u2019s skillset, experience and location in making final salary determinations. For further details, please discuss with the Talent Acquisition Partner.",
            "location": "Canada",
            "employmentType": "",
            "datePosted": "5 days ago",
            "salaryRange": "",
            "jobProviders": [
                {
                    "name": "Indeed",
                    "url": "https://ca.indeed.com/viewjob?jk=9fd4656020933efb&utm_campaign=google_jobs_apply&utm_source=google_jobs_apply&utm_medium=organic"
                },
                {
                    "name": "Glassdoor",
                    "url": "https://fr.glassdoor.ca/job-listing/bi-and-data-visualization-developer-mcafee-JV_KO0,35_KE36,42.htm?jl=1009524708011&utm_campaign=google_jobs_apply&utm_source=google_jobs_apply&utm_medium=organic"
                },
                {
                    "name": "Recruit.net",
                    "url": "https://www.recruit.net/job/bi-data-visualization-developer-jobs/FB354A277D2CE898?utm_campaign=google_jobs_apply&utm_source=google_jobs_apply&utm_medium=organic"
                },
                {
                    "name": "IT Jobs ICT Academic Computer Software Information Technology",
                    "url": "https://itjobvacancies.ca/job/bi-data-visualization-developer/?utm_campaign=google_jobs_apply&utm_source=google_jobs_apply&utm_medium=organic"
                },
                {
                    "name": "Jobilize",
                    "url": "https://www.jobilize.com/job/ca-bi-data-visualization-developer-canada-mcafee-hiring-now-job-immediately?utm_campaign=google_jobs_apply&utm_source=google_jobs_apply&utm_medium=organic"
                }
            ]
        }
    ]
}