{
    "jobs": [
        {
            "jobType": "senior_.net_developer",
            "title": "Senior .NET Developer",
            "company": "Mariner Innovations",
            "description": "Who We Are\n\nMariner innovates always and everywhere, turning novel ideas into practical solutions. From products and services to venture creation, we build better futures powered by people. Our purpose has always been to be a great, everlasting technology company for those who make an impact - elevating people, data, and technology in the best way to solve hard problems. We partner with people embracing change, leveraging data, cybersecurity, cloud, and change management to drive successful business outcomes that matter to our customers.\n\nMariners build for change. Like SHIFT Energy, our energy management and decarbonization company. Or East Valley Ventures, created to scale social economic impact in our communities through investment and mentorship of emerging change-makers and their companies.\n\nMariner\u2019s Purpose Has Always Been To Be a Great, Everlasting Technology Company And The Core Values That Guide Us Every Day Are\n\nOUR VALUES\n\u2022 We care for our team.\n\u2022 We care about the impact we have on our community.\n\u2022 We serve by solving complex problems.\n\u2022 We grow because growth fuels opportunities.\n\u2022 We innovate always and everywhere.\n\u2022 We build a business that lasts.\n\nOverview Of The Role\n\nWe are currently seeking a skilled Senior Full Stack .NET Developer to join our agile development team. The successful candidate will play a key role in designing, developing, and implementing various software components. You will have the opportunity to work on client-based projects, collaborating closely with our delivery and sales teams to deliver cutting-edge solutions to both new and existing customers.\n\nWhat You\u2019ll Be Doing In The Role\n\u2022 Participation in scrums, agile ceremonies, meetings, technical discussions / design sessions and workshops, usually led by the Delivery Lead.\n\u2022 Understanding the functional requirements, business processes, entity relationships, user research, wireframes, and other artifacts as inputs into software design and development.\n\u2022 Translating user stories into technical design and prototypes.\n\u2022 Building applications, shared components, databases, APIs, and other technical solutions to meet end user needs and support the business processes that rely on the registry.\n\u2022 Troubleshooting and identification of issues throughout the delivery lifecycle as well as ongoing refactoring to continually improve code quality.\n\u2022 Identifying and implementing test automation at the appropriate level for the functionality being delivered.\n\u2022 Conducting software demos to team members and stakeholders.\n\u2022 Communicating progress and identifying risks, impediments, and dependencies.\n\u2022 Participating peer code review and providing knowledge transfer to other team members\n\nWHAT SKILLS / QUALIFICATIONS YOU\u2019LL NEED TO DO THE JOB:\n\u2022 Experience with DevOps ways of working and supporting technology such as git, GitHub/GitLab, Continuous Integration servers and static or dynamic code analysis.\n\u2022 Experience in system designs employing modern architectural patterns, such as microservices, multi-tiered architecture and containerization, etc.\n\u2022 Building software applications using dotnet core components for front and backend development.\n\u2022 Modern HTML and CSS frameworks and practices.\n\u2022 Practice Test Driven Development such as writing unit tests and ensuring code coverage while building the functionality.\n\u2022 Building APIs and integrating systems designed using RESTful web services.\n\u2022 Development in container environment, preferably in OpenShift.\n\u2022 Agile methodologies - Scrum and Kanban and working in teams of mixed disciplines.\n\u2022 Must demonstrate the ability to work with minimal supervision, take initiative and be resourceful in problem solving or proposing viable options and solutions.\n\n\u2026AND YOU ARE...\n\u2022 Always improving your skills and knowledge: you want to be the best at what you do.\n\u2022 Curious and creative; comfortable taking on new problems and challenges.\n\u2022 A self-starter with the ability to recommend priorities to the project leader.\n\u2022 Comfortable working through problems and figuring things out with minimal supervision.\n\u2022 Great problem-solving skills: thorough and reliable\n\u2022 Able to work in a team: share knowledge and assist other team members.\n\u2022 A good communicator: able to explain your ideas and recommendations.\n\u2022 Well organized and dependable under pressure: you manage your time effectively.\n\u2022 Energized by our company values!\n\nMariner Offers You\n\u2022 A values-driven workplace where people really matter.\n\u2022 Flexible work location.\n\u2022 Competitive salary, retirement savings program, and rewards program.\n\u2022 Comprehensive health, dental, vision, life and disability insurance plans and access to e-health care.\n\u2022 Paid vacation, maternity/parental leave, paid sick leave and paid Mariner MyLife days.\n\u2022 Unlimited training.\n\nWHY MARINER?\n\nWe believe in making a positive impact in the communities where we live and work! Our team is in major cities across Canada, with most of our team residing in Atlantic Canada. Not only are we passionate about nurturing a thriving technology sector here in Atlantic Canada, but we are also committed to solving technology challenges that will make an impact worldwide. Technology is everlasting, and we take pride in connecting world class talent to world class projects and business solutions! To achieve this, we know we need to be all in on training and development of our team so we can continue to move the needle in the technology sector together. Of course, we offer competitive compensation and benefits packages to our team, but our competitive edge is the development and training that our team experiences every day. We recognize that empowered employee s are more innovative, more efficient, deliver better customer results and can flat out-perform conventional organizations.\n\nIf you are an IT Professional, Software Professional, or Management Consultant, that is passionate about career development, data, and problem solving, we want to hear from you! If this sounds like someone you know, share this with them so they do not miss the opportunity to experience Mariner!\n\nTo achieve this, we know we need to be all in on training and development of our team so we can continue to move the needle in the technology sector together. Of course, we offer competitive compensation and benefits packages to our team, but our competitive edge is the development and training that our team experiences every day.\n\nBe part of our vibrant community that values diversity and embraces inclusion at every level. We are committed to fostering a culture where individuals from all backgrounds and walks of life feel empowered to contribute their unique perspectives. Our collaborative environment celebrates the richness of ideas and experiences, and we believe that by embracing diversity, we can achieve greater innovation and excellence together. Come and help us create a workplace that reflects the beautiful tapestry of our global community.\n\nJoin our growing team!",
            "location": "Fredericton, NB, Canada",
            "employmentType": "",
            "datePosted": "5 days ago",
            "salaryRange": "",
            "jobProviders": [
                {
                    "name": "LinkedIn",
                    "url": "https://ca.linkedin.com/jobs/view/senior-net-developer-at-mariner-innovations-4075413473?utm_campaign=google_jobs_apply&utm_source=google_jobs_apply&utm_medium=organic"
                },
                {
                    "name": "Career Beacon",
                    "url": "https://www.careerbeacon.com/en/job/1965271/mariner/senior-net-developer/fredericton-nb?utm_campaign=google_jobs_apply&utm_source=google_jobs_apply&utm_medium=organic"
                },
                {
                    "name": "Jooble",
                    "url": "https://ca.jooble.org/jdp/4314649556344851493?utm_campaign=google_jobs_apply&utm_source=google_jobs_apply&utm_medium=organic"
                },
                {
                    "name": "Talent.com",
                    "url": "https://ca.talent.com/view?id=22583f7e41a7&utm_campaign=google_jobs_apply&utm_source=google_jobs_apply&utm_medium=organic"
                },
                {
                    "name": "Monster.ca",
                    "url": "https://www.monster.ca/job-openings/senior-net-developer-fredericton-nb--0c6bde62-6b6f-4fea-abaa-e22d776e1b7c?utm_campaign=google_jobs_apply&utm_source=google_jobs_apply&utm_medium=organic"
                },
                {
                    "name": "BeBee Canada Meet Opportunities",
                    "url": "https://ca.bebee.com/job/a1a5a23fef84cd9cb6c69901e2840719?utm_campaign=google_jobs_apply&utm_source=google_jobs_apply&utm_medium=organic"
                },
                {
                    "name": "Aboriginal Job Board",
                    "url": "https://aboriginaljobboard.ca/job/senior-net-developer-118042/?utm_campaign=google_jobs_apply&utm_source=google_jobs_apply&utm_medium=organic"
                },
                {
                    "name": "LGBT Job Board",
                    "url": "https://www.jobboard.lgbt/job/senior-net-developer/?utm_campaign=google_jobs_apply&utm_source=google_jobs_apply&utm_medium=organic"
                }
            ]
        },
        {
            "jobType": "senior_.net_developer",
            "title": "Senior .NET Developer",
            "company": "MDA Space",
            "description": "The Robotics and Space Operations (RSO) business of MDA Space, headquartered in Brampton, Ontario, has 30+ years of experience in designing and operating space robotics systems such as Canadarm on the Space Shuttle, and Canadarm2 and Dextre on the International Space Station. While currently developing Canadarm3 for the Gateway station - the first element of the NASA-led Artemis mission returning to the Moon - the business also develops rover technology for Mars missions, sensors for Asteroid exploration missions, and LiDAR technology for spacecraft maneuvering. The RSO business has recently released a new commercial space robotics product line, SKYMAKER, to address emerging markets such as commercial space stations, in-space servicing, assembly, and manufacturing, and lunar infrastructure applications.\n\nDetail\n\nMDA is seeking a Senior .NET Developer to be part of the Business Systems Team working to design, develop, modify, debug and evaluate complex problems related to the enterprise applications supporting different functional areas of the business including but not limited to manufacturing, distribution, finance, operations and projects. Also has a solid understanding of cloud technologies design and developing/architecting SaaS/SOA Enterprise applications.\n\nJob Responsibilities\n\u2022 Modernize and transform legacy custom enterprise applications by being instrumental architecting the new framework that will benefit from cloud offerings like managed services and serverless options, to build applications that are easy to integrate through APIs, leverage the Lake House and leverage the Analytics Platform while increasing security and data processing.\n\u2022 Programs applications and interfaces for enterprise level systems using appropriate toolsets.\n\u2022 Analyzes complex business needs and proposes cost effective solutions, which not only satisfy the immediate needs. These solutions are also flexible to include additional functionality for future benefits.\n\u2022 Develops solutions by interpreting functional requirements and design specifications into existing applications.\n\u2022 Ability to design complex reports.\n\u2022 Performs unit test in the written code.\n\u2022 Provides phone, email, in person and remote support for all enterprise level systems.\n\u2022 Exercises judgement in selecting methods, techniques and necessary tools required to support applications development, test and reusability.\n\u2022 Produces quality products that provide the customers/users with accurate and useful tools through interpretation of needs and programming skills.\n\u2022 Generates documentation supporting the complete development lifecycle such as block diagrams, data flow charts, technical design, test plan, training documentation, etc.\n\u2022 Defines project plans from a budget, resource, risk and schedule perspective. Monitor and communicate progress to the stakeholders.\n\u2022 Provides recommendations to leadership team to improve cost effectiveness and efficiency in the successfully deliver of commitments.\n\u2022 Ensures effective implementation and on-going operation of new and modified applications, by conducting the training of users in the detailed system operation.\n\u2022 Recommends changes in development, maintenance and system standards.\n\u2022 Supports application of best industry practices and standards and develop innovative solutions to difficult problems.\n\u2022 Mentors other team members assisting other developers from the same department and/or other departments.\n\u2022 Coordinate activities of other personnel (as required).\n\u2022 Attends team, project status, and review meetings to provide accurate updates and state of the projects in charge.\n\u2022 Participates as part of a team, understanding the various work styles of others, and their roles on the team.\n\u2022 Demonstrates enthusiasm and commitment to the goals and objectives of the team.\n\u2022 Provides the necessary foundation of business knowledge to propose recommendations for future direction of business applications.\n\u2022 Participates in software upgrades and application of patches as required.\n\u2022 Performs all other duties as assigned.\n\nRequired Qualifications\n\u2022 Bachelor\u2019s degree in Computer Engineering, Computer/Data Science or related discipline\n\u2022 5+ years of experience C#, .Net Framework, Python, React, Angular, SQL Server and developing/architecting SaaS/SOA Enterprise applications\n\u2022 3+ years of experience with DevOps approaches for CI/CD, release management, and automation using tools such as Azure DevOp and Jenkins\n\u2022 2+ years of experience with Docker and/or Kubernetes\n\u2022 2+ years of experience with Azure Cloud (Azure Key Vault, managed identities, and Azure App Configuration, Azure Functions and Azure App Service)\n\u2022 Experience developing in an Agile model\n\u2022 Security best practices (OWSAP, SSL/TLS, Authentication, Authorization, etc.)\n\u2022 Strong communication, interpersonal, presentation and technical skills\n\u2022 Critical Thinking, Strong problem-solving and analytical skills\n\u2022 Highly motivated, enthusiastic, and a positive thinker\n\nPreferred Qualifications\n\u2022 Strong background in object-oriented development techniques\n\u2022 Web programming: HTML5, XML, CSS, AJAX, jQuery and Web API\n\u2022 Frameworks: .NET Framework, .NET Core, React and Angular\n\u2022 Microsoft technology stack: MVC, Web Forms. NET, LINQ, Entity Framework, ADO.NET, Web API and WCF\n\u2022 Strong experience in database design and development in Microsoft SQL Server or equivalent\n\u2022 Reporting and Business Intelligence platform: Power BI, IBM Cognos, Crystal reports, Microsoft BI (SSRS, SSIS, SSAS) are a plus or equivalent\n\u2022 Source control tools (TFS, SVN, GIT, CVS or equivalent)\n\u2022 Good understanding and ability to apply various process and Design Patterns\n\u2022 Hands on experience in Soap/Rest API/web service\n\nSpecial Considerations\n\nSuccessful candidates must obtain and hold security clearance at the reliability status level, and pass security assessment for the Controlled Goods Program (CGP) and ITAR.\n\nBenefits Statement\n\nMDA Space offers competitive compensation and benefits to its employees at all of its locations. As a member of the MDA Space team, you and your eligible dependents can enroll in a benefits plan that provides a comprehensive level of protection through competitive health care, including: health care plans supplemental and flexible drug plans, dental and vision benefits, disability income protection, life insurance, group retirement savings plans and an employee assistance program and to their family.\n\nEqual Opportunity Statement\n\nMDA Space is an equal opportunity employer with a strong focus on diversity and inclusion. We are committed to treating all employees and candidates with respect and dignity. If you require assistance or a reasonable accommodation due to a disability during the application or recruitment process, please let us know.\n\nThe compensation range for this position is $90,000 - $120,000 annually. The specific compensation offered will be based on the qualifications and experience of the successful candidate.\n\n#MDA",
            "location": "Sainte-Anne-de-Bellevue, Quebec, Canada",
            "employmentType": "",
            "datePosted": "19 days ago",
            "salaryRange": "",
            "jobProviders": [
                {
                    "name": "LinkedIn",
                    "url": "https://ca.linkedin.com/jobs/view/senior-net-developer-at-mda-space-4063567753?utm_campaign=google_jobs_apply&utm_source=google_jobs_apply&utm_medium=organic"
                },
                {
                    "name": "Levels.fyi",
                    "url": "https://www.levels.fyi/jobs?jobId=97910021345419974&utm_campaign=google_jobs_apply&utm_source=google_jobs_apply&utm_medium=organic"
                }
            ]
        },
        {
            "jobType": "senior_.net_developer",
            "title": "Senior .NET Developer (Sitecore CMS)",
            "company": "Canadian Cancer Society",
            "description": "Job Title: Senior .NET Developer (Sitecore CMS)\n\nLocation: Toronto, Ottawa, Hamilton, Halifax, St. John\u2019s, Vancouver, Calgary (Detailed office location information can be found by visiting this link: https://cancer.ca/en/contact-us)\n\nWork Model: Hybrid\n\nSalary Band: 7 ($76,000 - $114,000 CAD)\n\nWHY JOIN THE CANADIAN CANCER SOCIETY (CCS)?\n\nThe Canadian Cancer Society works tirelessly to save and improve lives. We raise funds to fuel the brightest minds in cancer research. We provide a compassionate support system for all those affected by cancer, across Canada and for all types of cancer. Together with patients, supporters, donors and volunteers, we work to create a healthier future for everyone. Because to take on cancer, it takes all of us. It takes a society.\n\nHelp us make a difference.\n\nCOME AS YOU ARE\n\nAt CCS, we embrace everyone\u2019s uniqueness and recognize the strength that lies in differences. We believe in the power of our collective potential and strive to achieve a more diverse, inclusive, and equitable workplace to empower and create opportunities for all. We welcome and encourage applications from all qualified candidates regardless of their gender, age, religion, race, ethnicity, and nationality. Particularly equity deserving groups, such as members of the BIPOC, and 2SLGBTQI+ communities, people living with disabilities, veterans, and anyone who may contribute to the further diversification of the Canadian Cancer Society. Together we unite and inspire all Canadians to change the future of cancer.\n\nJOB OVERVIEW\n\nThe Canadian Cancer Society is looking for a Sr. Developer to plan, develop, upgrade, and troubleshoot digital products and solutions as it primarily relates to our content production, management, and delivery.\n\nCollaborating with a cross-functional team of technical, database and marketing/research experts, you will be responsible for programming, troubleshooting, and upgrading website and mobile-first solutions where the primary goals are content management, data integration, API use, coding best practices with due consideration to user-centricity, accessibility, and privacy principles. You are a quick learner, capable of sharing knowledge with teams/peers and leading web/mobile development projects. You are a dynamic team player capable of writing quality code under a strong understanding of project lifecycle and software development lifecycle.\n\nTo succeed in this role, you will also need to be proficient in .NET development with strong skills in C#, as well as adaptive to new products, people, and technologies. You exhibit high energy and affinity towards user-centric solutions.\n\nWHAT YOU\u2019LL BE DOING:\n\u2022 Working in collaboration with developers, product & project managers, UX and QA teams to own and deliver high quality and high performing technical solutions on time and within scope.\n\u2022 Define detailed specifications for web/mobile and other technical solutions.\n\u2022 Write well designed, testable, efficient code by using best software development practices.\n\u2022 Integrate data from various back-end services, databases, and APIs.\n\u2022 Configure, customize, and code CMS-based templates, page layouts and data integration modules for public facing presence.\n\u2022 Help maintain development environments (DEV, QA, PROD etc.) in Azure ensuring effective cost structure.\n\u2022 Support IT-based system upgrades, configurations or protocols as they related to our network infrastructure for our enterprise content architecture.\n\u2022 Undertake code reviews with the design and development team, mentor/coach others as required.\n\u2022 Maintain high standards of software quality within the team by establishing good practices and habits.\n\u2022 Work jointly with another senior developer and/or independently based on project scope.\n\u2022 Prepare and execute demos and training sessions on technical solutions.\n\u2022 Write technical documentation for delivered solutions.\n\u2022 Plan, prepare for and execute production deployments, including documentation of release and roll-back plans, based on best practices.\n\u2022 Actively contribute to our culture of justice, belonging, equity, diversity, and inclusion by ensuring that all staff feel represented and heard regardless of their gender, age, religion, ethnicity, and nationality or race.\n\nQUALIFICATIONS:\n\u2022 Computer Science / Software engineering degree / Or related degree/certification with a combination of training and experience in Content Management Systems.\n\u2022 4 or more years of relevant experience working in the publishing sector, or similar industries leveraging content management systems and processes.\n\u2022 Strong web application experience in .NET with strong skills in C#.\n\u2022 Experience working with headless CMS and front-end presentation libraries such as Angular, Vue.js, and react.js is a strong asset.\n\u2022 Good knowledge of HTML, CSS, Bootstrap, and JavaScript.\n\u2022 Experience developing for Sitecore content management system and Sitecore certification is an asset.\n\u2022 Experience designing and building business/data layers and code libraries.\n\u2022 Experience with creating and consuming APIs (i.e., RESTful, GraphQL).\n\u2022 Adequate knowledge of relational database systems (such as SQL), data integration, Object Oriented Programming, and web application development.\n\u2022 Experience using Microsoft Azure DevOps toolset (or Atlassian/Jira).\n\u2022 Experience working within an Agile methodology (e.g., Scrum, Kanban) is an asset.\n\u2022 Sound problem diagnosis and creative problem-solving skills.\n\u2022 Good business acumen with an ability to work, adapt, and thrive in a fast-paced environment, learn rapidly and master diverse web technologies and techniques.\n\nWHAT YOU CAN EXPECT FROM US:\n\nCCS offers meaningful opportunities to help make a difference in the lives of Canadians with cancer, their caregivers, families and communities. We are committed to building and nurturing an inclusive community for our employees by highlighting their unique experiences. We value diverse skills and strongly encourage applications from all qualified candidates. CCS is committed to fostering a culture that is inspiring, supportive and exemplifies our core values:\n\nCOURAGEOUS UNITED CARING RIGOROUS\n\nIn return for your skills and dedication, we offer an attractive compensation package that encompasses a competitive salary, excellent benefits, which include paid parental leave, paid family sick time and health insurance, and the opportunity to have a rewarding employment experience where your contributions can make a true difference every day.\n\nHOW TO APPLY:\n\nQualified candidates are invited to submit their resume, cover letter and salary expectations by November 28th, 2024.\n\nWe thank all candidates for their interest and advise that only those selected for an interview will be contacted.\n\nOTHER INFORMATION:\n\nCCS is committed to employment equity and encourages applications from all qualified candidates. In accordance with the local provincial Accessibility Act, accommodation will be provided as requested throughout the recruitment process. We want to make the interview process a great experience for you!\n\nPlease note that in keeping with the mandate of CCS to model and promote healthy lifestyles, employees are not permitted to smoke in or about CCS premises or while carrying out CCS business.\nPrivacy Disclosure\n\nWe collect your personal information through forms, by phone or in person to evaluate your candidacy for the role(s) you have applied for, to contact you regarding your candidacy, and to generate recruitment-related reports. If selected for a position at CCS the information provided will be used for the purposes of pre-employment checks and added to your employee file. We may share your personal information with third parties, including recruitment consultants, within or outside your province or territory or outside Canada to carry out the purposes identified above, or as required by law. We may contact you by mail, email, phone or text. You can exercise your right to access your information or have it corrected, unsubscribe from communications or withdraw your consent by selecting these options within the ADP system, or by contacting privacy@cancer.ca. For more information about our privacy practices, visit cancer.ca/privacy.\n\nCONNECT WITH US:\n\nLinkedIn | Facebook | Twitter | YouTube\n\n#IND\n\n#LI-VL1\n\n#LI-HYBRID",
            "location": "Ottawa, ON, Canada",
            "employmentType": "",
            "datePosted": "3 days ago",
            "salaryRange": "",
            "jobProviders": [
                {
                    "name": "Indeed",
                    "url": "https://ca.indeed.com/viewjob?jk=906b045eedba908d&utm_campaign=google_jobs_apply&utm_source=google_jobs_apply&utm_medium=organic"
                },
                {
                    "name": "Glassdoor",
                    "url": "https://www.glassdoor.ca/job-listing/senior-net-developer-sitecore-cms-canadian-cancer-society-JV_IC2286068_KO0,33_KE34,57.htm?jl=1009528249659&utm_campaign=google_jobs_apply&utm_source=google_jobs_apply&utm_medium=organic"
                },
                {
                    "name": "Workopolis",
                    "url": "https://www.workopolis.com/jobsearch/viewjob/wF2fh1_P1w-qMuFmsMkp0LSJZK0kaenMZYC__nE5oI2dAr8D8pRw09kdu85E802e?utm_campaign=google_jobs_apply&utm_source=google_jobs_apply&utm_medium=organic"
                },
                {
                    "name": "SimplyHired",
                    "url": "https://www.simplyhired.ca/job/9QADxP0doq0GLK_tRbq_A6jD1uEdT6dbr8n4n58sOP9iwu754tJ01Q?utm_campaign=google_jobs_apply&utm_source=google_jobs_apply&utm_medium=organic"
                },
                {
                    "name": "Trabajo.org",
                    "url": "https://ca.trabajo.org/job-2610-5c1d4208496e4ea126e33b0c4828f2ef?utm_campaign=google_jobs_apply&utm_source=google_jobs_apply&utm_medium=organic"
                }
            ]
        },
        {
            "jobType": "senior_.net_developer",
            "title": ".Net Developer",
            "company": "AdventInfotech",
            "description": "Dot Net Developers:\n\nWe are seeking a skilled .NET Developer to join our development team. The ideal candidate will have a strong background in .NET technologies and a passion for building robust, scalable, and high-performance applications. You will be responsible for designing, developing, and maintaining software solutions that meet our clients' needs.\n\nResponsibilities:\n\n\u2981 6+ years of total experience in IT - hands on delivery of large enterprise complex solution\n\n\u2981 Programming: C# / .NET\n\n\u2981 Service Development: RESTful services, ASP.NET Core, Azure and Microservices a plus\n\n\u2981 Data: SQL Server, Azure SQL (required)\n\n\u2981 Design & Style: HTML5, Responsive/Adaptive Design, Design Thinking, Usability Design\n\n\u2981 Script: JavaScript, TypeScript, jQuery, JSON (all optional)\n\n\u2981 Configure, build, and test the application or technical architecture components.\n\n\u2981 Work with other developers, designers, and architects to make sure that the configuration and custom components meet application requirements and performance goals.\n\n\u2981 Anticipate, identify, track, and resolve issues and risks affecting the delivery.\n\n\u2981 Participate in quality management reviews, ensuring the application design and related work products satisfy the requirements.\n\n\u2981 Oversee and manage a cross-functional development team that designs, develops, and enhances software assets that meet or exceed internal and external (client) expectations, in line with product functionality, cost and delivery schedules.\n\n\u2981 Apply knowledge to create an environment that fosters accountability, quality, commitment, growth, and innovation and support the business process as needed.\n\nWhat do we expect from you?\n\u2022 Masters or Bachelor in CIS / Engineering / Science / Mathematics / Statistics / Design\u2026 etc.\n\u2022 Should have hands-on years of experience in any one of the above technology.\n\u2022 Willing to relocate anywhere in the USA.\n\u2022 Excellent Communication Skills.\n\nBenefit:\n\u2022 Competitive salary package.\n\u2022 Opportunities for professional growth and development.\n\u2022 Collaborative and inclusive work environment.\n\u2022 Access to cutting-edge tools and technologies.\n\u2022 Paid Holidays\n\nAbout Advent Infotech:\n\nAdvent Infotech is a multinational IT services company with offices in 7 countries, including Mexico. Our clients mainly come from the United States. Our head office is located in New Jersey, USA Our delivery centers are located in six countries: India, Indonesia, Australia, Poland, Canada and Mexico. Advent is led by great leadership with more than twenty years in the business. Our directors are highly ethical and come with Harvard Business School education, serial entrepreneurs, and angel investors with long-standing business ethics. Advent's motto has always been to provide profitable technology solutions for our clients while creating value for our clients.",
            "location": "Ottawa, ON, Canada",
            "employmentType": "",
            "datePosted": "6 days ago",
            "salaryRange": "",
            "jobProviders": [
                {
                    "name": "LinkedIn",
                    "url": "https://ca.linkedin.com/jobs/view/net-developer-at-adventinfotech-4074099903?utm_campaign=google_jobs_apply&utm_source=google_jobs_apply&utm_medium=organic"
                },
                {
                    "name": "SitePoint",
                    "url": "https://www.sitepoint.com/jobs-for-developers/adventinfotech/net-developer-779018/?utm_campaign=google_jobs_apply&utm_source=google_jobs_apply&utm_medium=organic"
                },
                {
                    "name": "ClickaJobs",
                    "url": "https://ca.clickajobs.com/job/Net-Developer/ottawa/26051512?utm_campaign=google_jobs_apply&utm_source=google_jobs_apply&utm_medium=organic"
                }
            ]
        },
        {
            "jobType": "senior_.net_developer",
            "title": "Senior .NET Developer/Analyst",
            "company": "Agricorp",
            "description": "Job Description:\n\nJob information Senior .NET Developer/Analyst from the Company Agricorp, this latest Senior .NET Developer/Analyst job vacancy is located in the city Guelph, ON located in the country Canada . This latest job opening is open to job seekers who have the latest education / graduate Bachelor Degree . Job Vacancies in this Programmer field have been opened and published up to the specified time.\n\nJob Responsibility:\n\nAgricorp is looking for a Senior .NET Developer/Programmer Analyst to join the Income Stabilization Services in the Information & Technology Services (ITS) division. This position will be a key member of the development team that supports a variety of ITS systems, corporate initiatives and projects across Agricorp.\nThe Role\n\nThe Senior .NET Developer/Programmer Analyst will work with and report to the Team Leader, IT Portfolio within the ITS Income Stabilization Services. As the Senior .NET Developer/Programmer Analyst, your primary role is to support the development and production support activities in different ITS systems on the variety of platforms such as but not limited to .NET, AEM (Adobe Smart forms) and VB6 applications. You will be responsible for design, development and system analysis of complex processes in support of day-to-day operational service requests. You will also address production issues and participate in the delivery of new solutions.\n\nIn this role, you will:\n\u2022 Provide recommendations for the selection and implementation of new features, from translating complex requirements to solution and product\n\u2022 Prepare and maintain detailed design and technical specification documents for delivering requested business functionality through the solution\n\u2022 Develop and deliver the requirements following following ITS methodology and best practices\n\u2022 Participate in addressing production operational requests and production issues as required\n\u2022 Work with the team to ensure quality of the deliverables through completion of unit testing and integration testing of assigned tasks\n\u2022 Support and collaborate with the Test Services team\n\u2022 Partner with business analysts and business users to create training materials and documentation as required\n\nJob status: Permanent Position Salary range: Band 7 $67,672 - $79,613 Work Status: full time in office, remote or hybrid work arrangements offered Location: The successful candidate must live and work in Ontario to perform this role\nQualifications\n\u2022 Bachelor's degree or diploma in computer science or equivalent experience\n\u2022 Minimum 5 years' experience in full development cycle of web and Windows applications on .NET platforms (Microsoft .NET Framework 4.5 or higher) using C#\n\u2022 Minimum 2 years' experience using Oracle Database 11g or later\n\u2022 Experience in systems integration and implementation of service oriented architecture using WCF services in system development\n\u2022 Experience in development and support of VB6 applications would be an assent\n\u2022 Experience in stored procedures and using tools such as Toad or Oracle PL/SQL developer\n\u2022 Experience with technical documentation\n\u2022 Experience using tools for day-to-day system development activities, such as Team Foundation Server (TFS) or JIRA\n\u2022 Experience in production support with strong analytical skills to identify and address production issues\n\u2022 Demonstrated strong ability to understand, analyze, troubleshoot and solve technical issues under time constraints\n\u2022 Excellent communication skills and team working capabilities\n\u2022 Experience in system development using Agile methodology an asset\n\u2022 Experience in continuous integration and daily code release using Teamcity or other tools an asset\nKey competencies\n\u2022 Communication - Listens to others and communicates effectively, fostering open communication\n\u2022 Critical judgment, decision making and problem solving - Uses critical judgment to make decisions and solve problems involving varied levels of complexity, ambiguity, and risk\n\u2022 Initiative - Identifies and deals with situations and issues proactively and persistently, seizing opportunities that arise\n\u2022 Analytical thinking - Interprets, links, and analyses information and situations by breaking them down into component parts, and identifying patterns, connections, and underlying issues\n\u2022 Client focus - Provides service excellence to internal and external clients\n\u2022 Achieving quality results - Focuses efforts on managing one's self to achieve high quality results consistent with the organization's standards and measures, while managing risk\n\u2022 IT - Application development/support and maintenance - Has the knowledge and ability to design, define, construct, enhance, support, and maintain application software on one or more platforms including web\nBackground\n\nAgricorp, an agency of the government of Ontario.\n\nAgricorp delivers government programs. These programs help protect the livelihood of over 47,000 Ontario farmers against the many risks farm businesses face every day. Our employees are skilled professionals who respond when industry and government need us, manage public funds with great care and integrity, and deliver a quality customer experience.\n\nAgricorp helps grow Ontario agriculture. We underwrite $7 billion in risk each year. The agency was established in 1997, and in our first 25 years we made $7.5 billion in payments to farmers when they needed it most.\nApply online\n\nTo apply for this position, please go to www.agricorp.com and select Careers. Click on Current Opportunities.\n\nWe thank all applicants for their interest; however only those selected for an interview will be contacted directly.\n\nKeywords : Guelph jobs\n\nClosed Date : 2024-12-11",
            "location": "Guelph, ON, Canada",
            "employmentType": "",
            "datePosted": "7 days ago",
            "salaryRange": "",
            "jobProviders": [
                {
                    "name": "Edajobs.com",
                    "url": "https://ca.edajobs.com/job/43259/Senior-.NET-Developer-Analyst.html?utm_campaign=google_jobs_apply&utm_source=google_jobs_apply&utm_medium=organic"
                }
            ]
        },
        {
            "jobType": "senior_.net_developer",
            "title": "Senior .net developer to complete the rebuild of an existing software solution into a cloud agnostic application in the public sector.",
            "company": "S.i. Systems",
            "description": "Our public sector client requires a Reliability cleared Senior .NET developer to assist with the complete rebuild of an existing software into a future proof scalable cloud agnostic Blazor server application.\n\nResponsibilities:\n\u2022 Deliver assigned Product backlog items at the end of every 2-week sprint\n\u2022 Investigate options to expand the program to an enterprise data consumption platform and workflow manager\n\u2022 Support re-gating documents by providing technical information and diagrams\n\u2022 Support Technical Documentation of the solution\n\nMust-have:\n\u2022 .NET experience\n\u2022 Blazor experience\n\u2022 Azure Functions experience\n\u2022 Azure Databricks experience\n\nNice to have:\n\u2022 Artificial intelligence experience\nApply",
            "location": "Ottawa, ON, Canada",
            "employmentType": "",
            "datePosted": "17 days ago",
            "salaryRange": "",
            "jobProviders": [
                {
                    "name": "Jobillico",
                    "url": "https://www.jobillico.com/en/job-offer/si-systemsiJxzWu/senior-.net-developer-to-complete-the-rebuild-of-an-existing-software-solution-into-a-cloud-agnostic-application-in-the-public-sector./14769347?utm_campaign=google_jobs_apply&utm_source=google_jobs_apply&utm_medium=organic"
                }
            ]
        },
        {
            "jobType": "senior_.net_developer",
            "title": "Senior Fullstack developer - Websites Connectivity",
            "company": "Coveo",
            "description": "Play a key role in developing our websites connectivity!\n\nAs a Fullstack Developer in the Website connectivity team in R&D, you will be working in the team handling and supporting a significant proportion of our client's data sources in production. The team is responsible for designing, developing, orchestrating and monitoring multiple and integrations with key systems such as sitecore or sitemap.\n\nAlong with your team colleagues, you will be working on making sure that these modules are:\n\u2022 Expertly designed\n\u2022 Ultra optimized\n\u2022 Highly available\n\u2022 Scalable\n\nYou will be in charge of developing these modules, and you will also build the frontend configuration for our Web, Sitemap, YouTube and RSS connectors.\n\nThis team is fully autonomous, including a QA and a Technical writer; and is set to tackle high impact projects.\n\nSounds challenging? Then we need you!\nYour typical day at Coveo:\n\u2022 You start the day with your virtual morning scrum. The bar was set high for the last 2 weeks, and 3 days before delivering, it seems your team did an excellent job so far. You're waiting on your performance tests to finalize and pick a few other tasks on another project on your Jira board.\n\u2022 You think about your next lines of code: you're stuck on a problem. You ask one of your colleagues on Slack if they have any ideas for you. After all, they may have already dealt with something similar.\n\u2022 Code, test, code, test... When you think you're ready, you open a pull request to get feedback from your colleagues. You're expected to give them feedback on their work too!\n\u2022 Your afternoon is a great focused stretch. You end your day proudly, with a fist in the air, because you finally understood the interaction between 4 different modules that caused a glitch. Good job!\n\u2022 You use a few minutes of your free time to think about and document your next awesome hackathon project.\nWhat are the basic requirements for the role?\n\u2022 At least 5 years of working experience with relevant programming frameworks and languages (.Net, C#, etc.).\n\u2022 Good knowledge of React and TypeScript.\n\u2022 Great capacity to explain the reasoning behind your coding choices.\n\u2022 A person that will simply CARE about the challenge they will tackle, and do the extra steps to achieve a great result.\nSome qualifications or assets that might add weight to your application:\n\u2022 Familiarity with Java\n\u2022 Great collaboration skills, a team player.\n\nDo you think you can bring this role to life? Or add your own color? You don't need to check every single box; passion goes a long way and we appreciate that skillsets are transferable.\n\nSend us your application, we want to hear from you! / Send us your application, we want to know what you're all about!\nJoin the Coveolife!\n\nWe encourage all qualified candidates to apply regardless of, for example, age, gender, disability, gaps in CV, national or ethnic background.",
            "location": "New Canada, NS, Canada",
            "employmentType": "",
            "datePosted": "",
            "salaryRange": "",
            "jobProviders": [
                {
                    "name": "Ladders",
                    "url": "https://www.theladders.com/job/senior-fullstack-developer-websites-connectivity-coveo-new-canada-ns_72571975?utm_campaign=google_jobs_apply&utm_source=google_jobs_apply&utm_medium=organic"
                }
            ]
        },
        {
            "jobType": "senior_.net_developer",
            "title": "Senior Net Developer with Net core Angular 12 AND SQL AZURE",
            "company": "Purple Drive",
            "description": "Senior .Net Developer with .Net core Angular 12 AND SQL AZURE\n\nToronto Canada\n\nExceptional knowledge of C# .Net Core REST APIs Angular 12 & above Typescript CSS/SCSS MSSQL Cosmos DB/Mongo (No SQL)\n\nExperience with serverless architecture like Azure Functions Microservices\n\nGood knowledge in Object Oriented programming (OOPS) language concepts\n\nGood knowledge in patterns and design principles Unit Testing (Jasmine Karma Nunit etc.)\n\nData Migration/Reporting tools like SSIS/SSRS/ADF preferred. Azure and/or AWS cloud experience mandatory\n\nAzure Devops knowledge required. CI/CD experience and knowledge required.\n\nGood knowledge on Graphql /JavaScript / JSON / jQuery / HTML/FetchXML",
            "location": "Toronto, ON, Canada",
            "employmentType": "",
            "datePosted": "",
            "salaryRange": "",
            "jobProviders": [
                {
                    "name": "Jooble",
                    "url": "https://ca.jooble.org/jdp/-3779033092423189717?utm_campaign=google_jobs_apply&utm_source=google_jobs_apply&utm_medium=organic"
                },
                {
                    "name": "Talent.com",
                    "url": "https://ca.talent.com/view?id=ad4afab17636&utm_campaign=google_jobs_apply&utm_source=google_jobs_apply&utm_medium=organic"
                },
                {
                    "name": "Ca.bebee.com",
                    "url": "https://ca.bebee.com/job/4f177ac0b8219807026dc3ab60f809b8?utm_campaign=google_jobs_apply&utm_source=google_jobs_apply&utm_medium=organic"
                },
                {
                    "name": "Jobrapido.com",
                    "url": "https://ca.jobrapido.com/jobpreview/6781654550366388224?utm_campaign=google_jobs_apply&utm_source=google_jobs_apply&utm_medium=organic"
                }
            ]
        },
        {
            "jobType": "senior_.net_developer",
            "title": "Canada: Sr API Developer (CANAD004085)",
            "company": "ScanSource",
            "description": "Job Details\n\nDescription\n\nJob Summary:\n\nThe Senior API Developer's role is leading the design and implementation of high-performance APIs and integrations. This role's expertise will be instrumental in ensuring our systems' scalability, security, and efficiency, significantly impacting our operations.\n\nThis role will be pivotal in enabling seamless integration between internal services and 3rd party SAS and APIs, providing ample opportunities for innovation and problem-solving.\n\nThis role centers on managing and developing intricate back-end services and integration between services. Your responsibilities encompass building services in an industry-standard way that ensures exceptional performance and responsiveness. You will be a technical leader who contributes rich expertise and provides mentorship and decisive problem-solving skills, empowering you to be an integral part of our collaborative team.\n\nResponsibilities\n\u2022 Lead the design and development of complex APIs that align with business requirements and industry best practices.\n\u2022 Collaborate with cross-functional teams to design, architect, and implement solutions while addressing technical design risks.\n\u2022 Drive seamless integration of APIs from various third-party web services.\n\u2022 Build integrations between heterogeneous systems that allow synchronous and asynchronous processing of data.\n\u2022 Identify and address intricate performance bottlenecks in API code, ensuring optimal system responsiveness and scalability.\n\u2022 Conduct in-depth testing, debugging, and performance tuning to elevate the reliability of API solutions.\n\u2022 Implement and enforce robust security measures to safeguard APIs from potential vulnerabilities.\n\u2022 Lead the creation and maintenance of comprehensive API documentation, setting a standard for clarity and user-friendliness.\n\u2022 Debug and resolve technical issues in existing APIs and integrations, performing regular maintenance and updates for stability.\n\u2022 Conducted unit and integration testing and collaborated with QA teams to identify and fix bugs and issues.\n\u2022 Stay informed of industry trends, technologies, and best practices to improve development processes continuously.\n\u2022 Contribute to project planning, estimation, and task breakdown, meeting deadlines, and delivering high-quality work.\n\nRequired\n\nSkills And Qualifications\n\u2022 Minimum 5+ years of hands-on experience in Python or NodeJS for API development\n\u2022 Extensive experience in API design, development, and implementation.\n\u2022 Expertise in RESTful API design principles.\n\u2022 Extensive experience with the AWS cloud platform.\n\u2022 Strong understanding of AWS cloud formation.\n\u2022 Strong understanding of object-oriented programming.\n\u2022 Strong experience with version control systems (e.g., Git) and advanced API testing tools.\n\u2022 Exceptional problem-solving skills and meticulous attention to detail.\n\u2022 Excellent communication and collaboration skills within cross-functional teams.\n\u2022 Proven ability to troubleshoot, debug, and upgrade existing software.\n\nPreferred\n\u2022 Mastery of containerization and orchestration technologies (e.g., Docker, Kubernetes).\n\u2022 Familiarity with cutting-edge API management platforms and tools.\n\u2022 Advanced understanding of serverless computing concepts.\n\u2022 Understanding of DevOps principles and experience with deployment pipelines.\n\u2022 Knowledge of web application security measures and vulnerabilities (e.g., OWASP Top Ten).\n\u2022 Experience working in Agile/Scrum environments, delivering iterative solutions.\n\u2022 Familiarity with other programming languages like C#, or PHP.\n\nCompensation\n\nCompensation Range: $115,000-$130,000 CAD\n\nActual annual salary offered to a candidate will be based on a number of variables including work experience, education and skills/ achievements, and will be mutually agreed upon at the time of offer. This position is not eligible for a variable pay component as part of the hiring range.\n\nWhile we\u2019re committed to providing top-tier solutions, we\u2019re just as committed to supporting our own team. Our employees enjoy a variety of comprehensive benefits, including medical/dental/vision coverage, life insurance, and a 401(k) plan with matching provision. Outside of CA, ScanSource grants 128 hours of paid time off (PTO) each calendar year (prorated for date of hire). In the state of CA, employees accrue a set number of hours each pay period equaling the same 128 hours of PTO. ScanSource also celebrates 8 paid company holidays.\n\nScanSource, Inc. is an Equal Opportunity Employer\n\nEOE/M/F",
            "location": "Calgary, AB, Canada",
            "employmentType": "",
            "datePosted": "3 days ago",
            "salaryRange": "",
            "jobProviders": [
                {
                    "name": "LinkedIn",
                    "url": "https://ca.linkedin.com/jobs/view/canada-sr-api-developer-canad004085-at-scansource-4076916767?utm_campaign=google_jobs_apply&utm_source=google_jobs_apply&utm_medium=organic"
                },
                {
                    "name": "Indeed",
                    "url": "https://emplois.ca.indeed.com/viewjob?jk=8f6203a1af12c3fd&utm_campaign=google_jobs_apply&utm_source=google_jobs_apply&utm_medium=organic"
                },
                {
                    "name": "Ladders",
                    "url": "https://www.theladders.com/job/canada-sr-api-developer-canad004085-scansource-calgary-ab_78916508?ir=1&utm_campaign=google_jobs_apply&utm_source=google_jobs_apply&utm_medium=organic"
                },
                {
                    "name": "SimplyHired",
                    "url": "https://www.simplyhired.ca/job/8cEZu-5aDLHlecfVms9mqxD8Fhs5OQ4sY5wHweTkOi2VjxeaNPoHpA?utm_campaign=google_jobs_apply&utm_source=google_jobs_apply&utm_medium=organic"
                },
                {
                    "name": "Talentify",
                    "url": "https://www.talentify.io/job/canada-sr-api-developer-canad004085-calgary-alberta-ca-scansource-canad004085?utm_campaign=google_jobs_apply&utm_source=google_jobs_apply&utm_medium=organic"
                },
                {
                    "name": "Jooble",
                    "url": "https://ca.jooble.org/jdp/-3862705287993492622?utm_campaign=google_jobs_apply&utm_source=google_jobs_apply&utm_medium=organic"
                },
                {
                    "name": "SnapJobSearch.com CA",
                    "url": "https://ca.snapjobsearch.com/jobs/view/1989294?utm_campaign=google_jobs_apply&utm_source=google_jobs_apply&utm_medium=organic"
                },
                {
                    "name": "Jobrapido.com",
                    "url": "https://ca.jobrapido.com/jobpreview/4530631782164332544?utm_campaign=google_jobs_apply&utm_source=google_jobs_apply&utm_medium=organic"
                }
            ]
        },
        {
            "jobType": "senior_.net_developer",
            "title": "Senior Software Developer",
            "company": "D2L",
            "description": "How will I make an impact?\n\nWe are looking for seasoned software developers who are passionate about developing software using engineering best practices. Senior software developers use past experiences & know-how to enable teams to be more productive & effective through the code they write, the decisions they make and knowledge they share. Your ideas and perspectives are essential to making sure we are investing in the right technology and effectively advancing our goal.\n\nWe need software developers to work on a wide range of technologies including, but not limited to: distributed systems, machine learning, user interfaces, mobile and cloud computing.\n\nWhat you'll bring to the role:\n\u2022 Strong communication skill for technical discussions and collaboration\n\u2022 Experience with OO design and proficient coding skills (ie: C++, C# or Java)\n\u2022 Strong understanding of Computer Science topics including: data structures, algorithms, databases, distributed systems\n\u2022 A body of work demonstrating a consistent ability to complete technically challenging work\n\u2022 Bachelor\u2019s degree in computer science, computer engineering or similar technical discipline",
            "location": "Kitchener, ON, Canada",
            "employmentType": "",
            "datePosted": "",
            "salaryRange": "",
            "jobProviders": [
                {
                    "name": "D2L",
                    "url": "https://www.d2l.com/careers/jobs/senior-software-developer/2079857/?utm_campaign=google_jobs_apply&utm_source=google_jobs_apply&utm_medium=organic"
                },
                {
                    "name": "Job Bank",
                    "url": "https://www.jobbank.gc.ca/jobsearch/jobposting/42016215?utm_campaign=google_jobs_apply&utm_source=google_jobs_apply&utm_medium=organic"
                },
                {
                    "name": "ZipRecruiter",
                    "url": "https://www.ziprecruiter.com/c/BinSentry/Job/Senior-Software-Developer/-in-Kitchener,ON?jid=460cf8bcf6a8f29d&utm_campaign=google_jobs_apply&utm_source=google_jobs_apply&utm_medium=organic"
                },
                {
                    "name": "Indeed",
                    "url": "https://ca.indeed.com/viewjob?jk=4d01bd98162555e9&utm_campaign=google_jobs_apply&utm_source=google_jobs_apply&utm_medium=organic"
                },
                {
                    "name": "Glassdoor",
                    "url": "https://www.glassdoor.ca/job-listing/senior-software-developer-brock-solutions-JV_IC2286008_KO0,25_KE26,41.htm?jl=1008145266353&utm_campaign=google_jobs_apply&utm_source=google_jobs_apply&utm_medium=organic"
                },
                {
                    "name": "Lewis & Clark AgriFood",
                    "url": "https://jobs.lewisandclarkagrifood.com/companies/binsentry/jobs/40943448-senior-software-developer?utm_campaign=google_jobs_apply&utm_source=google_jobs_apply&utm_medium=organic"
                },
                {
                    "name": "SimplyHired",
                    "url": "https://www.simplyhired.ca/job/F7OIHIEo98IH2dyOltGsrWWw2uu4icX_hi0jiCIaVS3mWkEfU5ZD2Q?utm_campaign=google_jobs_apply&utm_source=google_jobs_apply&utm_medium=organic"
                },
                {
                    "name": "Jooble",
                    "url": "https://ca.jooble.org/jdp/8135378347160679171?utm_campaign=google_jobs_apply&utm_source=google_jobs_apply&utm_medium=organic"
                }
            ]
        }
    ]
}