{
    "jobs": [
        {
            "jobType": "senior_application_developer",
            "title": "Software Developer - Senior",
            "company": "US Tech Solutions",
            "description": "Duration: 10+ months contract\n\nJob Description:\n\n\u00b7 The Client Display Solutions Team is seeking a candidate to help design and carry out the targeted-testing coverage for new dGPUs or APUs and manage the project execution. OS kernel programming experience is a plus.\n\nThe Person:\n\n\u00b7 Display Quality Engineering (Linux and/or Windows) test plan development and implementation\n\n\u00b7 DQE-related project management\n\n\u00b7 Experience with currently-shipping client APU platforms is a plus\n\n\u00b7 Fully familiar with concepts from display standards (DP, HDMI, eDP etc.)\n\nResponsibilities:\n\n\u00b7 Enthusiastic about thorough test coverage execution with objective to raise the engineering product quality bar\n\n\u00b7 Interest in the latest display technologies\n\n\u00b7 Enjoys working in an agile team environment\n\nExperience:\n\n\u00b7 5+ years work experience\n\nSkills:\n\n\u00b7 Design and implement detailed test plan for the kernel driver of new client APU or dGPU products\n\n\u00b7 Drive project execution, with focus on Display Quality Engineering\n\n\u00b7 Participate in new ASIC and hardware bring-up\n\n\u00b7 Manage engineering product quality and other related project deliverables\n\n\u00b7 Track and create related reports for the management\n\nEducation:\n\n\u00b7 BS degree in Computer Science, Computer Engineering, Software Engineering, Electrical Engineering or related engineering degree\n\nAbout US Tech Solutions:\n\nUS Tech Solutions is a global staff augmentation firm providing a wide range of talent on-demand and total workforce solutions. To know more about US Tech Solutions, please visit www.ustechsolutions.com.\n\nUS Tech Solutions is an Equal Opportunity Employer.All qualified applicants will receive consideration for employment without regard to race, color, religion, sex, sexual orientation, gender identity, national origin, disability, or status as a protected veteran.\n\nRecruiter Details:\n\nName: Megha\n\nEmail: meghaa@ustechsolutionsinc.com\n\nInternal Id: 24-26201",
            "location": "Markham, ON, Canada",
            "employmentType": "",
            "datePosted": "2 days ago",
            "salaryRange": "",
            "jobProviders": [
                {
                    "name": "LinkedIn",
                    "url": "https://ca.linkedin.com/jobs/view/software-developer-senior-at-us-tech-solutions-4075626463?utm_campaign=google_jobs_apply&utm_source=google_jobs_apply&utm_medium=organic"
                },
                {
                    "name": "ZipRecruiter",
                    "url": "https://www.ziprecruiter.com/c/TekWissen-LLC/Job/Software-Developer-Senior/-in-Markham,ON?jid=0633f72fe828176f&utm_campaign=google_jobs_apply&utm_source=google_jobs_apply&utm_medium=organic"
                },
                {
                    "name": "Adzuna",
                    "url": "https://www.adzuna.ca/details/4801428650?title=C20061_-_Senior_Software_Developer&utm_campaign=google_jobs_apply&utm_source=google_jobs_apply&utm_medium=organic"
                },
                {
                    "name": "Talent.com",
                    "url": "https://ca.talent.com/view?id=1e7fdcca7f97&utm_campaign=google_jobs_apply&utm_source=google_jobs_apply&utm_medium=organic"
                },
                {
                    "name": "Monster.ca",
                    "url": "https://www.monster.ca/job-openings/software-developer-senior-can-markham-on--cb3913b8-9985-4673-807a-fed1c5dad51e?utm_campaign=google_jobs_apply&utm_source=google_jobs_apply&utm_medium=organic"
                },
                {
                    "name": "Karkidi",
                    "url": "https://www.karkidi.com/job-details/43149-senior-researcher-intelligent-software-job?utm_campaign=google_jobs_apply&utm_source=google_jobs_apply&utm_medium=organic"
                },
                {
                    "name": "BeBee Canada Meet Opportunities",
                    "url": "https://ca.bebee.com/job/dfa8c36140d50cb94700a7082c212ee8?utm_campaign=google_jobs_apply&utm_source=google_jobs_apply&utm_medium=organic"
                },
                {
                    "name": "SimplyHired",
                    "url": "https://www.simplyhired.ca/job/DBVFPZhhPs3HKqzsDGCHOpn0hC4R5LcUwsY7b5Pg58_w5nPZT22Fkg?utm_campaign=google_jobs_apply&utm_source=google_jobs_apply&utm_medium=organic"
                }
            ]
        },
        {
            "jobType": "senior_application_developer",
            "title": "Senior Software Application Engineer",
            "company": "Quarry Consulting",
            "description": "Title: Senior Software Application Engineer\n\nLocation: ONLY candidates in the GTA will be considered - 2x a week on-site downtown TO\n\nDuration: 6-month - start early December\n\nRequirements:\n\n\u2022 Experience in Java Development (Java/Spring Boot/Spring Batch)\n\n\u2022 Design and develop microservices/APIs using Java/Spring boot.\n\n\u2022 Must have strong understanding of Java programming language and Spring/Spring boot framework.\n\n\u2022 Must have experience in building and consuming RESTFul APIs and microservices architecture principles and best practices.\n\n\u2022 Should have experience in other tools - JIRA, Jenkins, GIT, Bitbucket.\n\n\u2022 Experience in Design, build, and configuring applications to meet specific business processes and application requirements.\n\n\u2022 Develop and maintain software solutions that support business processes and objectives.\n\n\u2022 Write clean, maintainable code that adheres to the project's coding standards.\n\n\u2022 Test and debug applications to ensure they meet performance and security standards.\n\n\u2022 Optimize application performance and troubleshoot issues as they arise. Perform system analysis and provide technical recommendations for application design and development.",
            "location": "Canada",
            "employmentType": "",
            "datePosted": "4 days ago",
            "salaryRange": "",
            "jobProviders": [
                {
                    "name": "LinkedIn",
                    "url": "https://ca.linkedin.com/jobs/view/senior-software-application-engineer-at-quarry-consulting-4075548219?utm_campaign=google_jobs_apply&utm_source=google_jobs_apply&utm_medium=organic"
                }
            ]
        },
        {
            "jobType": "senior_application_developer",
            "title": "Senior Software Developer (Halifax), GFT",
            "company": "Royal Bank of Canada",
            "description": "Job Summary\n\nJob Description\n\nWhat is the opportunity?\n\nThis is an exciting opening for a Senior Software Developer to work with a talented team of individuals as part of FIAT. You will join an agile squad that builds in-house applications and integrates vendor products for our UK Regulatory Reporting business in Finance IT. You will be responsible for designing, developing and enhancing Axiom tool for UK regulatory reports. We value positive attitude, willingness to learn, open communication, teamwork and commitment to clean, secure and well-tested code.\n\nWhat will you do?\n\u2022 Provide solution for the development of the Axiom objects and process optimization.\n\u2022 Review SQL Queries to handle performance tuning exercises.\n\u2022 Collaborate with upstream and downstream teams for Development, support and bug fixes & ensure code/configuration written meets the predefined company and team standards.\n\u2022 Prepare and execution of detailed unit test cases to test the Axiom code in Controller View.\n\u2022 Coordinate implementation including packaging of code and obtaining the required approvals.\n\u2022 Participate in process and practice improvement at RBC Axiom SME level in areas of software development, testing and release management.\n\u2022 Conduct analyses of organizational needs and goals for the development and implementation of application systems.\n\nWhat do you need to succeed?\nMust have:\n\u2022 5+ years of development experience including minimum 2 years of development experience of AXIOM (Data sources, Data models, Modify models, Aggregations, Portfolios, Free-form Reports and Tabular Reports)\n\u2022 5+ years of development experience including minimum 3+ years of Oracle SQL development\n\u2022 Experience in Unix Scripting\n\u2022 Knowledge of Python\n\u2022 Hands-on experience in technical design, development (coding/testing/debugging), and implementation of application\n\nNice-to-have:\n\u2022 Development experience of AXIOM (Data sources, Data models, Modify models, Aggregations, Portfolios, Free-form Reports and Tabular Reports)\n\u2022 Experience with various DevOps pipeline and cloud tools such as Jenkins, GitHub, JIRA, Confluence, UCD, Artifactory, etc.\n\u2022 Experience working with ML or AI tools\n\nWhat\u2019s in it for you?\nWe thrive on the challenge to be our best, progressive thinking to keep growing and working together to deliver trusted advice to help our clients thrive and communities prosper. We care about each other, reaching our potential, making a difference to our communities, and achieving success that is mutual.\n\u2022 A comprehensive Total Rewards Program including bonuses and flexible benefits, competitive compensation, commissions, and stock where applicable.\n\u2022 Leaders who support your development through coaching and managing opportunities\n\u2022 Ability to make a difference and lasting impact.\n\u2022 Work in a dynamic, collaborative, progressive, and high-performing team\n\u2022 A world-class training program in financial services\n\n#LI-Hybrid\n\n#LI-POST\n\n#TECHPJ\n\nJob Skills\n\nAdditional Job Details\n\nAddress:\n\n120 WESTERN PKY:BEDFORD\n\nCity:\n\nBEDFORD\n\nCountry:\n\nCanada\n\nWork hours/week:\n\n37.5\n\nEmployment Type:\n\nFull time\n\nPlatform:\n\nTECHNOLOGY AND OPERATIONS\n\nJob Type:\n\nRegular\n\nPay Type:\n\nSalaried\n\nPosted Date:\n\n2024-09-24\n\nApplication Deadline:\n\n2024-11-30\n\nNote: Applications will be accepted until 11:59 PM on the day prior to the application deadline date above\n\nInclusion and Equal Opportunity Employment\n\nAt RBC, we embrace diversity and inclusion for innovation and growth. We are committed to building inclusive teams and an equitable workplace for our employees to bring their true selves to work. We are taking actions to tackle issues of inequity and systemic bias to support our diverse talent, clients and communities.\n\u200b\u200b\u200b\u200b\u200b\u200b\u200b\nWe also strive to provide an accessible candidate experience for our prospective employees with different abilities. Please let us know if you need any accommodations during the recruitment process.\n\nJoin our Talent Community\n\nStay in-the-know about great career opportunities at RBC. Sign up and get customized info on our latest jobs, career tips and Recruitment events that matter to you.\n\nExpand your limits and create a new future together at RBC. Find out how we use our passion and drive to enhance the well-being of our clients and communities at jobs.rbc.com.",
            "location": "Nova Scotia, Canada",
            "employmentType": "",
            "datePosted": "11 days ago",
            "salaryRange": "",
            "jobProviders": [
                {
                    "name": "RBC Careers",
                    "url": "https://jobs.rbc.com/ca/en/job/R-0000100442/Senior-Software-Developer-Halifax-GFT?utm_campaign=google_jobs_apply&utm_source=google_jobs_apply&utm_medium=organic"
                }
            ]
        },
        {
            "jobType": "senior_application_developer",
            "title": "Senior Software Engineer (Full Stack Developer)",
            "company": "Tradable Bits",
            "description": "Senior Software Engineer (Full Stack Developer)\n\nWHO WE ARE\n\nTradable Bits is an award-winning tech company that helps sports, music and entertainment brands build better fan experiences. Based in Vancouver, Canada we work with industry leaders in the sports, music & entertainment space including teams from the NBA, NHL, NFL and MLB, alongside Live Nation, BMG, Danny Wimmer Presents and many more.\n\nWHO YOU ARE\n\nYou are a positive and solutions-oriented individual with knowledge of a broad range of software applications, hardware, and networks. Your curious nature enables you to uncover and tackle issues using logic and reasoning to identify clear solutions. Embracing challenges, you approach work with a proactive and problem-solving mentality. You also have a passion for leading and developing a high-performing team and naturally bring out the best in others.\n\nTHE ROLE\n\nAs the Senior Software Engineer, you will be responsible for writing high-quality code, working across the full stack to develop new features and infrastructure, as well as assuming leadership responsibilities for new projects. In addition to executing engineering duties, you will mentor a team of skilled engineers, guiding them in the design, development, and deployment of high-quality software applications.\n\nPlease note this is a primarily in-office role based out of our Vancouver or Victoria office.\n\nWHAT YOU\u2019LL DO\n\u2022 Mentor a team of full stack engineers, fostering a culture of continuous improvement and innovation\n\u2022 Write high quality code covering everything from database to front-end\n\u2022 Oversee the entire software development lifecycle, from requirements gathering to deployment and maintenance\n\u2022 Collaborate across time zones with cross-functional teams to define project scope, objectives, and deliverables\n\u2022 Conduct code reviews to ensure code quality, performance, and adherence to standards\n\u2022 Stay up-to-date with industry trends and emerging technologies, recommending tools and practices to enhance team efficiency\n\u2022 Troubleshoot and resolve technical issues, providing support and guidance to team members\n\nMUST HAVE SKILLS AND EXPERIENCE\n\u2022 Proven experience in a senior mentorship role\n\u2022 Expert knowledge of web application stack from top to bottom\n\u2022 High level knowledge of Python\n\u2022 High level knowledge of SQL\n\u2022 Very good understanding of network protocols and infrastructure\n\u2022 Linux has been your home OS for years\n\u2022 High level knowledge of JS\n\u2022 Able to write clean and functional HTML / CSS / Javascript without relying on frameworks\n\u2022 BSc in Science, Math, Engineering, or related\n\u2022 Minimum of five years industry experience\n\nADDITIONAL SKILLS/TRAITS\n\u2022 Initiative to manage your own workload in a constantly evolving, dynamic environment\n\u2022 Excellent problem-solving skills and the ability to work in a fast-paced environment\n\u2022 Strong communication skills, with the ability to articulate technical concepts to non-technical stakeholders\n\nWORK PERKS\n\u2022 Competitive salary and full extended benefits\n\u2022 Opportunity to work side-by-side with industry experts\n\u2022 Focus on personal development, collaboration and mentorship\n\u2022 Team-oriented environment with snacks, coffee, drinks and happy hours\n\u2022 Creative freedom, flexible work environment, and ownership over your projects\n\nPLUS your development work will be used by many of the world\u2019s largest entertainment brands in the world, meaning you will take pride and ownership of the success of our partners like Live Nation, MLSE, OCESA, Portland Trailblazers, Lollapalooza, Austin City Limits, and Outside Lands - just to name a few.",
            "location": "Vancouver, BC, Canada",
            "employmentType": "",
            "datePosted": "16 days ago",
            "salaryRange": "",
            "jobProviders": [
                {
                    "name": "LinkedIn",
                    "url": "https://ca.linkedin.com/jobs/view/senior-software-engineer-full-stack-developer-at-tradable-bits-4064736274?utm_campaign=google_jobs_apply&utm_source=google_jobs_apply&utm_medium=organic"
                },
                {
                    "name": "ZipRecruiter",
                    "url": "https://www.ziprecruiter.com/c/TradableBits/Job/Senior-Software-Engineer-(Full-Stack-Developer)/-in-Vancouver,BC?jid=b89dc8355a9c3d41&utm_campaign=google_jobs_apply&utm_source=google_jobs_apply&utm_medium=organic"
                },
                {
                    "name": "Dice",
                    "url": "https://www.dice.com/job-detail/90ef167c-460a-48e5-aa5c-7331b0a2a99b?utm_campaign=google_jobs_apply&utm_source=google_jobs_apply&utm_medium=organic"
                },
                {
                    "name": "Glassdoor",
                    "url": "https://www.glassdoor.ca/job-listing/senior-software-engineer-full-stack-developer-tradablebits-media-inc-JV_IC2278756_KO0,45_KE46,68.htm?jl=1009497499342&utm_campaign=google_jobs_apply&utm_source=google_jobs_apply&utm_medium=organic"
                },
                {
                    "name": "SimplyHired",
                    "url": "https://fr.simplyhired.ca/job/0qHc0Oc2a9xuHZarDqKYuxoj5Ji-L6afawMiUDBfpjxkd5PQ9Xlf1g?utm_campaign=google_jobs_apply&utm_source=google_jobs_apply&utm_medium=organic"
                },
                {
                    "name": "Adzuna",
                    "url": "https://www.adzuna.ca/details/4915645124?utm_campaign=google_jobs_apply&utm_source=google_jobs_apply&utm_medium=organic"
                },
                {
                    "name": "Career Beacon",
                    "url": "https://www.careerbeacon.com/en/job-9/1617522/tradablebits-media-inc/senior-software-engineer-full-stack-developer/vancouver-bc?utm_campaign=google_jobs_apply&utm_source=google_jobs_apply&utm_medium=organic"
                },
                {
                    "name": "Talent.com",
                    "url": "https://ca.talent.com/view?id=8e686805f266&utm_campaign=google_jobs_apply&utm_source=google_jobs_apply&utm_medium=organic"
                }
            ]
        },
        {
            "jobType": "senior_application_developer",
            "title": "Senior Full Stack Developer",
            "company": "Luxoft",
            "description": "Project description\n\nApplying to the position, you may join one of the most respected and fastest growing institutional investors in the world. Our client is a professional investment management organization that globally invests the funds to ensure long-term sustainability. The company invests in all major asset classes, including public equity, private equity, real estate, infrastructure and fixed-income instruments.\nClient attracts and selects high-calibre individuals from top-tier institutions around the globe. Join our team and look forward to:\n\u2022 Diverse and inspiring colleagues and approachable leaders\n\u2022 Stimulating work in a fast-paced, intellectually challenging environment\n\u2022 Accelerated exposure and responsibility\n\u2022 Global career development opportunities\n\u2022 Being motivated every day by important social purpose and unshakable principles\n\u2022 A deeply rooted culture of Integrity, Partnership and High Performance\nIf you share a passion for performance, value a collegial and collaborative culture, and approach everything with the highest integrity, here's an opportunity.\n\nResponsibilities\n\u2022 Manage timelines/deliverables within the team towards the successful delivery of projects.\n\u2022 Design software solutions by interacting with portfolio managers, traders, operations staff and peers to understand requirements.\n\u2022 Develop solutions that are in line with client's technology biases, deliver efficiency and scalability, and enable new trading activities.\n\u2022 Provide knowledge transfer to team members and support staff through application demos, walkthroughs, and documentation.\n\nSKILLS\n\nMust have\n\u2022 Python\n\u2022 Angular\n\u2022 BI Tools ( Tableau is nice to have)\n\u2022 Git\n\u2022 Agile/scrum/Jira/confluence\n\nNice to have\n\nCapital market experience",
            "location": "Toronto, ON, Canada",
            "employmentType": "",
            "datePosted": "",
            "salaryRange": "",
            "jobProviders": [
                {
                    "name": "Luxoft",
                    "url": "https://career.luxoft.com/jobs/senior-full-stack-developer-9520?utm_campaign=google_jobs_apply&utm_source=google_jobs_apply&utm_medium=organic"
                },
                {
                    "name": "RBC Careers",
                    "url": "https://jobs.rbc.com/ca/en/job/R-0000102359/Senior-Full-Stack-Developer?utm_campaign=google_jobs_apply&utm_source=google_jobs_apply&utm_medium=organic"
                },
                {
                    "name": "Motion Recruitment",
                    "url": "https://motionrecruitment.com/tech-jobs/toronto/direct-hire/senior-full-stack-developer/748225?utm_campaign=google_jobs_apply&utm_source=google_jobs_apply&utm_medium=organic"
                },
                {
                    "name": "Virtusa",
                    "url": "https://www.virtusa.com/careers/ca/toronto/web-app-engineering/full-stack-developer/creq202543?utm_campaign=google_jobs_apply&utm_source=google_jobs_apply&utm_medium=organic"
                },
                {
                    "name": "Recruiting In Motion",
                    "url": "https://jobs.recruitinginmotion.ca/jb/Senior-Full-Stack-Developer-Jobs-in-Toronto-ON/11144080?utm_campaign=google_jobs_apply&utm_source=google_jobs_apply&utm_medium=organic"
                },
                {
                    "name": "Lever",
                    "url": "https://jobs.lever.co/blanc-labs/33927d53-39a6-4cb6-94c7-996cd96644d4?utm_campaign=google_jobs_apply&utm_source=google_jobs_apply&utm_medium=organic"
                },
                {
                    "name": "Indeed",
                    "url": "https://ca.indeed.com/viewjob?jk=b694d5cc48f94b75&utm_campaign=google_jobs_apply&utm_source=google_jobs_apply&utm_medium=organic"
                },
                {
                    "name": "ZipRecruiter",
                    "url": "https://www.ziprecruiter.com/c/Royal-Bank-of-Canada/Job/Senior-Full-Stack-Developer/-in-Toronto,ON?jid=14226ca29b661c62&utm_campaign=google_jobs_apply&utm_source=google_jobs_apply&utm_medium=organic"
                }
            ]
        },
        {
            "jobType": "senior_application_developer",
            "title": "Senior Software Engineer",
            "company": "Synopsys",
            "description": "Synopsys is searching for an enthusiastic and creative Software Engineer to contribute to the MetaWare compiler tools.\n\u202f\n\nThe MetaWare software development toolchain for the Synopsys' DesignWare\u00ae ARC\u00ae family of processors is used in a variety of market segments such as internet of things, automotive, industrial, storage, communication, mobile, and digital home; by over 275 customers worldwide who collectively ship more than 2.5 billion chips annually.\n\nThe Role:\n\nAs a Software Engineer you will have responsibility for:\n\u2022 Develop efficient compiler optimizations and code generation for Synopsys ARC architectures.\n\u2022 Implement new programming models for new ARC cores and architecture extensions in the compiler toolchain.\n\u2022 Maintain and optimize the current set of ARC compiler tools.\n\u2022 Interact with the LLVM community and contribute where necessary.\n\u2022 Interact with other software and hardware teams to provide compiler and tools perspective for the processor design as well as application design.\n\u2022 Perform various benchmarking and testing tasks to improve the quality of the compiler products.\n\u2022 Assist product marketing and product support teams in pre and post sales situations.\n\nRequirements\n\u2022 You have a BS/MS degree in Computer Science/Engineering, or related field.\n\u2022 You have 5+ years of related experience.\n\u2022 You have excellent C++ programming skills.\n\u2022 You have solid problem solving and analytical skills.\n\u2022 You have basic knowledge of processor architectures.\n\u2022 You have experience with development in the LLVM project.\n\u2022 You are passionate about compiler front-end, optimization and code generation tools.\n\u2022 You have excellent teamwork and communication skills.\n\nThe following qualifications are a plus:\n\u2022 Experience in these areas: LLVM, GCC, MLIR, Neural Networks, SYCL, OpenCL, Halide, etc.\n\u2022 Experience with the implementation of embedded processor development tools.\n\u2022 Experience with RISC-V, RVV, VLIW, Vector and/or DSP architectures.\n\nSynopsys offers a stimulating work environment with international contacts, high flexibility, and an attractive compensation package. You will work with highly professional and motivated colleagues who value your contribution.\n\u202f\n\nMore information on ARC processors can be found on www.synopsys.com/arc.\nMore information on the ARC MetaWare Development Toolkit can be found on www.synopsys.com/metaware.\n\nAt Synopsys, we\u2019re at the heart of the innovations that change the way we work and play. Self-driving cars. Artificial Intelligence. The cloud. 5G. The Internet of Things. These breakthroughs are ushering in the Era of Smart Everything. And we\u2019re powering it all with the world\u2019s most advanced technologies for chip design and software security. If you share our passion for innovation, we want to meet you.",
            "location": "Markham, ON, Canada",
            "employmentType": "",
            "datePosted": "19 days ago",
            "salaryRange": "",
            "jobProviders": [
                {
                    "name": "Synopsys Careers",
                    "url": "https://careers.synopsys.com/job/markham/senior-software-engineer/44408/72135138960?utm_campaign=google_jobs_apply&utm_source=google_jobs_apply&utm_medium=organic"
                },
                {
                    "name": "Indeed",
                    "url": "https://emplois.ca.indeed.com/viewjob?jk=256c1a48881c8eb3&utm_campaign=google_jobs_apply&utm_source=google_jobs_apply&utm_medium=organic"
                },
                {
                    "name": "Glassdoor",
                    "url": "https://www.glassdoor.ca/job-listing/senior-software-engineer-synopsys-JV_IC2280736_KO0,24_KE25,33.htm?jl=1009508138416&utm_campaign=google_jobs_apply&utm_source=google_jobs_apply&utm_medium=organic"
                },
                {
                    "name": "SimplyHired",
                    "url": "https://www.simplyhired.ca/job/hBR32cvqCg5xQIgCZbRbX1pUBXxqmdZufF4hIB4Y8cRXLQcL4DTCCQ?utm_campaign=google_jobs_apply&utm_source=google_jobs_apply&utm_medium=organic"
                },
                {
                    "name": "WorkNation",
                    "url": "https://worknation.ca/job/senior-software-engineer-automotive/?utm_campaign=google_jobs_apply&utm_source=google_jobs_apply&utm_medium=organic"
                },
                {
                    "name": "Jobs Trabajo.org",
                    "url": "https://ca.trabajo.org/job-3026-1e6098deea5323965c5147a08c3282a3?utm_campaign=google_jobs_apply&utm_source=google_jobs_apply&utm_medium=organic"
                },
                {
                    "name": "Jobillico",
                    "url": "https://www.jobillico.com/en/job-offer/synopsysmPwvLk/senior-software-engineer/14763149?utm_campaign=google_jobs_apply&utm_source=google_jobs_apply&utm_medium=organic"
                },
                {
                    "name": "LinkedIn",
                    "url": "https://ca.linkedin.com/jobs/view/senior-software-engineer-at-synopsys-inc-4064487479?utm_campaign=google_jobs_apply&utm_source=google_jobs_apply&utm_medium=organic"
                }
            ]
        },
        {
            "jobType": "senior_application_developer",
            "title": "Senior Analyst, Application Development and Maintenance",
            "company": "Air Canada",
            "description": "Description\n\nBeing part of Air Canada is to become part of an iconic Canadian symbol, recently ranked the best Airline in North America. Let your career take flight by joining our diverse and vibrant team at the leading edge of passenger aviation.\n\nPurpose\n\nThe Senior Analyst, Application Development and Maintenance, develops, delivers and maintains applications as per desired technology architecture and business requirements while ensuring highest quality of end-products through introduction of new tools, technology and practices for evolution of processes & optimization of applications. This position requires deep understanding of software management and delivery practices in a large and dynamic enterprise business setting to properly design and position our critical application platforms to enable Air Canada\u2019s digital strategies.\n\nThis position will be reporting to the Manager Application, Development and Maintenance.\n\nResponsibilities\n\u2022 Work closely with relevant stakeholders to collect and use information for improved business and operational performance.\n\u2022 Provide support for business analysis and technology/business integration efforts.\n\u2022 Analyze technology trends to determine the impact to the achievement of business goals.\n\u2022 Support in creating business cases.\n\u2022 Support definition and maintenance of methods, techniques and calculations for identifying ways to improve business/technical processes.\n\u2022 Conduct impact assessments and lead design sessions to configure the system to meet functional needs.\n\u2022 Prepare and manage deployment activities including communication and rollout strategies.\n\u2022 Responsible for monitoring the technical architecture from security, accessibility, and data integrity perspective.\n\u2022 Responsible for supporting the development of technical capabilities of the team specific to their sub-function.\n\u2022 Responsible for handling moderate to high amount of complexity and driving decision making specific to processes and priorities for a functional area.\n\u2022 Responsible for driving continuous improvement objectives for a functional area.\n\u2022 Provide technical and operational inputs to Business Governance and Operational Management Committees, as appropriate.\n\u2022 Responsible for actively supporting the development and enhancement of processes, priorities and goals for a functional area.\n\nFunctional Accountabilities\n\u2022 Handle software applications development, testing & implementation of projects.\n\u2022 Maintain code branches and handle integrations of code across multiple branches.\n\u2022 Troubleshoot and fix compilation or script issues in various projects.\n\u2022 Configure complex installations and quickly resolve all defects found within the installation.\n\u2022 Support Project Management through planning, monitoring & delivery phases.\n\u2022 Collaborate with cross-functional teams to solve development constraints and deployment issues.\n\u2022 Apply effective coding practices for error-free timely release.\n\u2022 Maintaining and updating technical documents and procedures.\n\u2022 Configuration and design of database models relative to the requirements of the organization.\n\u2022 Maintains data standard and security measures through the implementation of information technology plans, policies, and standards.\n\u2022 Evaluate existing and/or new applications on their UI (User Interface) and UX (user experience) effectiveness.\n\u2022 Create wireframes, storyboards, user flows, process flows and site maps to effectively communicate interaction and design ideas.\n\nQualifications\n\u2022 A relevant University degree/technical certification, and/or relevant experience commensurate to the role.\n\u2022 6-8 years of IT technology or operations experience in a large company.\n\u2022 Knowledge of SAP S/4 HANA modules such as Finance, Sourcing and Procurement\n\u2022 Knowledge of Ariba, FieldGlass and Concur is a plus.\n\u2022 Certifications in core programming languages, agile methodologies (CSPO, PMI-ACP, etc.) is an asset\n\u2022 SAP S/4HANA certifications is an asset\n\u2022 Understanding of SQL, Unix, and Excel\n\u2022 Strong analytical, problem-solving, and critical thinking skills.\n\u2022 Demonstrate leadership, teamwork, and collaboration skills, able to work with diverse groups and working styles.\n\u2022 Demonstrate significant technical depth to balance tactical and strategic priorities.\n\u2022 Strong communication skills both written and oral as well as interpersonal skills.\n\u2022 Possess investigative nature, independent and self-motivated.\n\u2022 Results oriented with proactive and methodical approach to problem solving.\n\u2022 Able to multi-task and work under pressure against tight deadlines and changing priorities.\n\u2022 Ability to establish and maintain effective business relationships.\n\u2022 Flexibility and willingness to work extended hours and travel when required.\n\nConditions of Employment:\n\u2022 Candidates must be eligible to work in the country of interest, at the time any offer of employment is made and seeking any required work permits/visas or other authorizations which may be required is the sole responsibility of the candidates applying for this position.\n\nLinguistic Requirements\n\nBased on equal qualifications, preference will be given to bilingual candidates.\n\nDiversity and Inclusion\n\nAir Canada is strongly committed to Diversity and Inclusion and aims to create a healthy, accessible and rewarding work environment which highlights employees\u2019 unique contributions to our company\u2019s success.\n\nAs an equal opportunity employer, we welcome applications from all to help us build a diverse workforce which reflects the diversity of our customers, and communities, in which we live and serve.\n\nAir Canada thanks all candidates for their interest; however only those selected to continue in the process will be contacted.",
            "location": "Dorval, Quebec, Canada",
            "employmentType": "",
            "datePosted": "",
            "salaryRange": "",
            "jobProviders": [
                {
                    "name": "Air Canada - Careers",
                    "url": "https://careers.aircanada.com/jobs/13296552-senior-analyst-application-development-and-maintenance?utm_campaign=google_jobs_apply&utm_source=google_jobs_apply&utm_medium=organic"
                },
                {
                    "name": "Randstad",
                    "url": "https://www.randstad.com/jobs/senior-analyst-application-development-and-maintenance_dorval_42380617/?utm_campaign=google_jobs_apply&utm_source=google_jobs_apply&utm_medium=organic"
                },
                {
                    "name": "Glassdoor",
                    "url": "https://www.glassdoor.ca/job-listing/senior-analyst-application-development-and-maintenance-air-canada-JV_IC2300895_KO0,54_KE55,65.htm?jl=1008845904462&utm_campaign=google_jobs_apply&utm_source=google_jobs_apply&utm_medium=organic"
                },
                {
                    "name": "JSfirm.com",
                    "url": "https://www.jsfirm.com/Administration/Senior+Analyst,+Application+Development+and+Maintenance/DORVAL-Quebec/jobID_1311549?utm_campaign=google_jobs_apply&utm_source=google_jobs_apply&utm_medium=organic"
                },
                {
                    "name": "Adzuna",
                    "url": "https://www.adzuna.ca/details/4801398734?title=Senior_Analyst,_Application_Development_and_Maintenance&utm_campaign=google_jobs_apply&utm_source=google_jobs_apply&utm_medium=organic"
                },
                {
                    "name": "SimplyHired",
                    "url": "https://fr.simplyhired.ca/job/Ej1dpEUtmVpybH9zB8ifqc8tdc4D1eWrqr4vIPth_A_GMQh_hgKAJw?utm_campaign=google_jobs_apply&utm_source=google_jobs_apply&utm_medium=organic"
                },
                {
                    "name": "Talent.com",
                    "url": "https://ca.talent.com/view?id=c7b2f7a30191&utm_campaign=google_jobs_apply&utm_source=google_jobs_apply&utm_medium=organic"
                },
                {
                    "name": "Eluta.ca",
                    "url": "https://www.eluta.ca/spl/senior-analyst-application-development-and-maintenance-5b958a0dc549d234b6ac3e73a89f2d74?utm_campaign=google_jobs_apply&utm_source=google_jobs_apply&utm_medium=organic"
                }
            ]
        },
        {
            "jobType": "senior_application_developer",
            "title": "Senior Software Developer (C#), GFT",
            "company": "Royal Bank of Canada",
            "description": "Job Summary\n\nJob Description\n\nGlobal Functions Technology (GFT) is part of RBC\u2019s Technology and Operations division. GFT\u2019s impact is far-reaching as we collaborate with partners from across the company to deliver innovative and transformative IT solutions. Our clients represent Risk, Finance, HR, CAO, Audit, Legal, Compliance, Financial Crime, Capital Markets, Personal and Commercial Banking and Wealth Management. We also lead the development of digital tools and platforms to enhance collaboration.\n\nWhat is the opportunity?\n\nAs a Senior Software Developer, you will support the HR Incentive Compensation Technology team as a software developer working in operations. You will execute tools to generate reports, perform debugging of system issues, and recommend and implement system optimizations. You will work closely with other developers and analysts to troubleshoot issues and develop new features.\n\nWhat will you do?\n\u2022 Implement new features as requested by the client, perform unit testing, and deploy to different environments.\n\u2022 Develop DevOps processes for automated deployments.\n\u2022 Write automation scripts for unit testing.\n\u2022 Execute infrastructure upgrades including but not limited to operating system updates and database version upgrades.\n\u2022 Generate reports using Microsoft.NET (C#) and SQL Server technology\n\u2022 Participate in Microsoft Azure implementations.\n\nWhat do you need to succeed?\n\nMust-have\n\u2022 Bachelor\u2019s degree or College certificate in an information technology-related discipline with 4+ years of experience as a software developer in C#.NET in both Microsoft.NET Core and traditional ASP.NET.\n\u2022 3+ years of SQL Server experience, including but not limited to upgrading SQL Server, modifying tables, views, optimizing indexes and writing stored procedures.\n\u2022 Experience developing applications in Microsoft Azure, implementing processes on, including but not limited to development, testing, infrastructure.\n\u2022 Experience building DevOps pipelines in both virtual machine environments, and in Azure.\n\u2022 Extensive Windows operating system knowledge, including but not limited to IIS configuration (including SSL certificate installation), process automation, Active Directory.\n\u2022 Experience creating test plans, writing and executing test cases, documenting results.\n\nNice-to-have\n\u2022 Experience using JIRA\n\u2022 Mainframe skills with JCL and SYSIN on zOS\n\u2022 Linux experience\n\u2022 Oracle experience\n\nWhat\u2019s in it for you?\n\nWe thrive on the challenge to be our best, progressive thinking to keep growing, and working together to deliver trusted advice to help our clients thrive and communities prosper. We care about each other, reaching our potential, making a difference to our communities, and achieving success that is mutual.\n\u2022 A comprehensive Total Rewards Program including bonuses and flexible benefits, competitive compensation, commissions, and stock where applicable\n\u2022 Leaders who support your development through coaching and managing opportunities\n\u2022 Ability to make a difference and lasting impact\n\u2022 Work in a dynamic, collaborative, progressive, and high-performing team\n\u2022 Flexible work/life balance options\n\n#LI-hybrid\n\n#LI-post\n\n#TECHPJ\n\nJob Skills\nAdaptability, Agile Methodology, Automation Technology, Critical Thinking, Decision Making, Detail-Oriented, DevOps, Software Development, Software Development Life Cycle (SDLC), Structured Query Language (SQL), Web Application Development\n\nAdditional Job Details\n\nAddress:\n\n20 KING ST W:TORONTO\n\nCity:\n\nTORONTO\n\nCountry:\n\nCanada\n\nWork hours/week:\n\n37.5\n\nEmployment Type:\n\nFull time\n\nPlatform:\n\nTECHNOLOGY AND OPERATIONS\n\nJob Type:\n\nRegular\n\nPay Type:\n\nSalaried\n\nPosted Date:\n\n2024-10-25\n\nApplication Deadline:\n\n2024-11-17\n\nInclusion and Equal Opportunity Employment\n\nAt RBC, we embrace diversity and inclusion for innovation and growth. We are committed to building inclusive teams and an equitable workplace for our employees to bring their true selves to work. We are taking actions to tackle issues of inequity and systemic bias to support our diverse talent, clients and communities.\n\nWe also strive to provide an accessible candidate experience for our prospective employees with different abilities. Please let us know if you need any accommodations during the recruitment process.\n\nJoin our Talent Community\n\nStay in-the-know about great career opportunities at RBC. Sign up and get customized info on our latest jobs, career tips and Recruitment events that matter to you.\n\nExpand your limits and create a new future together at RBC. Find out how we use our passion and drive to enhance the well-being of our clients and communities at jobs.rbc.com.",
            "location": "Toronto, ON, Canada",
            "employmentType": "",
            "datePosted": "23 days ago",
            "salaryRange": "",
            "jobProviders": [
                {
                    "name": "Indeed",
                    "url": "https://ca.indeed.com/viewjob?jk=a12f4e77fc31b17c&utm_campaign=google_jobs_apply&utm_source=google_jobs_apply&utm_medium=organic"
                },
                {
                    "name": "SimplyHired",
                    "url": "https://www.simplyhired.ca/job/qRpJ0pcNZ2WlZjm-q9C6kCLxPfIb7P1wqZoDa-lFcg9uR7XASCKO5g?utm_campaign=google_jobs_apply&utm_source=google_jobs_apply&utm_medium=organic"
                },
                {
                    "name": "Jooble",
                    "url": "https://ca.jooble.org/jdp/-7725309626292253526?utm_campaign=google_jobs_apply&utm_source=google_jobs_apply&utm_medium=organic"
                },
                {
                    "name": "Jobwings.ca",
                    "url": "https://www.jobwings.ca/en/offer/a75f62a6-496c-4047-8143-1560b386e017_en?utm_campaign=google_jobs_apply&utm_source=google_jobs_apply&utm_medium=organic"
                },
                {
                    "name": "Recruit.net",
                    "url": "https://www.recruit.net/job/software-developer-gft-jobs/7ECBE45A10ADF42F?utm_campaign=google_jobs_apply&utm_source=google_jobs_apply&utm_medium=organic"
                },
                {
                    "name": "Talentify",
                    "url": "https://www.talentify.io/job/senior-software-developer-gft-toronto-ontario-ca-rbc-r-0000103369?utm_campaign=google_jobs_apply&utm_source=google_jobs_apply&utm_medium=organic"
                },
                {
                    "name": "JobOffer.com",
                    "url": "https://joboffer.com/jobs/Senior-Software-Developer-C-GFT-1d0e0ac0f6f4ee42?utm_campaign=google_jobs_apply&utm_source=google_jobs_apply&utm_medium=organic"
                },
                {
                    "name": "WhatJobs",
                    "url": "https://en-ca.whatjobs.com/job/Senior-Software-Developer/toronto-ontario/81157147?utm_campaign=google_jobs_apply&utm_source=google_jobs_apply&utm_medium=organic"
                }
            ]
        },
        {
            "jobType": "senior_application_developer",
            "title": "Senior Software Development Engineer",
            "company": "remitly",
            "description": "Job Description:\nRemitly's vision is to transform lives with trusted financial services that transcend borders. Since 2011, we have been tirelessly delivering on our promises to people who send money around the world. Today, we are reimagining global financial services and building products that extend beyond traditional barriers to give customers access to more of the services they need, no matter where they call home. Join over 2,700 employees worldwide who are growing their careers with purpose and connection with our customers while having a positive impact on millions of people around the globe.\n\nAbout the Role:\n\nAs a Senior Software Engineer reporting to the Engineering Manager of the Remittance Customer Domain team, you'll help build some of the most critical infrastructure supporting Remitly's applications. From creating core APIs for the customer lifecycle, to migrating customer data queries out of legacy systems, to implementing customer lookup and search in Customer Data Platform, you'll help lead initiatives to improve the remittance core product as well as accelerate new products at Remitly. Your strong backend experience and commitment to engineering excellence will make you a trusted resource for understanding, working in, and improving the range of services that our team owns, including\n\u2022 Legacy services - PHP, Kotlin\n\u2022 Legacy DB - AWS Aurora MySQL\n\u2022 New services - Go\n\u2022 New DB - DynamoDB\n\nWhile the opportunity is primarily backend, there will also be an opportunity to optionally flex 10-20% doing frontend work, depending on the roadmap in 2025.\n\nBy collaborating with other engineers, product and design partners, working with platform teams, and contributing to the continuous improvement of Remitly's engineering systems and processes, you'll play a key role in delivering against an exciting roadmap aimed at enabling Remitly to scale its product offerings.\n\nYou Will:\n\u2022 Assist in the brainstorming, technical design, and grooming of new features with a data-driven and customer-centric viewpoint.\n\u2022 Partner with technical leads to support the architecture and technical roadmap of our software systems, balancing short-term goals with long-term scalability and maintainability.\n\u2022 Adhere to our engineering standards and contribute to consistency across various codebases and processes.\n\u2022 Participate in code reviews from both internal and external partners\n\u2022 Collaborate with Product Management, Design, and other functions to develop high-quality features for our users.\n\nYou Have:\n\u2022 A degree in Computer Science, Engineering or a related field or equivalent experience\n\u2022 6+ years of building customer-focused software product in a team environment\n\u2022 Experience building, shipping, and maintaining reliable and scalable backend services on a public cloud platform (AWS/Azure/GCP)\n\u2022 Proficiency in one of languages like Java, C#, JavaScript, Go, Rust, Python, or Ruby\n\u2022 Understanding of RESTful APIs and asynchronous programming concepts\n\nCompensation Details. The starting base salary range for this position is typically $148,000-$180,000. In the U.S., Remitly employees are shareholders in our Company and equity is part of our total compensation plan. Your recruiter can share more information about medical benefits offered, as well as other financial benefits and total compensation components offered with this role.\n\nOur Benefits:\n\u2022 Flexible paid time off\n\u2022 Health, dental, and vision + 401k plan with company matching\n\u2022 Paid parental, medical, military and family care leave\n\u2022 Mental Health & Family Forming Benefits\n\u2022 Employee Stock Purchase Plan (ESPP)\n\u2022 Continuing education and travel benefits\n\nWe are committed to nondiscrimination across our global organization and in all of our business operations. Employment is determined based upon personal capabilities and qualifications without discrimination on the basis of race, creed, color, religion, sex, gender identification and expression, marital status, military status or status as an honorably discharge/veteran, pregnancy (including a woman's potential to get pregnant, pregnancy-related conditions, and childbearing), sexual orientation, age (40 and over), national origin, ancestry, citizenship or immigration status, physical, mental, or sensory disability (including the use of a trained dog guide or service animal), HIV/AIDS or hepatitis C status, genetic information, status as an actual or perceived victim of domestic violence, sexual assault, or stalking, or any other protected class as established by law.\n\nRemitly is an E-Verify Employer\n\nRemitly is an equal opportunity employer. We celebrate diversity and are committed to creating an inclusive environment for all employees.",
            "location": "New Westminster, BC, Canada",
            "employmentType": "",
            "datePosted": "",
            "salaryRange": "",
            "jobProviders": [
                {
                    "name": "Remitly Careers",
                    "url": "https://careers.remitly.com/job/21162619/senior-software-development-engineer?utm_campaign=google_jobs_apply&utm_source=google_jobs_apply&utm_medium=organic"
                },
                {
                    "name": "Recruit.net",
                    "url": "https://www.recruit.net/job/software-development-engineer-jobs/90F230521666626D?utm_campaign=google_jobs_apply&utm_source=google_jobs_apply&utm_medium=organic"
                },
                {
                    "name": "Jobs | Threshold Job Board",
                    "url": "https://careers.threshold.vc/companies/remitly/jobs/41490295-senior-software-development-engineer?utm_campaign=google_jobs_apply&utm_source=google_jobs_apply&utm_medium=organic"
                },
                {
                    "name": "Jobs Trabajo.org",
                    "url": "https://ca.trabajo.org/job-3026-df16a042fbba9e47eac8f60e0152c913?utm_campaign=google_jobs_apply&utm_source=google_jobs_apply&utm_medium=organic"
                }
            ]
        },
        {
            "jobType": "senior_application_developer",
            "title": "Senior Software Engineer, Data Platform",
            "company": "Coinbase",
            "description": "Ready to be pushed beyond what you think you\u2019re capable of?\n\nAt Coinbase, our mission is to increase economic freedom in the world. It\u2019s a massive, ambitious opportunity that demands the best of us, every day, as we build the emerging onchain platform \u2014 and with it, the future global financial system.\n\nTo achieve our mission, we\u2019re seeking a very specific candidate. We want someone who is passionate about our mission and who believes in the power of crypto and blockchain technology to update the financial system. We want someone who is eager to leave their mark on the world, who relishes the pressure and privilege of working with high caliber colleagues, and who actively seeks feedback to keep leveling up. We want someone who will run towards, not away from, solving the company\u2019s hardest problems.\n\nOur work culture is intense and isn\u2019t for everyone. But if you want to build the future alongside others who excel in their disciplines and expect the same from you, there\u2019s no better place to be.\n\nThe mission of the Platform Product Group engineers is to build a trusted, scalable and compliant platform to operate with speed, efficiency and quality. Our teams build and maintain the platforms critical to the existence of Coinbase. There are many teams that make up this group which include Product Foundations (i.e. Identity, Payment, Risk, Proofing & Regulatory, Finhub), Machine Learning, Customer Experience, and Infrastructure.\n\nThe Data Platform team builds and operates systems to centralize all of Coinbase's internal and third-party data, making it easy for teams across the company to access, process, and transform that data for analytics, machine learning, and powering end-user experiences. As an engineer on the team you will contribute to the full spectrum of our systems, from managing foundational processing and data storage, to building and maintaining scalable pipelines, to developing frameworks, tools, and internal applications to make that data easily and efficiently available to other teams and systems.\n\nWhat you\u2019ll be doing (ie. job duties):\n\u2022 Design, build, and operate our foundational data-heavy services: storage (cloud data warehouse, data lake), orchestration (Airflow), batch processing (Spark, SQL), streaming services (Kafka), query federation and caching, time-series db, graph db, and real-time event aggregation stores.\n\u2022 Build and maintain data integration & process SDKs for use by internal services and product teams throughout Coinbase.\n\u2022 Design and build self-service applications to empower our users to manage and troubleshoot their own data pipelines running on our platforms.\n\u2022 Design and build services for end-to-end data security and data observability: managing access controls across multiple storage and access layers, tracking data quality, cataloging datasets and their lineage, usage auditing.\n\u2022 Convert functional requests from data analysts, ML, and security & compliance into reusable and scalable patterns; and assemble data microservices into data platforms for critical business verticals and user cohorts.\n\nWhat we look for in you (ie. job requirements):\n\u2022 You have at least 5+ years of experience in software engineering.\n\u2022 You have Strong Python, Go, or Java backend development skills.\n\u2022 You have general experience working with data systems or data pipelines.\n\u2022 You are familiar with design patterns such as scale-out, caching, key/value, and columnar.\n\u2022 You leverage SQL, Python, Airflow, and BI expertise to analyze data for operational insights.\n\nNice to Have:\n\u2022 Crypto-forward experience, including familiarity with onchain activity such as interacting with Ethereum addresses, using ENS, and engaging with dApps or blockchain-based services\n\nJob #: P62464\n\n#LI-Remote\n\nPay Transparency Notice: The target annual salary for this position can range as detailed below. Full time offers from Coinbase also include target bonus + target equity + benefits (including medical, dental, and vision).\n\nPay Range:\n$185,500\u2014$185,500 CAD\n\nCommitment to Equal Opportunity\n\nCoinbase is committed to diversity in its workforce and is proud to be an Equal Opportunity Employer. All qualified applicants will receive consideration for employment without regard to race, color, religion, creed, gender, national origin, age, disability, veteran status, sex, gender expression or identity, sexual orientation or any other basis protected by applicable law. Coinbase will also consider for employment qualified applicants with criminal histories in a manner consistent with applicable federal, state and local law. For US applicants, you may view the Know Your Rights notice here. Additionally, Coinbase participates in the E-Verify program in certain locations, as required by law.\n\nCoinbase is also committed to providing reasonable accommodations to individuals with disabilities. If you need a reasonable accommodation because of a disability for any part of the employment process, please contact us at accommodations[at]coinbase.com to let us know the nature of your request and your contact information. For quick access to screen reading technology compatible with this site click here to download a free compatible screen reader (free step by step tutorial can be found here).\n\nGlobal Data Privacy Notice for Job Candidates and Applicants\n\nDepending on your location, the General Data Protection Regulation (GDPR) and California Consumer Privacy Act (CCPA) may regulate the way we manage the data of job applicants. Our full notice outlining how data will be processed as part of the application procedure for applicable locations is available here. By submitting your application, you are agreeing to our use and processing of your data as required. For US applicants only, by submitting your application you are agreeing to arbitration of disputes as outlined here.",
            "location": "Victoria, BC, Canada",
            "employmentType": "",
            "datePosted": "9 hours ago",
            "salaryRange": "",
            "jobProviders": [
                {
                    "name": "Coinbase",
                    "url": "https://www.coinbase.com/careers/positions/6322904?utm_campaign=google_jobs_apply&utm_source=google_jobs_apply&utm_medium=organic"
                }
            ]
        }
    ]
}