{
    "jobs": [
        {
            "jobType": "senior_engineer",
            "title": "Dow Canada Senior Engineer Opportunities",
            "company": "THE DOW CHEMICAL COMPANY",
            "description": "At Dow, we believe in putting people first and were passionate about delivering integrity, respect and safety to our customers, our employees and the planet.\n\nOur people are at the heart of our solutions. They reflect the communities we live in and the world where we do business. Their diversity is our strength. Were a community of relentless problem solvers that offers the daily opportunity to contribute with your perspective, transform industries and shape the future. Our purpose is simple - to deliver a sustainable future for the world through science and collaboration. If youre looking for a challenge and meaningful role, youre in the right place.\n\nDow is seeking experienced Engineers for exciting and rewarding future Engineering Opportunities located in Alberta Operations. Future opportunities can be located at the Fort Saskatchewan or Prentiss site in Alberta, Canada.\n\nAbout Alberta Operations:\n\nAt Fort Saskatchewan, Dow Canada operates four world-scale production units that manufacture hydrocarbons, ethylene, polyethylene, and electricity. As one of Canadas largest petrochemical facilities, Dow Canada can serve Dows global customers.\n\nThese opportunities may support Engineering efforts for the Path2Zero (P2Z) program, which will create the first net-zero emissions site of its kind in the world. The Fort Saskatchewan P2Z program is a key enabler to Dows Decarbonization strategy. Learn More: Fort Saskatchewan Path2Zero (dow.com)opens in a new tab.\n\nAbout you and this role:\n\nAs an Engineer at Dow, you will have a variety of opportunities related to chemical plant safety and environmental performance, process operation, optimization, modification, maintenance, and technology implementation. Engineers must use sound technical judgment to enable safe and efficient plant operations. We invite you to help us combine world-class expertise, future-focused technologies, and sustainability to solve global issues. Youll work as part of a team at Dow, and we have many opportunities to address challenging real-world problems.\n\nKey roles include Maintenance, Production, and Improvement Engineering. In these roles you will fill one of several technical resource roles where you will provide technical support to plant operating personnel in order to maintain the safe, reliable, and efficient operations. Key responsibilities may include providing technical expertise in areas such as maintenance & reliability as well as production operations and project engineering. Responsibilities may range from chemical plant operations, process improvements, predictive/preventative maintenance, failure analysis, reliability strategy development, and vessel/piping design to manufacturing process troubleshooting and problem solving, yield and process improvements, waste reduction, safety enhancements, process control, cost optimization, project management and implementation, equipment design, and new technology implementation.\n\nQualifications:\n\u2022 A minimum of a Bachelor's Degree in Engineering is required.\n\u2022 A minimum 4 years of relevant experience.\n\u2022 Registration or the ability to be registered with APEGA (EIT/P. Eng).\n\u2022 A minimum requirement for this Canada based position is the ability to work legally in Canada. No visa sponsorship/support is available for this position.\n\nAdditional Notes:\n\u2022 Ability to work comfortably and safely at elevated heights may be required. Candidates must be familiar with, or willing to undergo training in, the proper usage and maintenance of safety equipment to ensure safe movement and operations at heights.\n\nBenefits What Dow offers you\n\nWe invest in you.\n\nDow invests in total rewards programs to help you manage all aspects of you: your pay, your health, your life, your future, and your career. You bring your background, talent, and perspective to work every day. Dow rewards that commitment by investing in your total wellbeing.\n\nHere are just a few highlights of what you would be offered as a Dow employee:\n\u2022 Equitable and market-competitive base pay and bonus opportunity across our global markets, along with locally relevant incentives.\n\u2022 Benefits and programs to support your physical, mental, financial, and social well-being, to help you get the care you need...when you need it.\n\u2022 Competitive retirement program that may include company-provided benefits, savings opportunities, financial planning, and educational resources to help you achieve your long term financial-goals.\n\u2022 Employee stock purchase programs (availability varies depending on location).\n\u2022 Student Debt Retirement Savings Match Program (U.S. only).\n\u2022 Dow will take the value of monthly student debt payments and apply them as if they are contributions to the Employees Savings Plan (401(k)), helping employees reach the Company match.\n\u2022 Robust medical and life insurance packages that offer a variety of coverage options to meet your individual needs. Travel insurance is also available in certain countries/locations.\n\u2022 Opportunities to learn and grow through training and mentoring, work experiences, community involvement and team building.\n\u2022 Workplace culture empowering role-based flexibility to maximize personal productivity and balance personal needs.\n\u2022 Competitive yearly vacation allowance.\n\u2022 Paid time off for new parents (birthing and non-birthing, including adoptive and foster parents).\n\u2022 Paid time off to care for family members who are sick or injured.\n\u2022 Paid time off to support volunteering and Employee Resource Groups (ERG) participation.\n\u2022 Wellbeing Portal for all Dow employees, our one-stop shop to promote wellbeing, empowering employees to take ownership of their entire wellbeing journey.\n\u2022 On-site fitness facilities to help stay healthy and active (availability varies depending on location).\n\u2022 Employee discounts for online shopping, cinema tickets, gym memberships and more.\n\u2022 Additionally, some of our locations might offer:\n\u2022 Transportation allowance (availability varies depending on location)\n\u2022 Meal subsidiaries/vouchers (availability varies depending on location)\n\u2022 Carbon-neutral transportation incentives e.g. bike to work (availability varies depending on location)\n\nJoin our team, we can make a difference together.\n\nAbout Dow\n\nDow (NYSE: DOW) is one of the worlds leading materials science companies, serving customers in high-growth markets such as packaging, infrastructure, mobility and consumer applications. Our global breadth, asset integration and scale, focused innovation, leading business positions and commitment to sustainability enable us to achieve profitable growth and help deliver a sustainable future. We operate manufacturing sites in 31 countries and employ approximately 35,900 people. Dow delivered sales of approximately $45 billion in 2023. References to Dow or the Company mean Dow Inc. and its subsidiaries. Learn more about us and our ambition to be the most innovative, customer-centric, inclusive and sustainable materials science company in the world by visiting www.dow.comopens in a new tab.\n\nAs part of our dedication to the diversity of our workforce, Dow is committed to equal opportunities in employment. We encourage every employee to bring their whole self to work each day to not only deliver more value, but also have a more fulfilling career. Further information regarding Dow's equal opportunities is available on www.dow.comopens in a new tab.\n\nAt Dow, diversity and inclusion are inherent in our work environment. We are committed to building a vibrant, diverse and talented employee base and helping each employee grow and develop as part of Dow's inclusive global community. Dow has an accommodation process in place to support employees with disabilities. If you need assistance or an accommodation due to a disability, you may call us at 1-833-My Dow HR (833-693-6947) and select option 8.",
            "location": "Penhold, AB, Canada",
            "employmentType": "",
            "datePosted": "6 days ago",
            "salaryRange": "",
            "jobProviders": [
                {
                    "name": "THE DOW CHEMICAL COMPANY - Dow Inc.",
                    "url": "https://jobs.dow.com/hiring/dow-canada-senior-engineer-opportunities-penhold-ab-6721d9e042af8606efc41b89?utm_campaign=google_jobs_apply&utm_source=google_jobs_apply&utm_medium=organic"
                }
            ]
        },
        {
            "jobType": "senior_engineer",
            "title": "Senior Power Systems Engineer | Renewable Energy",
            "company": "Potenco",
            "description": "Job Title: Senior Power Systems Engineer\n\nLocation: Greater Toronto Area (Hybrid)\n\nExperience: 6+ Years in Power Systems Engineering, Renewable Energy, and DER/DES Integration\n\nCompany Overview:\n\nOur client, a forward-thinking company in the renewable energy and grid modernization sector, is seeking a Senior Power Systems Engineer to contribute to the development, analysis, and optimization of power systems. This role is pivotal in advancing distributed energy resources (DER), distributed energy storage (DES), and other advanced grid solutions to promote energy resilience and sustainability.\n\nPosition Summary:\n\nThe Senior Power Systems Engineer will lead the design, modeling, and analysis of complex power systems to enable the integration of renewable energy sources and storage solutions into the grid. You\u2019ll be responsible for performing detailed studies, developing solutions for grid reliability, and supporting project execution from concept through implementation. Collaborating closely with engineering, project management, and external stakeholders, you\u2019ll ensure that projects align with both industry standards and emerging best practices for distributed energy systems.\n\nKey Responsibilities:\n\u2022 Advanced Power Systems Design and Optimization: Lead the design and integration of DER, DES, and renewable energy projects, focusing on grid stability, scalability, and regulatory compliance.\n\u2022 Modeling and Simulation: Conduct complex power system simulations and performance analyses, including power flow, fault current, transient stability, and protection coordination, using advanced software tools like ETAP, PSCAD, PSS/E, or PowerFactory to ensure grid reliability.\n\u2022 Grid Impact and Reliability Studies: Perform grid impact assessments and stability analyses to evaluate how DER integration affects grid reliability, power quality, and capacity. Develop mitigation strategies for any adverse impacts.\n\u2022 System Integration and Coordination: Collaborate with cross-functional teams to align system designs with project requirements. Work closely with utility partners, EPC firms, and regulatory bodies to facilitate DER/DES grid interconnection and integration.\n\u2022 Compliance and Standards Implementation: Ensure all project designs comply with local, national, and international standards (e.g., IEEE, IEC). Maintain up-to-date knowledge of regulatory changes impacting DER/DES projects.\n\u2022 Technical Documentation and Reporting: Develop, review, and maintain technical documentation, project plans, and engineering reports. Provide regular updates to internal teams and clients.\n\u2022 Project Leadership and Technical Mentorship: Act as the technical lead on power systems projects, offering guidance to junior engineers and other project stakeholders. Support project management teams in planning and executing DER/DES projects.\n\u2022 Innovation and Continuous Improvement: Stay informed of industry trends, emerging technologies, and evolving standards. Advocate for process improvements and adopt new tools and methodologies to enhance project outcomes.\n\nQualifications:\n\u2022 Bachelor\u2019s degree in Electrical Engineering, Power Systems Engineering, or a related field; a Master\u2019s degree is preferred.\n\u2022 6+ years of experience in power systems engineering, particularly in the renewable energy, utility, or DER/DES sectors.\n\u2022 Proficiency with advanced power systems analysis tools such as ETAP, PSS/E, PowerFactory, or similar software.\n\u2022 Hands-on experience in distributed energy resources (DER), energy storage (DES), microgrids, or similar applications.\n\u2022 Deep understanding of power flow analysis, protection coordination, short-circuit analysis, and transient stability studies.\n\u2022 Knowledge of regulatory standards, grid codes, and interconnection requirements for DERs in Canada and internationally.\n\u2022 Proven ability to work collaboratively in a cross-functional environment and communicate complex technical information to both technical and non-technical stakeholders.\n\u2022 Experience managing project lifecycles, including design, permitting, and construction phases, with a proactive approach to problem-solving.\n\u2022 Willingness and ability to travel to project sites as needed.\n\nLogistics, Travel Requirements and Work Status:\n\u2022 Eligible to work in Canada without work restrictions\n\u2022 On-site (4 days per week) office presence as required in the GTA.\n\u2022 Able to travel across Canada and the US, on a needed basis (Canadian Citizens or PRs with valid US visa preferred)\n\u2022 A clean driving record and a valid driver's license are required.\n\nHow to Apply\n\nIf you feel you are an excellent candidate, and have the required skills and experience indicated above, please send your attached resume via Easy Apply, respond to the screening questions, and send any important details (including cover letters) to info@potenco.ca\n\nBy submitting, you agree to our Consent Policy, Data Processing & Privacy Policy (www.potenco.ca). You consent to submit your application, forms, documents and information electronically. You consent to allow Potenco to release your resume containing your qualifications and experience with the hiring company or its affiliates, and conduct any matters related to the recruiting, application, & background check &/or onboarding process electronically.",
            "location": "Ontario, Canada",
            "employmentType": "",
            "datePosted": "4 days ago",
            "salaryRange": "",
            "jobProviders": [
                {
                    "name": "LinkedIn",
                    "url": "https://ca.linkedin.com/jobs/view/senior-power-systems-engineer-renewable-energy-at-potenco-4073629106?utm_campaign=google_jobs_apply&utm_source=google_jobs_apply&utm_medium=organic"
                }
            ]
        },
        {
            "jobType": "senior_engineer",
            "title": "Senior Structural Engineer",
            "company": "Madison Taylor Design",
            "description": "Madison Taylor Design offers architectural, landscape, project management and interior design services for clients across the residential, commercial and hospitality industries worldwide. We focus on Integrated Design, a practice that seamlessly combines multiple disciplines to take each project from conception to completion and deliver extraordinary results.\n\nOur mission is to provide high-end interior design and architectural services for local and global clients. Taking inspiration from nature and using modern and sustainable materials, we utilize our skill and expertise to bring the client\u2019s design vision to life.\n\nThis is a full-time on-site role for a Senior Structural Engineer at Madison Taylor Design in Barrie, ON. The Senior Structural Engineer will be responsible for conducting calculations, structural analysis, structural engineering, and utilizing Computer-Aided Design tools to support architectural and design projects.\n\nQualifications\n\u2022 P.Eng. designation with 10+ years of experience in structural engineering, with a focus on large scale residential projects within Ontario.\n\u2022 Proficiency in structural analysis, design tools, and contract administration.\n\u2022 Strong communication and project management skills.\n\u2022 Organized, driven and contributes positively in a collaborative team environment.\n\u2022 Strong understanding of construction techniques and materials.\n\u2022 Ability to understand and meet the goals and expectations of the company and needs of our clientele.\n\nDetailed Role & Responsibilities\n\nThe Successful Applicant Will Be Responsible For The Following\n\u2022 Lead structural analysis for a variety of projects, with a focus on luxury residential design.\n\u2022 Prepare and stamp construction documents and technical reports, as required.\n\u2022 Provide cost estimates and alternate solutions to meet budgets.\n\u2022 Collaborate with the Architectural, Interior, landscape and Construction teams during various phases of the project, from concept to construction.\n\u2022 Provide innovative structural solutions that integrate aesthetic, cost effectiveness and construction feasibility.\n\u2022 Manage client relationships and collaborate with contractors.\n\nSkills & Attributes\n\u2022 Aligned with company principles and values.\n\u2022 Strong design and technical drawing skills.\n\u2022 Ability to collaborate in a team setting to achieve a common goal.\n\u2022 Strong understanding of landscape materials, techniques, systems, and styles.\n\u2022 Knowledge of site planning, regulatory approvals, and submission requirements.\n\u2022 Ability to manage several projects while adapting to changing schedules, deadlines, and priorities.\n\u2022 Highly organized and excellent time management skills.\n\u2022 Problem solving abilities, attention to detail, motivation to learn and resourcefulness.\n\u2022 Strong verbal and written communication skills.\n\nEmployment Position Details\n\u2022 Full Time \u2013 Permanent Position\n\u2022 Salaried + Benefits\n\u2022 Hours/week: 37.5\n\u2022 Work Environment: Office\n\u2022 Location \u2013 14 Finlay Mill Road, Midhurst, Ontario",
            "location": "Midhurst, ON, Canada",
            "employmentType": "",
            "datePosted": "2 days ago",
            "salaryRange": "",
            "jobProviders": [
                {
                    "name": "LinkedIn",
                    "url": "https://ca.linkedin.com/jobs/view/senior-structural-engineer-at-madison-taylor-design-4078235079?utm_campaign=google_jobs_apply&utm_source=google_jobs_apply&utm_medium=organic"
                }
            ]
        },
        {
            "jobType": "senior_engineer",
            "title": "Senior Bridge Engineer",
            "company": "Jacobs",
            "description": "If you are ready to bridge the gap between our world and our people, join Jacobs. Let\u2019s build for a brighter future together. Jacobs is much more than just a traditional engineering company. At Jacobs, our vision is to create a more connected, sustainable world. We push the limits of what\u2019s possible and help reinvent tomorrow. Jacobs fast-growing team is currently delivering some of North America's most exciting transportation and infrastructure planning and design assignments, and is the #2 Bridge firm as ranked by Engineer News Record.\n\nWe are looking a highly motivated and personable Senior Bridge Engineer based in Ontario. As a Senior Bridge Engineer, you will help lead and grow our Ontario bridge team and support our established bridge teams across Canada. You will be responsible for pursuing, leading and coordinating the design delivery on multiple assignments simultaneously, coordinating the design with other practices, and liaise with our national bridge leader and global engineering design resources, as required. The incumbent should be willing to work in a team environment, mentor junior staff, interact with clients and approval agencies, and assist senior project managers in their deliverables.\n\nResponsibilities:\n\u2022 Perform and supervise bridge, culvert and retaining wall rehabilitations and new designs including: technical reports, structural analysis, design calculations, quantities, specifications, and calculation checks.\n\u2022 Produce technical reports and memos to support design.\n\u2022 Perform project management tasks to support project delivery in design and through construction.\n\u2022 Providing input and guidance to CAD Drafters, EIT\u2019s, and less experienced Engineers working on projects.\n\u2022 Work closely with Project Engineers during all phases of project planning, execution, and closeout.\n\u2022 Providing technical engineering services during construction, including the review of contractor submissions.\n\u2022 Prepare proposals, project schedules and budget estimates for project pursuits.\n\u2022 Perform and review: design and inspection tasks.\n\u2022 Work independently and as part of a team.\n\u2022 Act as a mentor for junior staff and promote continual development.\n\u2022 Build and maintain effective working relationships with clients.\n\u2022 Other duties as required.\n\u2022 You\u2019ll be working mainly from home (unless you prefer coming into the office), with the expectation to travel for client /site meetings and occasional team meetings.\n\nEducation and Professional Requirements:\n\u2022 Bachelor\u2019s degree in civil engineering from an accredited university.\n\u2022 Master\u2019s degree (M. Eng, or M.A.Sc.) in Civil Engineering specializing in structures/bridges from an accredited university.\n\u2022 Must currently hold a Professional Engineers License with PEO in Ontario.\n\nWork Experience Requirements:\n\u2022 7 to 15 years\u2019 design experience working on Transportation Structures including: bridges, structural culverts and retaining walls.\n\u2022 Practical experiences developing and writing structural design and structure planning reports.\n\u2022 Practical working knowledge of structural analysis software (such as CSiBridge or MIDAS Civil).\n\u2022 Practical working knowledge of the Canadian Highway Bridge Design Code CSA S6-19 and the MTO Structural Manual.\n\u2022 Practical working knowledge of other applicable MTO design guidelines: Semi Integral Abutment Manual, Integral Abutment Manual, Concrete Culvert Design Detailing Manual, Structure Rehabilitation Manual, RSS Design Guide, Ontario Structure Inspection Manual, etc.\n\u2022 Practical working knowledge of MTO standard drawings and specifications.\n\nAdditional Requirements:\n\u2022 Experience working closely with drafting professionals to effectively develop drawing packages for transportation structures. Strong verbal and written communication skills are essential for this role and experience working with digital markup software, such as Bluebeam, is considered an asset.\n\u2022 Ability to effectively coordinate with other disciplines and proactively address project requirements.\n\u2022 Provide career guidance (mentoring), direction and support on project work, and support to structural designers (EIT\u2019s). Mentorship is a key aspect of this this role and the successful candidate should expect to dedicate 20% of their time to passing on knowledge and experiences to others.\n\u2022 A key to success in our projects is effective quality assurance and quality control. All Transportation Structure projects within Jacobs are reviewed by senior engineers and the successful candidate must be able to utilize constructive criticism and feedback to improve current and future deliverables.\n\nThe following items would be considered an asset:\n\u2022 PHD in Civil Engineering specializing in structures/bridges from an accredited university would be considered an asset.\n\u2022 Additional relevant training specializing in bridge structures would be considered an asset: CISC-Canadian Institute for Steel Construction, CPCI-Canadian Precast prestressed Concrete Institute, CAC-Cement Association of Canada, CSA Canadian Standards Association.\n\u2022 Knowledge of AutoCAD is considered an asset.\n\u2022 Experience collaborating with highway engineers, geotechnical engineers, hydraulic engineers, utility companies, environmental agencies, sub consultants, etc, is considered an asset.\n\u2022 Working knowledge of project scheduling software such as MS Project is considered an asset.\n\u2022 Fully bilingual in English and French is considered an asset.\n\nJacobs is an Equal Opportunity/Affirmative Action Employer. All qualified applicants will receive consideration for employment without regard to race, religion, creed, color, national origin, ancestry, sex (including pregnancy, childbirth, breastfeeding, or medical conditions related to pregnancy, childbirth, or breastfeeding), age, medical condition, marital or domestic partner status, sexual orientation, gender, gender identity, gender expression and transgender status, mental disability or physical disability, genetic information, military or veteran status, citizenship, low-income status or any other status or characteristic protected by applicable law. Learn more about your rights under Federal EEO laws and supplemental language.",
            "location": "Kitchener, ON, Canada",
            "employmentType": "",
            "datePosted": "5 days ago",
            "salaryRange": "",
            "jobProviders": [
                {
                    "name": "Jacobs Jobs",
                    "url": "https://jacobs.jobs/kitchener-on/senior-bridge-engineer/DFA55D672866499E9D4EAD6AFEB7BACB/job/?utm_campaign=google_jobs_apply&utm_source=google_jobs_apply&utm_medium=organic"
                },
                {
                    "name": "LinkedIn",
                    "url": "https://ca.linkedin.com/jobs/view/senior-bridge-engineer-at-jacobs-4075187899?utm_campaign=google_jobs_apply&utm_source=google_jobs_apply&utm_medium=organic"
                },
                {
                    "name": "Jooble",
                    "url": "https://ca.jooble.org/jdp/1995543470924882516?utm_campaign=google_jobs_apply&utm_source=google_jobs_apply&utm_medium=organic"
                },
                {
                    "name": "Nexxt",
                    "url": "https://www.nexxt.com/jobs/senior-bridge-engineer-kitchener-on-ca-2788376543-job.html?aff=2ED44C72-8FD2-4B5D-BC54-2F623E88BE26&utm_campaign=google_jobs_apply&utm_source=google_jobs_apply&utm_medium=organic"
                },
                {
                    "name": "SnapJobSearch.com CA",
                    "url": "https://ca.snapjobsearch.com/jobs/view/1878611?utm_campaign=google_jobs_apply&utm_source=google_jobs_apply&utm_medium=organic"
                },
                {
                    "name": "Jobrapido.com",
                    "url": "https://ca.jobrapido.com/jobpreview/2425509568403472384?utm_campaign=google_jobs_apply&utm_source=google_jobs_apply&utm_medium=organic"
                }
            ]
        },
        {
            "jobType": "senior_engineer",
            "title": "Senior Machine Learning Engineer",
            "company": "BenchSci",
            "description": "We are looking for a Senior Machine Learning Engineer to join our Knowledge Enrichment team at BenchSci.\n\nYou will help design and implement ML-based approaches to analyse, extract and generate knowledge from complex biomedical data such as experimental protocols and from results from several heterogeneous sources, including both publicly available data and proprietary internal data, represented in unstructured text and knowledge graphs. You will work alongside some of the brightest minds in tech, leveraging state of the art approaches to deliver on BenSci\u2019s mission to expedite drug discovery. Knowledge Enrichment is at the core of this challenge as it ensures we can reason over and gain insights from an extensive, accurate, and high quality representation of biomedical data.\n\nThe data will be leveraged in order to enrich BenchSci\u2019s knowledge graph through classification, discovery of high value implicit relationships, predicting novel insights/hypotheses, and other ML techniques. You will collaborate with your team members in applying state of the art ML and graph ML/data science algorithms to this data.\n\nYou are comfortable working in a team that pushes the boundaries of what is possible with cutting edge ML/AI, challenges the status quo, is laser focused on value delivery in a fail-fast environment.",
            "location": "Toronto, ON, Canada",
            "employmentType": "",
            "datePosted": "3 days ago",
            "salaryRange": "",
            "jobProviders": [
                {
                    "name": "Careers At BenchSci",
                    "url": "https://careers.benchsci.com/ca/en/job/2f0496d7-da1c-4e13-bcf8-60db80c5a84f/Senior-Machine-Learning-Engineer?utm_campaign=google_jobs_apply&utm_source=google_jobs_apply&utm_medium=organic"
                },
                {
                    "name": "Abnormal Security",
                    "url": "https://careers.abnormalsecurity.com/jobs/5966525003?gh_jid=5966525003&gh_src=5af5f8323us&utm_campaign=google_jobs_apply&utm_source=google_jobs_apply&utm_medium=organic"
                },
                {
                    "name": "City Of Toronto Jobs",
                    "url": "https://jobs.toronto.ca/jobsatcity/job/Toronto-SENIOR-MACHINE-LEARNING-ENGINEER-TSD-ON-M5V-3C6/586546917/?utm_campaign=google_jobs_apply&utm_source=google_jobs_apply&utm_medium=organic"
                },
                {
                    "name": "Lever",
                    "url": "https://jobs.lever.co/loopio/9e148b45-554f-4a5d-be94-fc398b20e06d?utm_campaign=google_jobs_apply&utm_source=google_jobs_apply&utm_medium=organic"
                },
                {
                    "name": "LinkedIn",
                    "url": "https://ca.linkedin.com/jobs/view/senior-machine-learning-engineer-at-gptzero-4062159741?utm_campaign=google_jobs_apply&utm_source=google_jobs_apply&utm_medium=organic"
                },
                {
                    "name": "ZipRecruiter",
                    "url": "https://www.ziprecruiter.com/c/XTRACT-ONE/Job/Senior-Machine-Learning-Engineer/-in-Toronto,ON?jid=02aa4e25b09b6021&utm_campaign=google_jobs_apply&utm_source=google_jobs_apply&utm_medium=organic"
                },
                {
                    "name": "Indeed",
                    "url": "https://ca.indeed.com/viewjob?jk=0c9e067aef3eaffa&utm_campaign=google_jobs_apply&utm_source=google_jobs_apply&utm_medium=organic"
                },
                {
                    "name": "Wellfound",
                    "url": "https://wellfound.com/jobs/3116855-senior-machine-learning-engineer?utm_campaign=google_jobs_apply&utm_source=google_jobs_apply&utm_medium=organic"
                }
            ]
        },
        {
            "jobType": "senior_engineer",
            "title": "Senior Systems Engineer",
            "company": "Calian Group Ltd.",
            "description": "Position Overview\n\nCalian, a trusted partner to government and industry, is seeking a highly skilled and experienced Senior Systems Engineer to join our dynamic team. As a leading provider of professional services, Calian offers an exciting opportunity to contribute to cutting-edge projects in the realm of training system development and engineering services.\nResponsibilities\n\u2022 Training system concept development\n\u2022 Requirements solicitation\n\u2022 Identify high level system requirements\n\u2022 Requirements definition and derivation of lower level requirements\n\u2022 Identify appropriate training media\n\u2022 Data collection of potential simulations\n\u2022 Training system development\n\u2022 Technical Investigation and Engineering Services (TIES)\n\u2022 Provision of DSEEP services\n\nRequirements\n\u2022 Hold or be eligible for Secret \u2013 Level II (or higher) Clearance with the Government of Canada\n\u2022 Possess a Bachelor\u2019s Degree from a distinguished Canadian* University in an Engineering field directly related to Information Technology\n\u2022 Demonstrate a robust minimum of ten (10) years of hands-on experience in a relevant engineering field\n\u2022 Showcase a minimum of four (4) years of recent experience within the last five (5) years, actively engaged as a systems engineer, specializing in the design, development, and deployment of intricate \"System of Systems\" products\n\u2022 Hold a Master\u2019s degree from a recognized Canadian* University, specializing in a field pertinent to Information Technology\n\u2022 Exhibit hands-on experience conducting requirements elicitation through insightful discussions with users, customers, and diverse stakeholders within a \"System of Systems\" environment\n\u2022 Display proven expertise in conducting requirement analysis and deriving system requirements from operational requirements within the complex framework of \"System of Systems\"\n\u2022 Illustrate hands-on experience in performing system design, specifically supporting software development within the intricate context of \"System of Systems\"\n\u2022 Demonstrate proficiency in performing software validation and verification to ensure the distinctive product attains its designated design intent within the nuanced landscape of \"System of Systems\"\n\u2022 Showcase a history of generating, updating, and meticulously maintaining technical documentation to the highest standards\n\u2022 Possess an INCOSE Certified Systems Engineering Professional (CSEP) certification or a current INCOSE Expert Systems Engineering Professional (ESEP) certification\n\u2022 Bring valuable experience participating in one or more project taskings utilizing the Agile development process\n\u2022 Showcase hands-on experience contributing to one or more project taskings that successfully developed products specifically tailored for the Military Domain",
            "location": "Ontario, Canada",
            "employmentType": "",
            "datePosted": "",
            "salaryRange": "",
            "jobProviders": [
                {
                    "name": "Calian Careers",
                    "url": "https://careers.calian.com/careers/df-senior-systems-engineer-49771-3/?utm_campaign=google_jobs_apply&utm_source=google_jobs_apply&utm_medium=organic"
                },
                {
                    "name": "SimplyHired",
                    "url": "https://www.simplyhired.ca/job/3_H6DzNKEcSce9l1mb0rYM5zvWQ_-M6O6R59hJbI6phXSIghDkN6vQ?utm_campaign=google_jobs_apply&utm_source=google_jobs_apply&utm_medium=organic"
                }
            ]
        },
        {
            "jobType": "senior_engineer",
            "title": "Senior II Electrical Engineer",
            "company": "MineSense Technologies Ltd.",
            "description": "Be part of something incredible. Metals are necessary for our world, but mining historically faced issues with waste, sustainability, and inefficiencies. MineSense is changing that. Our solutions reduce mining waste and environmental impacts while increasing profits and efficiencies. Backed by the best in venture capital and government funds, and recognized by tech industry and sustainability programs, MineSense is doing what many said could not be done: improving mining for people and planet.\n\nWe are looking to add an experienced Senior II Electrical Engineer to our Product Development team in Vancouver. Reporting to the Team Lead Electrical Engineering, the Senior II Electrical/Electronic Engineer is responsible for design and development of Electrical and Electronic components and systems and providing expert-level technical guidance in the development and validation of complex electrical systems, and ensuring project success by overseeing collaboration with cross-functional teams. The individual will also mentor peers, and ensure adherence to industry standards and best practices, while mitigating risks and driving the implementation of innovative solutions. An ideal candidate will be a detail oriented self-starter that enjoys developing innovative solutions.\n\nJob Description:\n\u2022 Uses expert level proficiency to lead the development and implementation of testing and verification plans to validate complex electrical assemblies and electronic circuits and ensure compliance with industry standards\n\u2022 Oversees component selection, schematic capture and PCB layout of digital and analog electronic circuits and power supplies\n\u2022 Architecting the electrical assemblies and board-level designs and integration of OEM modules into the company products\n\u2022 Overseeing collaboration and communication with cross-functional teams and senior management and delegating tasks to ensure project deliverables are completed on time, within budget, and to high quality standards\n\u2022 Oversees and reviews standard documentation for internal and external parties\n\u2022 Collaborates regularly with engineering leaders to develop metrics, project plans and review project/team success\n\u2022 Prototyping the first articles and troubleshooting the designs\n\u2022 Leads collaboration with suppliers and manufacturers to resolve technical issues\n\u2022 Approving reports, designs, and drawings while ensuring adherence to company best practices\n\u2022 Leading Root Cause Analysis of failures and DFM activities\n\u2022 Meeting the schedule and quality requirements for all project deliverables\n\u2022 Mentoring & Coaching:\n\u2022 Providing expert level technical guidance and coaching to multi-disciplinary coworkers and fellow engineers by connecting technical expertise to business outcomes\n\u2022 Regularly conducts peer reviews and offers thought leadership throughout the engineering team to ensure transfer of knowledge. Oversees sharing new best practices / process updates and improvements with cross functional team members\n\nQualifications:\n\u2022 Generally, a 4-year degree (PhD or masters preferred) in a relevant electrical discipline. I.e. Electrical, Electronics, Controls Systems or similar.\n\u2022 Generally, 6-8+ years of experience in an electrical, electronics or relevant discipline.\n\u2022 Experience with High Voltage power supplies and X-ray applications is an asset (nice to have)\n\u2022 Hands on experience with testing equipment such as oscilloscope, spectrum analyzer, electronic load, and signal generators\n\u2022 Proven debugging and troubleshooting skills\n\u2022 Expert level proficiency in circuit board CAD tools such as Altium\n\u2022 Expert level proficiency in circuit and control simulation tools\n\u2022 Experience with embedded electronics and embedded programming is an asset\n\u2022 Strong verbal and written communication skills\n\u2022 Strong organization skills with attention to details\n\u2022 Self-starter, motivated and able to work independently and in teams\n\u2022 Health & Safety conscious individual\n\u2022 Legally able to work in Canada\n\nThe salary offered to the successful candidate will be based on their experience, knowledge and skills they bring to MineSense, market data based on their location as well as internal equity. Keeping this mind, the salary offered can be outside of the range posted.\n\nOur total rewards package offers market-researched benefits, promotes internal equity, and supports team members at all levels of our organization, and includes the following:\u202f\n\nOur total rewards package includes:\n\n\u00b7 A competitive bonus.\n\n\u00b7 Matching RRSP or 401K program (for Canadian and US employees)\n\n\u00b7 A comprehensive benefit program including an employee assistance program.\n\n\u00b7 Learning and career development programs and resources (live sessions and on-demand)\n\n\u00b7 Transit Subsidy (for roles based in Vancouver, BC)\n\n\u00b7 Hybrid work (for roles that do not require to be onsite)\n\n\u00b7 3 weeks' vacation or more depending on the position\n\n\u00b7 Global and local company organized social events and celebrations to connect with your team\n\nHere's what you can expect as a part of the MineSense Team:\n\nWhen you join MineSense, a trailblazing Canadian mining technology company, you become a part of our purpose to maximize global metals and minimize global impacts. We\u2019re not just a company; we\u2019re a Community of Innovators who forge a path toward a sustainable future. Here\u2019s why we want you to be excited:\n\n\u00b7 Purpose-Driven: At MineSense, we don\u2019t just clock in\u2014we live our purpose. We\u2019re on a mission to revolutionize the mining industry, and every day, we\u2019re one step closer to a cleaner, greener world.\n\n\u00b7 Values That Resonate: Our core values\u2014Innovation, Belonging, Resilience, and Adding Value\u2014aren\u2019t just buzzwords. They\u2019re the bedrock of our culture. When you step into our team, you\u2019re not just an employee; you\u2019re a steward of these values.\n\n\u00b7 Impactful Work: Imagine contributing to a cleaner, more sustainable planet. At MineSense, you\u2019re shaping the future of cleantech and developing cutting edge technology that literally hasn't been developed before. Your work matters, and it echoes beyond our walls.\n\n\u00b7 People-Centric: We\u2019re not just about profits; we\u2019re about people. Our organization cares deeply about its employees. When you join us, you become part of a community that supports growth, well-being, and success.\n\nReady to make your mark? Join MineSense and be part of something bigger than yourself.\n\nMineSense is an equal opportunity employer and is committed to providing accommodation to individuals with disabilities. Should you require accommodation during the recruitment or hiring process, please feel free to indicate your needs while applying. Information received related to accommodation needs of applicants will be addressed confidentially.\n\nAll applications are welcome, even if you don't meet all the requirements, so please do not hesitate to apply.",
            "location": "Vancouver, BC, Canada",
            "employmentType": "",
            "datePosted": "3 days ago",
            "salaryRange": "",
            "jobProviders": [
                {
                    "name": "LinkedIn",
                    "url": "https://ca.linkedin.com/jobs/view/senior-ii-electrical-engineer-at-minesense-technologies-ltd-4074971873?utm_campaign=google_jobs_apply&utm_source=google_jobs_apply&utm_medium=organic"
                },
                {
                    "name": "Prelude Ventures Job Board",
                    "url": "https://jobs.preludeventures.com/companies/minesense-technologies-2/jobs/41550933-senior-ii-electrical-engineer?utm_campaign=google_jobs_apply&utm_source=google_jobs_apply&utm_medium=organic"
                }
            ]
        },
        {
            "jobType": "senior_engineer",
            "title": "Senior Project Engineer",
            "company": "ABB",
            "description": "Senior Project Engineer\nAt ABB, we are dedicated to addressing global challenges. Our core values: care, courage, curiosity, and collaboration - combined with a focus on diversity, inclusion, and equal opportunities - are key drivers in our aim to empower everyone to create sustainable solutions.\nWrite the next chapter of your ABB story.\n\nThis is a position with grade\n\n12\nThis position reports to\n\nOperations Manager & HPR\nYour role and responsibilities\n\nIn this role, you will have the opportunity to act as the technical lead for all engineering activities in assignments. Each day, you will ensure the activities related to all engineering disciplines within the project are executed in an efficient and cost-effective manner. You will also showcase your expertise by acting as a design authority for a particular engineering discipline and completing the corresponding engineering assignments.\n\nYour main responsibilities :\n\n\u2022 Plan and coordinate engineering activities of large industrial electrification projects involving pre-fabricated E-houses, MV & LV switchgears, Variable frequency Drives, Control, Protection, Instrumentation, MCC transformers, motor generators, Auxiliary Systems and HVAC Systems.\n\u2022 Coordinate and validate technical studies (asset) : Short-circuit, Load flow, Protection Coordination and Arc Flash.\n\u2022 Responsible for the technical coordination with the customer, the internal engineering team, suppliers of equipment & services, and other stakeholders involved in the project.\n\u2022 Prepare equipment layouts for electrical and control rooms; Evaluate heat losses and selection of HVAC units.\n\u2022 Prepare cable & interconnection lists, cable tray layouts & cable routing.\n\u2022 Produce technical specifications, control and manage engineering changes during project execution. Also, participate in the preparation of RFQ\u2019s and bid evaluations & analysis\n\u2022 Technical follow-up during engineering, procurement & construction.\n\u2022 Installation supervision and commissioning in industrial sites and produce cost estimation of turnkey projects, generate deliverable list and schedule for entire project.\nQualifications for the role\n\u2022 Bachelor of Engineering in Electrical Engineering.\n\u2022 10 years of related experience in the field of industrial electrification projects and mining industry.\n\u2022 Member of OIQ (or P.Eng. from other Canadian provinces).\n\u2022 Knowledge of the electrical standards (ANSI, CSA, IEEE, UL and others).\n\u2022 Availability to travel within Canada.\n\u2022 Site supervision and control system knowledge are assets.\n\u2022 Knowledge of software such as ETAP, SKM, ACAD, SmartPlant or Microstation.\n\u2022 Bilingual: French, English. French is required. English is also required to communicate with customers outside Quebec on a regular basis.\n\nBenefits\n\u2022 Retirement plan\n\u2022 Healthcare plan\n\u2022 Accident insurance\n\u2022 Wellbeing program\nMore about us\n\u2022 **Referral bonus premium $1,500.00****\n\nProcess Industries division delivers complete electrification and automation solutions, industry-specific products and lifecycle services across industries. Engineering and delivering automation solutions from device to monitoring and control make our customers get more out of their investment; digitalization solutions including collaborative operations and augmented reality help improve plant and enterprise productivity, reduce maintenance and energy costs. Our engineering, project management, services and solutions portfolio covers a wide range of industries - Mining, Pulp & Paper, Metals, Aluminum and Cement, Data centers and Food and Beverage\n\nWe look forward to receiving your application. If you want to discover more about ABB, take another look at our website www.abb.com.\n\nFor the 8th year in a row, ABB Canada has been recognized as one of Canada\u2019s top employers by Forbes Magazine. Also named as Canada's Top 100 Employers, Montreal's Top Employers, Canada's Top Employers for Young People, Canada\u2019s Greenest Employers and in 2021 Best Candidate Experience Award (CandE Award), ABB's culture and commitment are to provide a caring workplace where everyone collaborates, feels valued, respected, included and support-ed. Also committed to ensuring that all policies and practices respect the Employment Equity Program, we aim for our workforce to be truly representative of the four designated groups; women, aboriginal people, members of visible minorities, and/or persons with disabilities. ABB will provide reasonable accommodation to the applicant with disabilities and encourage appli-cants to self-identify in the application process.\n\nABB's Military Reservist Policy offers Canada's Reserve Force members the flexibility to undergo military training and activities while maintaining job security, seniority, pay, benefits, and privileges as ABB employees, including up to 15 paid working days per year for training, as well as extended leave for operations both in Canada and abroad, ensuring seamless career integration with our nation's defense forces.\n#LI-Hybrid",
            "location": "Quebec, Canada",
            "employmentType": "",
            "datePosted": "25 days ago",
            "salaryRange": "",
            "jobProviders": [
                {
                    "name": "ABB Career",
                    "url": "https://careers.abb/us/en/job/93285089/Senior-Project-Engineer?utm_campaign=google_jobs_apply&utm_source=google_jobs_apply&utm_medium=organic"
                },
                {
                    "name": "SimplyHired",
                    "url": "https://www.simplyhired.ca/job/Wv2y6UWqVMASI6jybrcL7vqt-ml47J9zFVLcLsVnkFo3HvDH8lU6VQ?utm_campaign=google_jobs_apply&utm_source=google_jobs_apply&utm_medium=organic"
                },
                {
                    "name": "LinkedIn",
                    "url": "https://ca.linkedin.com/jobs/view/senior-project-engineer-at-abb-4027844795?utm_campaign=google_jobs_apply&utm_source=google_jobs_apply&utm_medium=organic"
                },
                {
                    "name": "Jobs Trabajo.org",
                    "url": "https://ca.trabajo.org/job-3026-b88392b552f0687da90b901b91ccb321?utm_campaign=google_jobs_apply&utm_source=google_jobs_apply&utm_medium=organic"
                }
            ]
        },
        {
            "jobType": "senior_engineer",
            "title": "Senior Artificial Intelligence Engineer ( Senior Data Scientist - AI)",
            "company": "Compass Group Canada",
            "description": "You might not know our name, but you know where we are. That\u2019s because Compass Group Canada is part of a global foodservice and support services company that\u2019s the 6th largest employer in the world, with 625,000 employees.\n\nYou\u2019ll find us in schools, colleges, hospitals, office buildings, senior living communities, tourist attractions, sports venues, remote camps and military installations and more. We\u2019re in all major cities, at remote work sites and everywhere in between \u2013 doing business in Canada and 50+ other countries where you can learn and grow. Join us now and point your career forward!\n\nWhy work with Compass Digital? We are a member of Compass Group North America the leading foodservice and support services company. We create remarkable customer experiences through the innovative design and development of technology products and services. Compass Digital began as an innovation startup and the team has since rapidly grown and now supports technology and innovation across all of North America. Compass digital is comprised of user experience designers, developers, data scientists, project managers, business analysts, marketers and technology implementation managers, all of whom look at the world from a human perspective to rethink what's possible in the areas of technology innovation and consumer engagement within the foodservice and hospitality industries. Join us.\n\nJob Summary\n\nWe are looking for a passionate AI Engineer to join our team at Compass Digital. You will design, develop, and maintain cutting-edge data products and AI solutions, focusing on making difficult-to-access data sources available through web scraping and document scanning. Collaborating with Data Scientists, Analytics Engineers, Front-End Engineers, ML Engineers, and AI Engineers, you will build cloud-native backend systems and infrastructure for new AI-powered applications. Your work will lay the foundations for a new product delivering Data Analytics and AI capabilities.\n\nNow, if you were to come on board as our Senior AI Engineer, we\u2019d ask you to do the following for us:\n\u2022 Develop and maintain scalable AI applications from concept to deployment;\n\u2022 Collaborate with cross-functional teams to define, design, and ship new features;\n\u2022 Architect and implement efficient and reusable AI systems;\n\u2022 Write clean, well-documented, and maintainable code following best practices;\n\u2022 Conduct code reviews, provide constructive feedback and mentor junior team members;\n\u2022 Staying up-to-date with emerging AI technologies and industry trends to drive continuous improvement\n\u2022 Work in a dynamic, collaborative, progressive, and high-performing team\n\u2022 Interactions with multiple cross-functional teams, exposure to many components of modern data technology\n\nThink you have what it takes to be our Senior AI Engineer? We\u2019re committed to hiring the best talent for the role. Here\u2019s how we\u2019ll know you\u2019ll be successful in the role:\n\u2022 Bachelor's degree in a STEM field or equivalent experience\n\u2022 Strong experience with Large Language Models (LLMs)\n\u2022 2+ years of hands-on experience in developing AI and data products\n\u2022 Proficiency with the modern data science stack, including Python, NumPy, and pandas\n\u2022 Strong cloud engineering skills with experience taking AI ideas to production\n\u2022 Experience with both SQL and NoSQL database systems and data warehouses\n\u2022 Familiarity with RESTful APIs\n\u2022 Knowledge of version control systems such as Git and agile development methodologies\n\u2022 Excellent problem-solving skills, attention to detail, and ability to work independently or within a team\n\u2022 Excellent written and verbal communication skills, with the ability to convey complex concepts to non-technical users\n\nCompass Group Canada is committed to nurturing a diverse workforce representative of the communities within which we operate. We encourage and are pleased to consider all qualified candidates, without regard to race, colour, citizenship, religion, sex, marital / family status, sexual orientation, gender identity, aboriginal status, age, disability or persons who may require an accommodation, to apply.\n\nFor accommodation requests during the hiring process, please contact PeopleHub@compass-canada.com for further information.",
            "location": "Mississauga, ON, Canada",
            "employmentType": "",
            "datePosted": "4 days ago",
            "salaryRange": "",
            "jobProviders": [
                {
                    "name": "Compass Group Canada Careers",
                    "url": "https://careers.compass-canada.com/job/21278559/senior-artificial-intelligence-engineer-senior-data-scientist-ai-mississauga-ca/?utm_campaign=google_jobs_apply&utm_source=google_jobs_apply&utm_medium=organic"
                },
                {
                    "name": "Glassdoor",
                    "url": "https://www.glassdoor.ca/job-listing/ai-engineer-compass-group-JV_IC2280741_KO0,11_KE12,25.htm?jl=1009421901465&utm_campaign=google_jobs_apply&utm_source=google_jobs_apply&utm_medium=organic"
                },
                {
                    "name": "ZipRecruiter",
                    "url": "https://www.ziprecruiter.com/c/Compass-Group/Job/Senior-Artificial-Intelligence-Engineer-(-Senior-Data-Scientist-AI)/-in-Mississauga,ON?jid=15da79b8b7cb5e8c&utm_campaign=google_jobs_apply&utm_source=google_jobs_apply&utm_medium=organic"
                },
                {
                    "name": "Indeed",
                    "url": "https://ca.indeed.com/viewjob?jk=db9cecb731bf10b3&utm_campaign=google_jobs_apply&utm_source=google_jobs_apply&utm_medium=organic"
                },
                {
                    "name": "Jooble",
                    "url": "https://ca.jooble.org/jdp/-4469427687190327424?utm_campaign=google_jobs_apply&utm_source=google_jobs_apply&utm_medium=organic"
                },
                {
                    "name": "Adzuna",
                    "url": "https://www.adzuna.ca/details/4801441141?utm_campaign=google_jobs_apply&utm_source=google_jobs_apply&utm_medium=organic"
                },
                {
                    "name": "Eluta.ca",
                    "url": "https://www.eluta.ca/spl/senior-artificial-intelligence-engineer-senior-data-scientist-2908ca7b2f310656766c1ff25e7dab45?utm_campaign=google_jobs_apply&utm_source=google_jobs_apply&utm_medium=organic"
                },
                {
                    "name": "Itjobs.ca",
                    "url": "https://www.itjobs.ca/en/offer/on/mississauga/senior-artificial-intelligence-engineer-senior-data-scientist-ai/e49278a9-b5d0-441d-aae7-6e3f08a17e47_en/?utm_campaign=google_jobs_apply&utm_source=google_jobs_apply&utm_medium=organic"
                }
            ]
        },
        {
            "jobType": "senior_engineer",
            "title": "Senior Software Engineer (Full-Stack)",
            "company": "Mastercard",
            "description": "Our Purpose\n\nWe work to connect and power an inclusive, digital economy that benefits everyone, everywhere by making transactions safe, simple, smart and accessible. Using secure data and networks, partnerships and passion, our innovations and solutions help individuals, financial institutions, governments and businesses realize their greatest potential. Our decency quotient, or DQ, drives our culture and everything we do inside and outside of our company. We cultivate a culture of inclusion for all employees that respects their individual strengths, views, and experiences. We believe that our differences enable us to be a better team \u2013 one that makes better decisions, drives innovation and delivers better business results.\n\nTitle and Summary\n\nSenior Software Engineer (Full-Stack)\n\nWho is Mastercard?\nWe work to connect and power an inclusive, digital economy that benefits everyone, everywhere, by making transactions safe, simple, smart, and accessible. Using secure data and networks, partnerships, and passion, our innovations and solutions help individuals, financial institutions, governments, and businesses realize their greatest potential. Our decency quotient, or DQ, drives our culture and everything we do inside and outside of our company. We cultivate a culture of inclusion for all employees that respects their individual strengths, views, and experiences. We believe that our differences enable us to be a better team \u2013 one that makes better decisions, drives innovation, and delivers better business results.\n\nOverview\nInterested in building the next generation platform that empowers end-to-end marketing campaign management inclusive of audience targeting and campaign execution and measurement? The overarching goal of data-driven marketing is to deliver the right content, to the right person, at the right time.\n\nWe are growing rapidly in Vancouver in the beautiful British Columbia, and if you wish to be part of this Priceless\u00ae experience, read below.\n\nThe Marketing Services (MS) Technology team is looking for a Senior Software Development Engineer to provide technical ownership, with an emphasis on engineering efficiency and on-time delivery.\n\nThe ideal candidate has expertise in building microservices using new and emerging technologies. The person will get a chance to develop innovative solutions and transform the way Mastercard automates, optimize and innovate digital marketing life cycle.\n\nRole\n\nIn this role, you will:\n\n\u2022 Design & Develop REST APIs and webservices using Java, Spring Boot and other emerging technologies\n\u2022 Create new features for a Python-based application and fix any issues.\n\u2022 Be responsible for assessing technologies and approaches for integrating backend data services with user interface\n\u2022 Work closely with team members from across Mastercard to identify functional and system requirements\n\nAll About you\n\nThe ideal candidate for this position expected to:\n\n\u2022 Have hands-on knowledge of Java, Spring Boot and Microservices (REST API)\n\u2022 Have an understanding of Domain Driven Design (DDD) and Event Driven design (EDD).\n\u2022 Experienced in working with SQL, designing schemas, writing complex queries, and optimizing database performance to support efficient application development and reporting.\n\u2022 Build automated quality framework based on JUnit and Mockito and have solid understanding of BDD testing framework.\n\u2022 Have an excellent oral and written communication\n\u2022 Be familiar with Agile/Scrum methodologies\n\u2022 Have demonstrated ability to adapt to new technologies and learn quickly\n\u2022 Be a strong, confident, and able to communicate solution and Architecture effectively to a wide variety of stakeholders\n\u2022 Last but not least, have bias for action.\n\u2022 Understand CI/CD using tools like Jenkins.\n\u2022 Familiar with Big Data / Analytics technologies like Hadoop, Spark, Python, Scala.\n\u2022 Knowledge of Python and Streamlit is an advantage.\n\u2022 Experience working with real-time or near real-time data ingestion\n\nPay Range\n98,000.00 - 157,000.00 CAD Annual\n\nMastercard is an inclusive equal opportunity employer that considers applicants without regard to gender, gender identity, sexual orientation, race, ethnicity, disabled or veteran status, or any other characteristic protected by law. In the US or Canada, if you require accommodations or assistance to complete the online application process or during the recruitment process, please contact reasonable_accommodation@mastercard.com and identify the type of accommodation or assistance you are requesting. Do not include any medical or health information in this email. The Reasonable Accommodations team will respond to your email promptly.\n\nCorporate Security Responsibility\n\nAll activities involving access to Mastercard assets, information, and networks comes with an inherent risk to the organization and, therefore, it is expected that every person working for, or on behalf of, Mastercard is responsible for information security and must:\n\u2022 Abide by Mastercard\u2019s security policies and practices;\n\u2022 Ensure the confidentiality and integrity of the information being accessed;\n\u2022 Report any suspected information security violation or breach, and\n\u2022 Complete all periodic mandatory security trainings in accordance with Mastercard\u2019s guidelines.",
            "location": "Vancouver, BC, Canada",
            "employmentType": "",
            "datePosted": "9 days ago",
            "salaryRange": "",
            "jobProviders": [
                {
                    "name": "Mastercard Careers",
                    "url": "https://careers.mastercard.com/us/en/job/R-233691/Senior-Software-Engineer-Full-Stack?utm_campaign=google_jobs_apply&utm_source=google_jobs_apply&utm_medium=organic"
                },
                {
                    "name": "Crossover",
                    "url": "https://www.crossover.com/job-roles/software-engineering/canada/city/vancouver/c-a0q2j0000037krQAAQ/learnwithai-senior-software-engineer?utm_campaign=google_jobs_apply&utm_source=google_jobs_apply&utm_medium=organic"
                },
                {
                    "name": "Workday",
                    "url": "https://motorolasolutions.wd5.myworkdayjobs.com/en-US/Careers/job/Senior-Software-Engineer--Azure-C--_R51045-1?utm_campaign=google_jobs_apply&utm_source=google_jobs_apply&utm_medium=organic"
                },
                {
                    "name": "Jobs",
                    "url": "https://jobs.ashbyhq.com/hiive/9f5e19eb-dc33-43ad-a2e5-e176b3f4fe20?utm_campaign=google_jobs_apply&utm_source=google_jobs_apply&utm_medium=organic"
                },
                {
                    "name": "LinkedIn",
                    "url": "https://ca.linkedin.com/jobs/view/senior-software-engineer-at-hiive-4046064845?utm_campaign=google_jobs_apply&utm_source=google_jobs_apply&utm_medium=organic"
                },
                {
                    "name": "ZipRecruiter",
                    "url": "https://www.ziprecruiter.com/c/Starboard-Recruitment/Job/Senior-Software-Engineer/-in-Vancouver,BC?jid=d8bec9e8d2af04b5&utm_campaign=google_jobs_apply&utm_source=google_jobs_apply&utm_medium=organic"
                },
                {
                    "name": "Indeed",
                    "url": "https://ca.indeed.com/viewjob?jk=105fbc2992e07d1c&utm_campaign=google_jobs_apply&utm_source=google_jobs_apply&utm_medium=organic"
                },
                {
                    "name": "Greenhouse",
                    "url": "https://boards.greenhouse.io/embed/job_app?for=mobsquad&token=4095825002&b=https://mobsquad.io/join-team/job/&utm_campaign=google_jobs_apply&utm_source=google_jobs_apply&utm_medium=organic"
                }
            ]
        }
    ]
}