{
    "jobs": [
        {
            "jobType": "senior_developer",
            "title": "Senior Developer (ServiceNow and Power Platform)",
            "company": "Hays",
            "description": "Role: Senior Developer - ServiceNow and Power Platform\n\nRole Type: Contract (11 months)\n\nLocation: Toronto (Hybrid)\n\nJob Description\n\nYour new company\n\nJoin a leading financial institution known for its commitment to innovation and excellence. This organization offers a dynamic work environment where you can work on cutting-edge projects with a diverse team of professionals, driving digital transformation in the financial sector.\n\nYour new role\n\nAs a Senior Developer, you will play a pivotal role in designing, developing, and implementing solutions using Microsoft Power Platform and ServiceNow. You will collaborate with cross-functional teams to deliver high-quality applications and workflows that meet the needs of the end client. Your expertise will be crucial in driving the success of projects and ensuring seamless integration and functionality.\n\nWhat you'll need to succeed\n\u2022 Proficiency in Microsoft Power Platform: Power BI, Power Automate, Power Apps.\n\u2022 Experience with ServiceNow: Particularly in workflow development.\n\u2022 Strong problem-solving skills: Ability to troubleshoot and resolve complex issues.\n\u2022 Excellent communication skills: Both written and verbal, to effectively collaborate with team members and stakeholders.\n\u2022 Adaptability: Ability to thrive in a hybrid work environment, with 2-3 days in the office.\n\nWhat you'll get in return\n\u2022 Professional growth: Opportunities to work on high-impact projects and advance your career.\n\u2022 Dynamic work environment: A collaborative and inclusive workplace that values diversity and innovation.\n\u2022 Work-life balance: Hybrid work model offering flexibility.\n\nWhat you need to do now\n\nIf you're ready to take on this exciting challenge and contribute to a leading financial institution, apply now with your updated resume. Showcase your skills and experience and take the next step in your career journey.",
            "location": "Toronto, ON, Canada",
            "employmentType": "",
            "datePosted": "2 days ago",
            "salaryRange": "",
            "jobProviders": [
                {
                    "name": "LinkedIn",
                    "url": "https://ca.linkedin.com/jobs/view/senior-developer-servicenow-and-power-platform-at-hays-4077451080?utm_campaign=google_jobs_apply&utm_source=google_jobs_apply&utm_medium=organic"
                },
                {
                    "name": "BeBee Canada Meet Opportunities",
                    "url": "https://ca.bebee.com/job/4f0d4af1c4b2cb45a629acaee86fd764?utm_campaign=google_jobs_apply&utm_source=google_jobs_apply&utm_medium=organic"
                }
            ]
        },
        {
            "jobType": "senior_developer",
            "title": "Senior Software Developer",
            "company": "D2L",
            "description": "How will I make an impact?\n\nWe are looking for seasoned software developers who are passionate about developing software using engineering best practices. Senior software developers use past experiences & know-how to enable teams to be more productive & effective through the code they write, the decisions they make and knowledge they share. Your ideas and perspectives are essential to making sure we are investing in the right technology and effectively advancing our goal.\n\nWe need software developers to work on a wide range of technologies including, but not limited to: distributed systems, machine learning, user interfaces, mobile and cloud computing.\n\nWhat you'll bring to the role:\n\u2022 Strong communication skill for technical discussions and collaboration\n\u2022 Experience with OO design and proficient coding skills (ie: C++, C# or Java)\n\u2022 Strong understanding of Computer Science topics including: data structures, algorithms, databases, distributed systems\n\u2022 A body of work demonstrating a consistent ability to complete technically challenging work\n\u2022 Bachelor\u2019s degree in computer science, computer engineering or similar technical discipline",
            "location": "Kitchener, ON, Canada",
            "employmentType": "",
            "datePosted": "",
            "salaryRange": "",
            "jobProviders": [
                {
                    "name": "D2L",
                    "url": "https://www.d2l.com/careers/jobs/senior-software-developer/2079857/?utm_campaign=google_jobs_apply&utm_source=google_jobs_apply&utm_medium=organic"
                },
                {
                    "name": "Job Bank",
                    "url": "https://www.jobbank.gc.ca/jobsearch/jobposting/42016215?utm_campaign=google_jobs_apply&utm_source=google_jobs_apply&utm_medium=organic"
                },
                {
                    "name": "ZipRecruiter",
                    "url": "https://www.ziprecruiter.com/c/BinSentry/Job/Senior-Software-Developer/-in-Kitchener,ON?jid=460cf8bcf6a8f29d&utm_campaign=google_jobs_apply&utm_source=google_jobs_apply&utm_medium=organic"
                },
                {
                    "name": "Indeed",
                    "url": "https://ca.indeed.com/viewjob?jk=4d01bd98162555e9&utm_campaign=google_jobs_apply&utm_source=google_jobs_apply&utm_medium=organic"
                },
                {
                    "name": "Glassdoor",
                    "url": "https://www.glassdoor.ca/job-listing/senior-software-developer-brock-solutions-JV_IC2286008_KO0,25_KE26,41.htm?jl=1008145266353&utm_campaign=google_jobs_apply&utm_source=google_jobs_apply&utm_medium=organic"
                },
                {
                    "name": "Lewis & Clark AgriFood",
                    "url": "https://jobs.lewisandclarkagrifood.com/companies/binsentry/jobs/40943448-senior-software-developer?utm_campaign=google_jobs_apply&utm_source=google_jobs_apply&utm_medium=organic"
                },
                {
                    "name": "SimplyHired",
                    "url": "https://www.simplyhired.ca/job/F7OIHIEo98IH2dyOltGsrWWw2uu4icX_hi0jiCIaVS3mWkEfU5ZD2Q?utm_campaign=google_jobs_apply&utm_source=google_jobs_apply&utm_medium=organic"
                },
                {
                    "name": "Jooble",
                    "url": "https://ca.jooble.org/jdp/8135378347160679171?utm_campaign=google_jobs_apply&utm_source=google_jobs_apply&utm_medium=organic"
                }
            ]
        },
        {
            "jobType": "senior_developer",
            "title": "Senior Software Developer, GFT",
            "company": "Royal Bank of Canada",
            "description": "Job Summary\n\nAre you a talented, creative and results-driven professional who thrives on delivering high-performing applications? Come join us!\n\nGlobal Functions Technology (GFT) is part of RBC\u2019s Technology and Operations division. GFT\u2019s impact is far-reaching as we collaborate with partners from across the company to deliver innovative and transformative IT solutions. Our clients represent Risk, Finance, HR, CAO, Audit, Legal, Compliance, Financial Crime, Capital Markets, Personal and Commercial Banking and Wealth Management. We also lead the development of digital tools and platforms to enhance collaboration.\n\nThe Financial crimes \u2013 AML IT team is undertaking multiple complex regulatory initiatives as part of RBC\u2019s Financial compliance requirements. In this role you will be responsible for strategically planning and managing successful implementation of the above mentioned. The role will coordinate, develop, lead, communicate and execute activities to ensure objectives are accomplished according on time.\n\nJob Description\n\nWHAT WILL YOU DO?\n\u2022 Manage the implementation of multiple concurrent technology initiatives of varying complexity in a time efficient manner. Monitor and control activities according to plan.\n\u2022 Continuously identify potential issues, conflicts, and risks. Analyze, mitigate and escalate where appropriate\n\u2022 Develop and execute on end-to-end delivery of technology projects and plan and execute all communication related to these.\n\u2022 Collaborate and contribute on cross-functional enterprise initiatives and manage the effective implementation of assigned deliverables.\n\u2022 Establish strong working relationships across business units and platforms to build influence and impact with key business partners. Collaborate with groups to define and achieve deliverables and ensure initiatives are effectively integrated into RBC procedures and processes.\n\u2022 Hands on development of technical modules and guide the junior developers if required.\n\nWHAT DO YOU NEED TO SUCCEED?\n\nMust have:\n\u2022 Undergraduate degree coupled with technology development experience in complex programs with high frequency of requests and multiple priorities.\n\u2022 Demonstrated ability in written and oral communication skills along with strong inter-personal and presentation skills.\n\u2022 Strong organizational, project management and time management capabilities.\n\u2022 A strong understanding of technology and/or financial services industry.\n\u2022 Deadline-driven and results-oriented; able to meet consistently high-quality standards while handling a variety of tasks and deadlines simultaneously.\n\u2022 Experience in Programming languages (Java, Scala, SQL, Unix scripting), frameworks (Spring boot, OpenShift containers), DevOps (Jenkins, UCD etc.) and Cloud (Azure, AWS etc.)\n\nNice-to-have:\n\u2022 Ability to facilitate between and influence key decision makers, strategic thinker.\n\u2022 Experience with AML domain.\n\nWhat\u2019s in it for you?\n\nWe thrive on the challenge to be our best, progressive thinking to keep growing, and working together to deliver trusted advice to help our clients thrive and communities prosper. We care about each other, reaching our potential, making a difference to our communities, and achieving success that is mutual.\n\u2022 A comprehensive Total Rewards Program including bonuses and flexible benefits, competitive compensation, commissions, and stock where applicable\n\u2022 Leaders who support your development through coaching and managing opportunities\n\u2022 Ability to make a difference and lasting impact\n\u2022 Work in a dynamic, collaborative, progressive, and high-performing team\n\u2022 A world-class training program in financial services\n\u2022 Flexible work/life balance options\n\u2022 Opportunities to do challenging work\n\n#LI-Hybrid\n\n#LI-POST\n\nJob Skills\nActive Learning, Agile Methodology, Application Integrations, Detail-Oriented, Emerging Technologies, Enterprise Application Delivery, Group Problem Solving, Programming Languages, Software Development Life Cycle (SDLC)\n\nAdditional Job Details\n\nAddress:\n\nVANCOUVER MAIN BRANCH, 1025 GEORGIA ST W:VANCOUVER\n\nCity:\n\nVANCOUVER\n\nCountry:\n\nCanada\n\nWork hours/week:\n\n37.5\n\nEmployment Type:\n\nFull time\n\nPlatform:\n\nTECHNOLOGY AND OPERATIONS\n\nJob Type:\n\nRegular\n\nPay Type:\n\nSalaried\n\nPosted Date:\n\n2024-09-13\n\nApplication Deadline:\n\n2024-11-29\n\nNote: Applications will be accepted until 11:59 PM on the day prior to the application deadline date above\n\nInclusion and Equal Opportunity Employment\n\nAt RBC, we embrace diversity and inclusion for innovation and growth. We are committed to building inclusive teams and an equitable workplace for our employees to bring their true selves to work. We are taking actions to tackle issues of inequity and systemic bias to support our diverse talent, clients and communities.\n\u200b\u200b\u200b\u200b\u200b\u200b\u200b\nWe also strive to provide an accessible candidate experience for our prospective employees with different abilities. Please let us know if you need any accommodations during the recruitment process.\n\nJoin our Talent Community\n\nStay in-the-know about great career opportunities at RBC. Sign up and get customized info on our latest jobs, career tips and Recruitment events that matter to you.\n\nExpand your limits and create a new future together at RBC. Find out how we use our passion and drive to enhance the well-being of our clients and communities at jobs.rbc.com.",
            "location": "Vancouver, BC, Canada",
            "employmentType": "",
            "datePosted": "4 days ago",
            "salaryRange": "",
            "jobProviders": [
                {
                    "name": "RBC Careers",
                    "url": "https://jobs.rbc.com/ca/en/job/R-0000098936/Senior-Software-Developer-GFT?utm_campaign=google_jobs_apply&utm_source=google_jobs_apply&utm_medium=organic"
                },
                {
                    "name": "ZipRecruiter",
                    "url": "https://www.ziprecruiter.com/c/Royal-Bank-of-Canada/Job/Senior-Software-Developer,-GFT/-in-Vancouver,BC?jid=24cdd8e2a876b14a&utm_campaign=google_jobs_apply&utm_source=google_jobs_apply&utm_medium=organic"
                },
                {
                    "name": "Indeed",
                    "url": "https://ca.indeed.com/viewjob?jk=965edb1161150097&utm_campaign=google_jobs_apply&utm_source=google_jobs_apply&utm_medium=organic"
                },
                {
                    "name": "Talent.com",
                    "url": "https://ca.talent.com/view?id=69e81bdb9023&utm_campaign=google_jobs_apply&utm_source=google_jobs_apply&utm_medium=organic"
                },
                {
                    "name": "BeBee Canada Meet Opportunities",
                    "url": "https://ca.bebee.com/job/c8a4ba3792451c91f02dfcae74b64c46?utm_campaign=google_jobs_apply&utm_source=google_jobs_apply&utm_medium=organic"
                },
                {
                    "name": "Jobillico",
                    "url": "https://www.jobillico.com/fr/offre-d-emploi/rbc-uiymvf/senior-software-developer-gft/14506110?utm_campaign=google_jobs_apply&utm_source=google_jobs_apply&utm_medium=organic"
                },
                {
                    "name": "Fullstack Jobs",
                    "url": "https://fullstackjob.com/job/2KfZ6Em7uhGjNjZIaNVhBWwW6JZ/Senior%20Software%20Developer,%20Grow?utm_campaign=google_jobs_apply&utm_source=google_jobs_apply&utm_medium=organic"
                },
                {
                    "name": "Glassdoor",
                    "url": "https://www.glassdoor.ca/job-listing/senior-software-developer-gft-rbc-JV_IC2278756_KO0,29_KE30,33.htm?jl=1009446547772&utm_campaign=google_jobs_apply&utm_source=google_jobs_apply&utm_medium=organic"
                }
            ]
        },
        {
            "jobType": "senior_developer",
            "title": "Senior Frontend Developer",
            "company": "Randstad Digital",
            "description": "Senior Front End Developer (Contract Position)\n\nNumber of Positions: 5 Duration: 6 months\n\nLocation: Oakville, ON, CA\n\nMust be eligible to work in Canada\n\nHybrid position, 2-3d/w onsite in Oakville ON CA\n\nRoles and responsibilities:\n\nAs a Senior Software Developer, you will play a leading role in the development, installation,\n\ntesting, and maintenance of software systems to help our business be more efficient and\n\nprovide better service in the industry. In this role, you will assist in requirements gathering, time\n\nestimation, and negotiates with the architecture team on software and system design.\n\n\u2022 Convert design specifications into code and supporting tests\n\n\u2022 Analyse, design and develop system enhancements\n\n\u2022 Work with the development and testing teams to ensure consistent, high-quality delivery\n\n\u2022 Analyse the performance impact of various in-place and proposed designs Participate in\n\npeer design and code reviews and provide feedback on areas that need improvement\n\n\u2022 Work as an individual as well as within a scrum team structure to deliver complex systems\n\nMust have skills and experience:\n\n\u2022 Bachelor's in computer science/engineering or a related field, or equivalent experience\n\n\u2022 Minimum seven (7) years of JavaScript development\n\n\u2022 Minimum seven (7) years' experience in Angular and TypeScript\n\n\u2022 Minimum seven (7) years' experience in HTML 5/CSS/CSS Libraries(bootstrap)\n\n\u2022 Experience with large-scale, n-tier application\n\n\u2022 Experience leveraging common design patterns and practices across all architecture tiers &\n\nlayers\n\n\u2022 Excellent debugging skills\n\n\u2022 Strong experience in Performance & Security Focused implementation and Troubleshooting.\n\n\u2022 Be passionate about building next-generation technologies and love to code\n\n\u2022 Strong knowledge of GIT version control\n\n\u2022 Strong written, oral and visual communication skills\n\n\u2022 Proactive communication style, ability to question, clarify and document\n\n\u2022 Strong analysis skills and the ability to synthesize multiple perspectives\n\n\u2022 Ability to manage/prioritize multiple tasks and projects to meet deadlines\n\n\u2022 Self-starter with a desire to learn who requires minimal supervision\n\nPreference will be given to candidates with the following:\n\n\u2022 Experience with Web APIs\n\n\u2022 Experience in Azure Cloud Platform(App Service/Function/APIM)\n\n\u2022 Experience with DevOps practices\n\n\u2022 Experience with Net 5.0 +\n\n\u2022 Experience with Entity Framework Core 5.0+\n\n\u2022 Experience with Azure Cloud Platform.\n\n\u2022 Experience in Messaging Systems such as RabbitMQ, Azure Messaging or Kafka\n\n\u2022 Experience with TDD or BDD\n\n\u2022 Experience with cloud computing platforms such as Windows Azure a big plus\n\n\u2022 Experience with Microsoft SQL Server and T-SQL programming\n\n\u2022 Understanding of DevOps basic principles",
            "location": "Oakville, ON, Canada",
            "employmentType": "",
            "datePosted": "2 days ago",
            "salaryRange": "",
            "jobProviders": [
                {
                    "name": "LinkedIn",
                    "url": "https://ca.linkedin.com/jobs/view/senior-frontend-developer-at-randstad-digital-4075831835?utm_campaign=google_jobs_apply&utm_source=google_jobs_apply&utm_medium=organic"
                }
            ]
        },
        {
            "jobType": "senior_developer",
            "title": "Senior iOS Developer",
            "company": "WARNERMEDIA",
            "description": "Welcome to Warner Bros. Discovery\u2026 the stuff dreams are made of.\n\nWho We Are\u2026\n\nWhen we say, \u201cthe stuff dreams are made of,\u201d we\u2019re not just referring to the world of wizards, dragons and superheroes, or even to the wonders of Planet Earth. Behind WBD\u2019s vast portfolio of iconic content and beloved brands, are the storytellers bringing our characters to life, the creators bringing them to your living rooms and the dreamers creating what\u2019s next\u2026\n\nFrom brilliant creatives, to technology trailblazers, across the globe, WBD offers career defining opportunities, thoughtfully curated benefits, and the tools to explore and grow into your best selves. Here you are supported, here you are celebrated, here you can thrive.\n\nWe are the now and the next. The power behind the people building the future. We are born from the spirit of innovation. We are created from the idea that people around the world want more, need more, deserve more. We are the home of the global digital revolution. We are CNN.\n\nTo see what it\u2019s like to work at CNN, follow @WBDLife on Instagram and X!\n\nTHE ROLE:\n\nWe are searching for a Senior Level iOS Software Developer to join our Engineering Team. He/she is an individual contributor, self-directed, able to work with minimal supervision, and is typically expected to take on the most difficult technical challenges. The Senior Developer will contribute to the technical direction, supporting the Principal Engineers/Architects in defining the technology strategy and implementation. He/she will provide guidance and mentoring to less experienced developers. We need our engineers to be versatile and always eager to tackle new problems while working in a fun, collaborative and fast-paced environment.\n\nThe iOS Mobile Senior Developer contributes to mobile tech. strategy, architecture, best practices, and choice of tools and technology stack across iOS app platforms, supporting mobile backend APIs, mobile CI/CD tools, and testing automation. He/she ensures technical execution and release of CNN\u2019s mobile apps to end consumers. He/she partners with Product, Design and Delivery Leaders to help teams deliver on product initiatives and operational execution.\n\nPRIMARY RESPONSIBILITIES:\n\u2022 Architect and build intuitive, simple and elegantly designed mobile apps that people want to use\n\u2022 Provide support and development of software tools and procedures to extend and enhance the core production pipeline\n\u2022 Work with multiple departments, including Product, Design, Delivery, Editorial and Engineering to implement CNN Digital consumer experience solutions and apps\n\u2022 Assist with troubleshooting production problems, root cause analysis, and debugging\n\u2022 Development and maintenance of existing production systems supporting CNN\u2019s digital ecosystem\n\u2022 Mentor more junior developers\n\u2022 Ensure software development follows industry best practices, policies and guidelines. Specifically, ensuring that technical solutions are in line with established CNN Digital strategy, standards in respect to architecture, security, corporate governance, coding standards, monitoring, logging, unit test, and service enablement\n\nREQUIREMENTS:\n\u2022 BS/MS in computer science (or equivalent)\n\u2022 Demonstrated advanced understanding of troubleshooting, root-cause analysis, application design, solution development, human factors/usability design, and implementation of projects for major business units or the enterprise\n\u2022 Minimum 5 years professional development environment\n\u2022 Strong foundation in programming fundamentals such as data structures and algorithms\n\u2022 Ability to develop new and innovative applications as well as maintaining existing code\n\u2022 Demonstrated full-mobile stack development experience (mobile native client and SDK, build CI/CD, and APIs), e.g. Swift/SwiftUI, Realm, Core Data, Apple Pay, Keychain, etc.\n\u2022 Demonstrated expert knowledge of software development methodologies, practice, and architecture, specifically experience architecting performant, scalable, secure, and cost optimized cloud solutions on AWS. AWS Professional Certification preferred, but not required\n\u2022 Hands-on experience with mobile DevOps CI/CD tools and implementing best practices, including automation of code signing tools and automated tests. Preferred familiarity with Jenkins, Git, Maven/Gradle, Swift Package Manager/CocoaPods, Terraform, and Appium\n\u2022 General familiarity with database technologies (SQL/RDBMS, NoSQL, GraphDB, etc.)\n\u2022 Ability to communicate effectively, both written and verbal, with technical and non-technical cross-functional teams\n\u2022 Experience building flexible software architecture to accommodate shifting business needs\n\u2022 Knowledge of Cloud Computing platforms like Amazon AWS, OpenStack\n\nHow We Get Things Done\u2026\n\nThis last bit is probably the most important! Here at WBD, our guiding principles are the core values by which we operate and are central to how we get things done. You can find them at www.wbd.com/guiding-principles/ along with some insights from the team on what they mean and how they show up in their day to day. We hope they resonate with you and look forward to discussing them during your interview.\n\nChampioning Inclusion at WBD\nWarner Bros. Discovery embraces the opportunity to build a workforce that reflects the diversity of our society and the world around us. Being an equal opportunity employer means that we take seriously our responsibility to consider qualified candidates on the basis of merit, without regard to race, color, religion, national origin, gender, sexual orientation, gender identity or expression, age, mental or physical disability, and genetic information, marital status, citizenship status, military status, protected veteran status or any other category protected by law.\n\nIf you\u2019re a qualified candidate with a disability and you require adjustments or accommodations during the job application and/or recruitment process, please visit our accessibility page for instructions to submit your request.",
            "location": "Kanata, ON, Canada",
            "employmentType": "",
            "datePosted": "1 month ago",
            "salaryRange": "",
            "jobProviders": [
                {
                    "name": "WBD Careers - Warner Bros. Discovery",
                    "url": "https://careers.wbd.com/global/en/job/R000084709/Senior-iOS-Developer?utm_campaign=google_jobs_apply&utm_source=google_jobs_apply&utm_medium=organic"
                },
                {
                    "name": "Indeed",
                    "url": "https://ca.indeed.com/viewjob?jk=6eb505764733b457&utm_campaign=google_jobs_apply&utm_source=google_jobs_apply&utm_medium=organic"
                },
                {
                    "name": "The Muse",
                    "url": "https://www.themuse.com/jobs/warnerbrosdiscovery/senior-ios-developer?utm_campaign=google_jobs_apply&utm_source=google_jobs_apply&utm_medium=organic"
                },
                {
                    "name": "JobMonkeyJobs.com",
                    "url": "https://www.jobmonkeyjobs.com/career/26083713/Senior-Ios-Developer-Any-Kanata-7384?utm_campaign=google_jobs_apply&utm_source=google_jobs_apply&utm_medium=organic"
                },
                {
                    "name": "Talent.com",
                    "url": "https://ca.talent.com/view?id=7f7f9ba777c5&utm_campaign=google_jobs_apply&utm_source=google_jobs_apply&utm_medium=organic"
                },
                {
                    "name": "BeBee Canada Meet Opportunities",
                    "url": "https://ca.bebee.com/job/26b1c419d8569d59182cbd9119be59be?utm_campaign=google_jobs_apply&utm_source=google_jobs_apply&utm_medium=organic"
                },
                {
                    "name": "Levels.fyi",
                    "url": "https://levels.fyi/jobs?jobId=130256963555467974&utm_campaign=google_jobs_apply&utm_source=google_jobs_apply&utm_medium=organic"
                },
                {
                    "name": "Jobs Trabajo.org",
                    "url": "https://ca.trabajo.org/job-3051-3bc945e96cbc4c56b5f7e4f02930a3ee?utm_campaign=google_jobs_apply&utm_source=google_jobs_apply&utm_medium=organic"
                }
            ]
        },
        {
            "jobType": "senior_developer",
            "title": "Software Developer - Senior",
            "company": "US Tech Solutions",
            "description": "Duration: 10+ months contract\n\nJob Description:\n\n\u00b7 The Client Display Solutions Team is seeking a candidate to help design and carry out the targeted-testing coverage for new dGPUs or APUs and manage the project execution. OS kernel programming experience is a plus.\n\nThe Person:\n\n\u00b7 Display Quality Engineering (Linux and/or Windows) test plan development and implementation\n\n\u00b7 DQE-related project management\n\n\u00b7 Experience with currently-shipping client APU platforms is a plus\n\n\u00b7 Fully familiar with concepts from display standards (DP, HDMI, eDP etc.)\n\nResponsibilities:\n\n\u00b7 Enthusiastic about thorough test coverage execution with objective to raise the engineering product quality bar\n\n\u00b7 Interest in the latest display technologies\n\n\u00b7 Enjoys working in an agile team environment\n\nExperience:\n\n\u00b7 5+ years work experience\n\nSkills:\n\n\u00b7 Design and implement detailed test plan for the kernel driver of new client APU or dGPU products\n\n\u00b7 Drive project execution, with focus on Display Quality Engineering\n\n\u00b7 Participate in new ASIC and hardware bring-up\n\n\u00b7 Manage engineering product quality and other related project deliverables\n\n\u00b7 Track and create related reports for the management\n\nEducation:\n\n\u00b7 BS degree in Computer Science, Computer Engineering, Software Engineering, Electrical Engineering or related engineering degree\n\nAbout US Tech Solutions:\n\nUS Tech Solutions is a global staff augmentation firm providing a wide range of talent on-demand and total workforce solutions. To know more about US Tech Solutions, please visit www.ustechsolutions.com.\n\nUS Tech Solutions is an Equal Opportunity Employer.All qualified applicants will receive consideration for employment without regard to race, color, religion, sex, sexual orientation, gender identity, national origin, disability, or status as a protected veteran.\n\nRecruiter Details:\n\nName: Megha\n\nEmail: meghaa@ustechsolutionsinc.com\n\nInternal Id: 24-26201",
            "location": "Markham, ON, Canada",
            "employmentType": "",
            "datePosted": "2 days ago",
            "salaryRange": "",
            "jobProviders": [
                {
                    "name": "LinkedIn",
                    "url": "https://ca.linkedin.com/jobs/view/software-developer-senior-at-us-tech-solutions-4075626463?utm_campaign=google_jobs_apply&utm_source=google_jobs_apply&utm_medium=organic"
                },
                {
                    "name": "ZipRecruiter",
                    "url": "https://www.ziprecruiter.com/c/TekWissen-LLC/Job/Software-Developer-Senior/-in-Markham,ON?jid=0633f72fe828176f&utm_campaign=google_jobs_apply&utm_source=google_jobs_apply&utm_medium=organic"
                },
                {
                    "name": "Adzuna",
                    "url": "https://www.adzuna.ca/details/4801428650?title=C20061_-_Senior_Software_Developer&utm_campaign=google_jobs_apply&utm_source=google_jobs_apply&utm_medium=organic"
                },
                {
                    "name": "Talent.com",
                    "url": "https://ca.talent.com/view?id=1e7fdcca7f97&utm_campaign=google_jobs_apply&utm_source=google_jobs_apply&utm_medium=organic"
                },
                {
                    "name": "Monster.ca",
                    "url": "https://www.monster.ca/job-openings/software-developer-senior-can-markham-on--cb3913b8-9985-4673-807a-fed1c5dad51e?utm_campaign=google_jobs_apply&utm_source=google_jobs_apply&utm_medium=organic"
                },
                {
                    "name": "Karkidi",
                    "url": "https://www.karkidi.com/job-details/43149-senior-researcher-intelligent-software-job?utm_campaign=google_jobs_apply&utm_source=google_jobs_apply&utm_medium=organic"
                },
                {
                    "name": "BeBee Canada Meet Opportunities",
                    "url": "https://ca.bebee.com/job/dfa8c36140d50cb94700a7082c212ee8?utm_campaign=google_jobs_apply&utm_source=google_jobs_apply&utm_medium=organic"
                },
                {
                    "name": "SimplyHired",
                    "url": "https://www.simplyhired.ca/job/DBVFPZhhPs3HKqzsDGCHOpn0hC4R5LcUwsY7b5Pg58_w5nPZT22Fkg?utm_campaign=google_jobs_apply&utm_source=google_jobs_apply&utm_medium=organic"
                }
            ]
        },
        {
            "jobType": "senior_developer",
            "title": "Senior Developer (Kotlin)",
            "company": "Thoughtworks",
            "description": "Senior Software Developers collaborate with Business and Quality Analysts, Designers, Project Managers and more to design software solutions that will create meaningful change for our clients. They listen thoughtfully to understand the context of a business problem and write clean and iterative code to deliver a powerful end result whilst consistently advocating for better engineering practices. By balancing strong opinions with a willingness to find the right answer, Senior Software Developers bring integrity to technology, ensuring all voices are heard.\nFor a team to thrive, it needs collaboration and room for healthy, respectful debate. Senior Developers are the technologists who cultivate this environment while driving teams toward delivering on an aspirational tech vision and acting as mentors for more junior-level consultants. You will leverage deep technical knowledge to solve complex business problems and proactively assess your team\u2019s health, code quality and nonfunctional requirements.",
            "location": "Toronto, ON, Canada",
            "employmentType": "",
            "datePosted": "24 days ago",
            "salaryRange": "",
            "jobProviders": [
                {
                    "name": "Thoughtworks",
                    "url": "https://www.thoughtworks.com/en-cl/careers/jobs/6299942?utm_campaign=google_jobs_apply&utm_source=google_jobs_apply&utm_medium=organic"
                },
                {
                    "name": "Career Opportunities",
                    "url": "http://careers.mindwire.ca/jobs/60878?utm_campaign=google_jobs_apply&utm_source=google_jobs_apply&utm_medium=organic"
                },
                {
                    "name": "Indeed",
                    "url": "https://ca.indeed.com/viewjob?jk=3151f22320b1c93d&utm_campaign=google_jobs_apply&utm_source=google_jobs_apply&utm_medium=organic"
                },
                {
                    "name": "Career Opportunities - Brainhunter",
                    "url": "https://careers.brainhunter.ca/jobs/60878?utm_campaign=google_jobs_apply&utm_source=google_jobs_apply&utm_medium=organic"
                },
                {
                    "name": "Glassdoor",
                    "url": "https://www.glassdoor.ca/job-listing/senior-developer-mentor-outlier-ai-JV_IC2275123_KO0,23_KE24,34.htm?jl=1009524074650&utm_campaign=google_jobs_apply&utm_source=google_jobs_apply&utm_medium=organic"
                },
                {
                    "name": "IBM Jobs",
                    "url": "https://ibm.dejobs.org/calgary-ab/senior-android-developer/8B46BA9C48B349C9AFC8742CC5448195/job/?utm_source=NACElink-DE&utm_campaign=NACElink&utm_medium=Education&utm_campaign=google_jobs_apply&utm_source=google_jobs_apply&utm_medium=organic"
                },
                {
                    "name": "Careers - Njoyn",
                    "url": "https://cgi.njoyn.com/Corp/xweb/xweb.asp?NTKN=c&clid=21001&page=JobDetails&JobId=J0924-0964&lang=4&utm_campaign=google_jobs_apply&utm_source=google_jobs_apply&utm_medium=organic"
                },
                {
                    "name": "BeBee Canada Meet Opportunities",
                    "url": "https://ca.bebee.com/job/88c784e8046317bcd823ef0ddc5a72e1?utm_campaign=google_jobs_apply&utm_source=google_jobs_apply&utm_medium=organic"
                }
            ]
        },
        {
            "jobType": "senior_developer",
            "title": "Senior Software Developer, 6+ years - Canada (Remote)",
            "company": "Info-Tech Research Group",
            "description": "Info-Tech Research Group delivers impartial, highly pertinent IT research, enabling CIOs and IT leaders to make well-informed, strategic decisions. We are currently serving over 30,000 professionals and collaborate closely with IT teams, equipping them with actionable tools and expert guidance to drive measurable results and enhance technology initiatives and organizational processes.\n\nWhy join us?\n\u2022 We pride ourselves on consistent year-on-year growth, with double-digit growth even during a global pandemic.\n\u2022 We are in the Top 3 on LinkedIn's Top Companies List in Canada.\n\u2022 Info-Tech fosters a growth-focused, entrepreneurial culture with unlimited opportunities for professional growth and development.\n\u2022 We provide financial support for professional development and training.\n\nAbout the role\n\nWe\u2019re looking for seasoned Senior Software Developers, especially people who really care about the quality and impact of the products they\u2019re building. Our stack is mostly built with Ruby on Rails, MySQL, and JavaScript.\n\nYour responsibilities as a Senior Software Developer:\n\u2022 Build, test, and support the development of web software applications and internal tools\n\u2022 Analyze requirements and decide the best ways to meet or even rework them; unique and innovative ideas are welcome\n\u2022 Be proactive by finding and addressing areas of technical concern\n\u2022 Mentor your peers and contribute to code reviews, and be mentored if something is new to you\n\u2022 Collaborate across teams to continually improve our processes\n\u2022 Promote the use of design patterns and best practices\n\u2022 Contribute to Agile ceremonies for prioritizing, understanding, and estimating\n\u2022 Support the growth of our Agile practices through Retrospectives\n\nWhy you should join us\n\u2022 Work with like-minded individuals in a work-hard/play-hard culture\n\u2022 Continued learning is a major part of our best-practice-driven environment. We support our teams with a substantial budget for training and career development\n\u2022 Work-life balance is important to us: after-hours and weekend work are rare to non-existent\n\u2022 You will work in a highly collaborative team that functions efficiently even in a remote work setting. You will have flexibility to work from home, at one of our unique offices in London (Ontario) or Toronto, or in a hybrid mode\n\u2022 We offer great competitive salaries, benefits plan, and RRSP matching plans\n\nMinimum qualifications:\n\u2022 Degree or diploma from an accredited institution\n\u2022 Minimum 6 years of experience in a professional software development role\n\u2022 Experience supporting and mentoring junior to intermediate developers\n\u2022 Comfortable developing in an Agile product development framework\n\nMust Have Skills:\n\u2022 Experience developing relational database solutions\n\u2022 SQL authoring and optimization\n\u2022 Experience with HTML 5, CSS3, JavaScript\n\u2022 Ability to communicate technical details and build functional requirements\n\u2022 Experience with source control software\n\u2022 Ability to maintain focus on priority, and deliver solutions appropriate to requirements\n\u2022 Experience writing for and improving existing code efficiencies for large data and high volumes\n\nNice to Have:\n\u2022 Experience with Ruby & Ruby on Rails (highly desired)\n\u2022 Experience with Salesforce integration\n\u2022 Exposure to AWS tools & services\n\nWe encourage you to apply even if you don\u2019t tick all the boxes!\n\nInfo-Tech Research Group of companies is an equal opportunity employer committed to diversity and inclusion and does not discriminate on the basis of any legally protected status or characteristic including Minority/Female/Sexual Orientation/Gender Identity/Disability/Veteran and are pleased to consider all qualified applicants. To that end, upon request, ITRG will ensure, to the extent possible, that accommodation be made available to applicants throughout the recruitment and hiring process.",
            "location": "Toronto, ON, Canada",
            "employmentType": "",
            "datePosted": "11 days ago",
            "salaryRange": "",
            "jobProviders": [
                {
                    "name": "ZipRecruiter",
                    "url": "https://www.ziprecruiter.com/c/Info-Tech-Research-Group/Job/Senior-Software-Developer,-6+-years-Canada-(Remote)/-in-Toronto,ON?jid=de8cc3fc3f31d035&utm_campaign=google_jobs_apply&utm_source=google_jobs_apply&utm_medium=organic"
                },
                {
                    "name": "Indeed",
                    "url": "https://ca.indeed.com/viewjob?jk=450ee4918e86976c&utm_campaign=google_jobs_apply&utm_source=google_jobs_apply&utm_medium=organic"
                },
                {
                    "name": "Built In",
                    "url": "https://builtin.com/job/staff-software-engineer-canada-remote/3281090?utm_campaign=google_jobs_apply&utm_source=google_jobs_apply&utm_medium=organic"
                },
                {
                    "name": "Talent.com",
                    "url": "https://ca.talent.com/view?id=426bb0a3128b&utm_campaign=google_jobs_apply&utm_source=google_jobs_apply&utm_medium=organic"
                },
                {
                    "name": "LinkedIn",
                    "url": "https://ca.linkedin.com/jobs/view/senior-principal-software-developer-remote-canada-at-mygwork-lgbtq%2B-business-community-4069467641?utm_campaign=google_jobs_apply&utm_source=google_jobs_apply&utm_medium=organic"
                },
                {
                    "name": "VetJobs",
                    "url": "https://jobs.vetjobs.org/manitoba-can/senior-principal-software-developer-remote-canada/2FB304CD197443B786196F5270EF2E44/job/?utm_campaign=google_jobs_apply&utm_source=google_jobs_apply&utm_medium=organic"
                },
                {
                    "name": "Fairygodboss",
                    "url": "https://fairygodboss.com/jobs/autodesk/senior-principal-software-developer-remote-canada-f8a3c7b73e668f04bcd4f80b6cc591ac?utm_campaign=google_jobs_apply&utm_source=google_jobs_apply&utm_medium=organic"
                },
                {
                    "name": "Levels.fyi",
                    "url": "https://www.levels.fyi/jobs?jobId=88723913214698182&utm_campaign=google_jobs_apply&utm_source=google_jobs_apply&utm_medium=organic"
                }
            ]
        },
        {
            "jobType": "senior_developer",
            "title": "Sr. Software Engineer (Front End)",
            "company": "McGraw Hill LLC.",
            "description": "Overview\n\nImpact the Moment\n\nMcGraw Hill is a diverse and inclusive company that believes we can change the world by leveling the playing field and giving every learner an equal opportunity to succeed. We create best-in-class, next-generation learning platforms which are used by millions of students and educators worldwide. Our goal is to accelerate student success through intuitive and effective learning experience, to continually reimagine the way our customers teach and learn, simplifying the path to a better education for all.\n\nMcGraw Hill Connect is a course management and adaptive learning solution that enables millions of learners to achieve their full potential. In this role, you will be expanding Connect to put new learning tools in the hands of instructors and learners.\n\nIn this role, you will be the linchpin of the product \u2013 the technical expert for the product, sales, marketing and business teams and the product expert for the technical teams. By combining intimate knowledge of customers, strong analytical skills, and technical acumen, you will drive a holistic product vision that energizes your teammates and delights your customers.\n\nAs an education innovation company, we're proud to play our part by inspiring learners around the world. If you bring your curiosity, we'll help you grow in a collaborative environment where everyone shares a passion for success.\n\nEven if you are not currently looking for a change, we encourage you to apply now and speak to the hiring manager to learn about the opportunity.\n\nThis is a remote position open to applicants authorized to work for any employer within Canada.\n\nWhat You\u2019ll Do\n\u2022 Focusing on development, gathering requirements and creating test plans in collaboration with engineers and product managers\n\u2022 Defect management\n\u2022 Develop testing frameworks, CI/CD pipelines and make them available to the team\n\u2022 Be responsible for end-to-end delivery (tech design, development and testing) and maintenance of our products\n\u2022 Work with a talented group of engineers who believe in extreme ownership\n\nAbout You\n\u2022 5+ years front end design/development of equivalent experience is required. or\n\u2022 Strong Hands-on Experience with UI, CSS and/or JavaScript frameworks (Angular, React, Bootstrap, Materialize, Vue.JS, etc.)\n\u2022 Experience with modern HTML5, JavaScript (ES6+) and CSS3.\n\u2022 Strong experience with Playwright Automation framework.\n\u2022 Experience with RESTFUL and asynchronous programming.\n\u2022 Experience working on NodeJS.\n\u2022 Knowledge of UI/UX design Principles.\n\u2022 Knowledge of CI/CD pipeline, experience in GitHub Actions will be preferred.\n\u2022 Experience with AWS services.\n\u2022 Familiarity with version control systems (e.g., Git).\n\u2022 Experience in micro services and cloud native applications using Spring Boot.\n\u2022 Experience with working on Databases, SQLs.\n\u2022 Willingness to learn new technologies\n\nBonus\n\u2022 Experience using Java/J2EE applications and using various Open source and proprietary frameworks - Spring, hibernate etc.\n\u2022 Bachelor's Degree in Computer Science\n\nWhy McGraw Hill?\n\nThe work you do at McGraw Hill will be work that matters. We are collectively designing content that will build the future of education. Play your part and experience a sense of fulfilment that will inspire you to even greater heights.\n\nMcGraw Hill recruiters always use a \u201c@mheducation.com\u201d email address and/or from our Applicant Tracking System, iCIMS. Any variation of this email domain should be considered suspicious. Additionally, McGraw Hill recruiters and authorized representatives will never request sensitive information in email.\nCAN002",
            "location": "Canada",
            "employmentType": "",
            "datePosted": "",
            "salaryRange": "",
            "jobProviders": [
                {
                    "name": "McGraw Hill Careers",
                    "url": "https://careers.mheducation.com/jobs/4722?lang=en-us&utm_campaign=google_jobs_apply&utm_source=google_jobs_apply&utm_medium=organic"
                },
                {
                    "name": "LinkedIn",
                    "url": "https://ca.linkedin.com/jobs/view/sr-software-engineer-front-end-at-mcgraw-hill-4006636912?utm_campaign=google_jobs_apply&utm_source=google_jobs_apply&utm_medium=organic"
                },
                {
                    "name": "Levels.fyi",
                    "url": "https://www.levels.fyi/jobs?jobId=79207276480471750&utm_campaign=google_jobs_apply&utm_source=google_jobs_apply&utm_medium=organic"
                },
                {
                    "name": "WhatJobs",
                    "url": "https://en-ca.whatjobs.com/job/Sr-Software-Engineer/Canada/80575307?utm_campaign=google_jobs_apply&utm_source=google_jobs_apply&utm_medium=organic"
                }
            ]
        },
        {
            "jobType": "senior_developer",
            "title": "Senior Developer - Canada Wide - Remote",
            "company": "Newton",
            "description": "Say hello to Newton! We're changing how Canadians trade crypto. Our goal? To make financial freedom something everyone can achieve. We give our customers the tools and knowledge they need to navigate the crypto world.\n\nAt Newton, you'll work with a remote team spread across Canada, but you'll never feel distant. Ready to be part of something meaningful? Join a team that\u2019s all about pushing boundaries and getting things done.\n\nSome of our values:\n\n\u25cf Customer first mindset - Commitment to integrity and transparency to our users!\n\n\u25cf A dynamic team fueled by collaboration uniting our strengths to overcome any obstacles. Together we build success. We persevere, adapt, and come back stronger, turning obstacles into opportunities.\n\n\u25cf We strive for continuous improvement and embrace creativity and encourage experimentation. We push the boundaries of what\u2019s possible and continuously explore new ideas, technologies, and solutions.\n\nRole Overview:\n\nAs a Senior Developer, you will play a pivotal role in designing and implementing advanced features for Newton's entire software stack. You will be expected to lead projects, mentor junior team members, and drive innovation in our technology stack.\n\nResponsibilities will include:\n\n\u25cf Lead the design, development, and deployment of complex features and systems\n\n\u25cf Provide technical leadership and guidance to the development team\n\n\u25cf Conduct thorough code reviews and ensure the highest quality standards are met\n\n\u25cf Identify and address performance bottlenecks and security vulnerabilities\n\n\u25cf Collaborate with stakeholders to define technical requirements and project timelines\n\n\u25cf Stay up-to-date with the latest developments in software engineering and blockchain technology\n\n\u25cf Ensure system uptime goals are achieved\n\nWho you are:\n\n\u25cf You have excellent communication and leadership skills\n\n\u25cf You have a strong understanding of software architecture and design patterns\n\n\u25cf Expertise with Python or TypeScript\n\n\u25cf Proven track record of leading successful projects and mentoring junior developers\n\n\u25cf Experience building blockchain technology or distributed systems\n\nAt Newton, we celebrate our inclusive work environment and welcome members of all backgrounds and perspectives to apply. We are committed to providing reasonable accommodations and will work with you to meet your needs. If you are a person with a disability and require assistance during the application process, please don\u2019t hesitate to reach out!",
            "location": "Toronto, ON, Canada",
            "employmentType": "",
            "datePosted": "",
            "salaryRange": "",
            "jobProviders": [
                {
                    "name": "Lever",
                    "url": "https://jobs.lever.co/newton/338a1368-afa4-430b-8827-115a1e9d6116?utm_campaign=google_jobs_apply&utm_source=google_jobs_apply&utm_medium=organic"
                },
                {
                    "name": "LinkedIn",
                    "url": "https://ca.linkedin.com/jobs/view/senior-react-developer-trading-toronto-based-hybrid-at-bitcoin-devs-company-4035063835?utm_campaign=google_jobs_apply&utm_source=google_jobs_apply&utm_medium=organic"
                },
                {
                    "name": "BeBee Canada Meet Opportunities",
                    "url": "https://ca.bebee.com/job/944d0ad3ee8ae0c3b5423afd4f27da77?utm_campaign=google_jobs_apply&utm_source=google_jobs_apply&utm_medium=organic"
                },
                {
                    "name": "Remote Jobs",
                    "url": "https://remotefetch.com/career/82838/senior-developer-canada-wide-remote-toronto?utm_campaign=google_jobs_apply&utm_source=google_jobs_apply&utm_medium=organic"
                }
            ]
        }
    ]
}