{
    "jobs": [
        {
            "jobType": "senior_java_developer",
            "title": "Senior Java Developer",
            "company": "Citi",
            "description": "Excited to grow your career?\n\nWe value our talented employees, and whenever possible strive to help one of our associates grow professionally before recruiting new talent to our open positions. If you think the open position you see is right for you, we encourage you to apply!\n\nOur people make all the difference in our success.\n------------------------------------------------------\nOur team:\n\nOur team (XiP) is responsible for supplying both backend and frontend services to Citi trading desks and enterprise users in the largest global financial markets and exchanges in New York, London and other major financial hubs.\n\nThe Senior Java Developer will be responsible for establishing and implementing new or revised application systems and programs in coordination with the Technology team. The overall objective of this role is to lead applications systems analysis and programming activities.\n\nResponsibilities:\n\u2022 Collaborate with the XiP team and working with senior end users in the business and technology on developing microservices and reusable libraries, validating solutions, and diagnosing and resolving issues.\n\u2022 Develop software using REST and providing fault-tolerant client-server solutions.\n\u2022 Partner with multiple management teams to ensure appropriate integration of functions to meet goals as well as identify and define necessary system enhancements to deploy new products and process improvements.\n\u2022 Resolve a variety of high impact problems/projects through in-depth evaluation of complex business processes, system processes, and industry standards.\n\u2022 Provide expertise and advanced knowledge in the area of applications programming and ensure application design adheres to the overall architecture blueprint.\n\u2022 Use advanced knowledge of system flow and develop standards for coding, testing, debugging, and implementation.\n\u2022 Develop comprehensive knowledge of how areas of business, such as architecture and infrastructure, integrate to accomplish business goals.\n\u2022 Provide in-depth analysis with interpretive thinking to define issues and develop innovative solutions.\n\u2022 Serve as advisor or coach to mid-level developers and analysts, allocating work as necessary.\n\u2022 Appropriately assess risk when business decisions are made, demonstrating particular consideration for the firm's reputation and safeguarding Citigroup, its clients and assets, by driving compliance with applicable laws, rules and regulations, adhering to Policy, applying sound ethical judgment regarding personal behavior, conduct and business practices, and escalating, managing and reporting control issues with transparency.\n\nQualifications:\n\u2022 8+ years proven experience in Apps Development.\n\u2022 Expert Java programming skills.\n\u2022 Familiarity with Spring Boot.\n\u2022 Familiarity with Google cloud, AWS cloud.\n\u2022 Familiarity with Kotlin would be a bonus.\n\u2022 Demonstrable ability to apply best coding practices: clean and readable code, automated testing, code reviews, continuous integration and delivery.\n\u2022 Demonstrable experience in writing reusable, testable and efficient code with proper error and exception handling.\n\u2022 Demonstrable experience in writing high quality unit and integration tests, strong debugging skills.\n\u2022 Experience of test-driven development and of continuous integration platforms.\n\u2022 Understanding of agile software development approach and experience in using source control (preferably git).\n\u2022 Extensive experience system analysis and in programming of software applications.\n\u2022 Experience in managing and implementing successful projects.\n\u2022 Subject Matter Expert (SME) in at least one area of Applications Development.\n\u2022 Ability to adjust priorities quickly as circumstances dictate.\n\u2022 Demonstrated leadership and project management skills.\n\u2022 Consistently demonstrates clear and concise written and verbal communication.\n\u2022 Experience working in financial risk industry is a plus.\n\u2022 Experience with AWS, GCP, Kubernetes, microservices, REST, Kafka and data streaming is desirable.\n\nEducation:\n\nUniversity degree or equivalent experience.\n\n------------------------------------------------------\n\nJob Family Group:\nTechnology\n\n------------------------------------------------------\n\nJob Family:\nApplications Development\n\n------------------------------------------------------\n\nTime Type:\nFull time\n\n------------------------------------------------------\n\nCiti is an equal opportunity and affirmative action employer.\n\nQualified applicants will receive consideration without regard to their race, color, religion, sex, sexual orientation, gender identity, national origin, disability, or status as a protected veteran.\n\nCitigroup Inc. and its subsidiaries (\"Citi\u201d) invite all qualified interested applicants to apply for career opportunities. If you are a person with a disability and need a reasonable accommodation to use our search tools and/or apply for a career opportunity review Accessibility at Citi.\n\nView the \"EEO is the Law\" poster. View the EEO is the Law Supplement.\n\nView the EEO Policy Statement.\n\nView the Pay Transparency Posting",
            "location": "Toronto, ON, Canada",
            "employmentType": "",
            "datePosted": "",
            "salaryRange": "",
            "jobProviders": [
                {
                    "name": "Citi Careers",
                    "url": "https://jobs.citi.com/job/toronto/senior-java-developer/287/70391232592?utm_campaign=google_jobs_apply&utm_source=google_jobs_apply&utm_medium=organic"
                },
                {
                    "name": "Luxoft",
                    "url": "https://career.luxoft.com/jobs/senior-java-developer-7116?utm_campaign=google_jobs_apply&utm_source=google_jobs_apply&utm_medium=organic"
                },
                {
                    "name": "Indeed",
                    "url": "https://emplois.ca.indeed.com/viewjob?jk=5386cc2e1b389591&utm_campaign=google_jobs_apply&utm_source=google_jobs_apply&utm_medium=organic"
                },
                {
                    "name": "Greenhouse",
                    "url": "https://boards.greenhouse.io/behavox/jobs/6367410?utm_campaign=google_jobs_apply&utm_source=google_jobs_apply&utm_medium=organic"
                },
                {
                    "name": "Lever",
                    "url": "https://jobs.lever.co/intelliware/8608d2b4-1332-40bb-89d9-8508bf21b64f?utm_campaign=google_jobs_apply&utm_source=google_jobs_apply&utm_medium=organic"
                },
                {
                    "name": "Nexus Systems Group",
                    "url": "https://www.nexusgroup.ca/fr/jobs/senior-java-developer-3/?utm_campaign=google_jobs_apply&utm_source=google_jobs_apply&utm_medium=organic"
                },
                {
                    "name": "TD Bank Jobs",
                    "url": "https://tdbank.jobs/toronto-on/senior-java-developer/93379D3FBC6445E0BDB7695A2779C67C/job/?utm_campaign=google_jobs_apply&utm_source=google_jobs_apply&utm_medium=organic"
                },
                {
                    "name": "Kovasys IT Recruitment Agency",
                    "url": "https://kovasys.com/job/senior-java-developer-toronto-ontario/?utm_campaign=google_jobs_apply&utm_source=google_jobs_apply&utm_medium=organic"
                }
            ]
        },
        {
            "jobType": "senior_java_developer",
            "title": "Senior Java Developer",
            "company": "GFL Environmental Inc.",
            "description": "Our GFL team is expanding, and we\u2019re looking for a Senior Java Developer to join us in Vaughan! In this role, you\u2019ll play a vital part in designing and implementing high-quality software solutions and ensuring the successful delivery of projects.\n\nWhy Join GFL?\n\nGFL Environmental is the only major diversified environmental services company in North America. Our employees, collectively known as 'Team Green,' enjoy numerous benefits: career advancement opportunities, competitive benefits, job stability within an essential services company, and the chance to make a positive impact every day for our customers and communities, Green for Life!\n\nWhat\u2019s in it for You:\n\u2022 Comprehensive Benefits Plan including prioritized orthodontics and vision care\n\u2022 RRSP matching and profit sharing\n\u2022 Employee Assistance Program, life insurance, and more!\n\u2022 Paid time off\n\u2022 Competitive wages\n\u2022 Growth opportunities\n\nCareer Path Potential:\n\nJoin #TeamGreen and unlock diverse career growth opportunities through professional development, mentorship, and clear paths for internal advancement.\n\nA \u201cDay in the Life\" of a Senior Java Developer:\n\u2022 Work with a team of developers in designing and implementing software solutions using Java, Spring Boot, and Kotlin, ensuring alignment with best practices and coding standards.\n\u2022 Partner with cross-functional teams to translate project requirements into technical specifications and architecture designs that meet business needs.\n\u2022 Drive the adoption of new technologies and methodologies, identify areas for improvement, implement solutions and enhance product quality.\n\u2022 Oversee code reviews, troubleshoot complex issues, and implement performance optimizations to ensure robust, maintainable solutions.\n\u2022 Foster a collaborative and innovative environment within the team, promoting knowledge sharing and professional growth.\n\nKnowledge, Skills and Abilities:\n\u2022 Bachelor\u2019s degree in computer science or a related field, with minimum 7 years of experience as a Java developer, specializing in Spring Boot within agile environments.\n\u2022 Strong proficiency in Kotlin programming language and a solid understanding of software engineering principles, design patterns, and best practices.\n\u2022 Excellent problem-solving, critical thinking, and analytical skills, combined with the ability to communicate effectively and work well with diverse teams.\n\u2022 Familiarity with AWS cloud platform and containerization technologies (e.g., Docker, Kubernetes) will be nice to have.\n\nJoin us and become part of \"Team Green\" at GFL Environmental, where your skills and dedication will be valued and rewarded. Apply now for this exciting opportunity!\n\n#GFLTalent\n\nWe thank you for your interest. Only those selected for an interview will be contacted.\n\nGFL is committed to equal opportunity for all, without regard to race, religion, color, national origin, citizenship, sex, sexual orientation, gender identity, age, veteran status, disability, genetic information, or any other protected characteristic. If you are interested in applying for employment and need special assistance or an accommodation to apply for a posted position, please contact myworkdayrecruitment@gflenv.com",
            "location": "Vaughan, ON, Canada",
            "employmentType": "",
            "datePosted": "2 days ago",
            "salaryRange": "",
            "jobProviders": [
                {
                    "name": "LinkedIn",
                    "url": "https://ca.linkedin.com/jobs/view/senior-java-developer-at-gfl-environmental-inc-4077900638?utm_campaign=google_jobs_apply&utm_source=google_jobs_apply&utm_medium=organic"
                },
                {
                    "name": "Glassdoor",
                    "url": "https://www.glassdoor.ca/job-listing/senior-java-developer-gfl-environmental-JV_IC4035196_KO0,21_KE22,39.htm?jl=1009529998675&utm_campaign=google_jobs_apply&utm_source=google_jobs_apply&utm_medium=organic"
                },
                {
                    "name": "Indeed",
                    "url": "https://emplois.ca.indeed.com/viewjob?jk=708d41f1e137c1db&utm_campaign=google_jobs_apply&utm_source=google_jobs_apply&utm_medium=organic"
                },
                {
                    "name": "SimplyHired",
                    "url": "https://fr.simplyhired.ca/job/8SSXnx2er_P240mJzwF_9w3FDtBQsCEuRa5s91UJYx-jm7JeO1KRNg?utm_campaign=google_jobs_apply&utm_source=google_jobs_apply&utm_medium=organic"
                },
                {
                    "name": "BeBee Canada Meet Opportunities",
                    "url": "https://ca.bebee.com/job/12a71b06cf93c383d1c98f3c45979d8b?utm_campaign=google_jobs_apply&utm_source=google_jobs_apply&utm_medium=organic"
                },
                {
                    "name": "Jobs Trabajo.org",
                    "url": "https://ca.trabajo.org/job-3051-a1aae507219385bc8c48cac1825712a4?utm_campaign=google_jobs_apply&utm_source=google_jobs_apply&utm_medium=organic"
                },
                {
                    "name": "WhatJobs",
                    "url": "https://en-ca.whatjobs.com/job/Senior-Java-Developer/vaughan-ontario/81231362?utm_campaign=google_jobs_apply&utm_source=google_jobs_apply&utm_medium=organic"
                }
            ]
        },
        {
            "jobType": "senior_java_developer",
            "title": "Senior Java Developer",
            "company": "Citi",
            "description": "Citi ICG Technology organization is looking for an Order Management System (OMS) Senior Java Developer for North-America region. The position is located in Mississauga, ON, Canada.\n\nThe OMS will support both sales and trading workflows across key products traded in equities: cash, programs, listed derivatives (options, futures, etc.), delta one (single stock and index swaps), ETF, convertible bonds, vanilla OTC products, and FX.\n\nAt the beginning stages of the program the successful candidate will focus on Program Trading, Delta One, and ETF RFQ flows with the goal to deliver a single global codebase for several Sales and Trading Desks.\n\nKey responsibilities:\n\u2022 Be instrumental in the design and implementation of integrated automated trading system.\n\u2022 Build integrated instrumentation and support tools.\n\u2022 Collaborate with the members of OMS leadership team to extend the existing low latency service-oriented architecture to \u201chigh touch\u201d OMS use cases for Program Trading and D1 desks.\n\u2022 Deliver the new consolidated OMS and retire the legacy technology stack.\n\u2022 Work with Equities businesses to understand key functional and non-functional requirements.\n\u2022 Actively contribute to the definition of order object model to accommodate advanced program trading.\n\u2022 Integrate the OMS with the strategic services to manage limits, controls, entitlements, sales & trading coverage.\n\nThe successful candidate will have the following skills and experience:\n\u2022 7-10 years plus experience with strong knowledge of Java, Pub/Sub middleware, and databases.\n\u2022 Expert level engineer in software development with at least 10 years of server side development experience.\n\u2022 Experience with Agile development methodologies.\n\u2022 Experience with software monitoring tools and instrumentation.\n\u2022 Solid understanding of computer science fundamentals (data structures, algorithms, design patterns, etc.)\n\u2022 Good written and oral communication skills\n\u2022 Understanding of Equities Trading business is highly desirable.\n\u2022 Experience with Building controls for automated trading is highly desirable.\n\u2022 Knowledge of FIX protocol as applied to trading is highly desirable.\n\u2022 Undergraduate or graduate degree in computer science, engineering, or other relevant field.\n\n------------------------------------------------------\n\nJob Family Group:\nTechnology\n\n------------------------------------------------------\n\nJob Family:\nApplications Development\n\n------------------------------------------------------\n\nTime Type:\nFull time\n\n------------------------------------------------------\n\nCiti is an equal opportunity and affirmative action employer.\n\nQualified applicants will receive consideration without regard to their race, color, religion, sex, sexual orientation, gender identity, national origin, disability, or status as a protected veteran.\n\nCitigroup Inc. and its subsidiaries (\"Citi\u201d) invite all qualified interested applicants to apply for career opportunities. If you are a person with a disability and need a reasonable accommodation to use our search tools and/or apply for a career opportunity review Accessibility at Citi.\n\nView the \"EEO is the Law\" poster. View the EEO is the Law Supplement.\n\nView the EEO Policy Statement.\n\nView the Pay Transparency Posting",
            "location": "Mississauga, ON, Canada",
            "employmentType": "",
            "datePosted": "",
            "salaryRange": "",
            "jobProviders": [
                {
                    "name": "Citi Careers",
                    "url": "https://jobs.citi.com/job/mississauga/senior-java-developer/287/70972701024?utm_campaign=google_jobs_apply&utm_source=google_jobs_apply&utm_medium=organic"
                },
                {
                    "name": "Luxoft",
                    "url": "https://career.luxoft.com/jobs/senior-java-developer-7115?utm_campaign=google_jobs_apply&utm_source=google_jobs_apply&utm_medium=organic"
                },
                {
                    "name": "LinkedIn",
                    "url": "https://ca.linkedin.com/jobs/view/senior-java-developer-at-dexian-4054988956?utm_campaign=google_jobs_apply&utm_source=google_jobs_apply&utm_medium=organic"
                },
                {
                    "name": "ZipRecruiter",
                    "url": "https://www.ziprecruiter.com/c/Axelon-Services-Corporation/Job/Senior-Java-Developer/-in-Mississauga,ON?jid=e4eca90ef2d1ca65&utm_campaign=google_jobs_apply&utm_source=google_jobs_apply&utm_medium=organic"
                },
                {
                    "name": "Indeed",
                    "url": "https://ca.indeed.com/viewjob?jk=39b7d24d3ce5842e&utm_campaign=google_jobs_apply&utm_source=google_jobs_apply&utm_medium=organic"
                },
                {
                    "name": "C.G. Consulting Group",
                    "url": "https://www.cgconsultinggroup.com/jobs/?JOBSHAREJK524FGD4HSDXEA6QGPLKRD4L7Y6A7XTDJKYHEW5G2A6XYZGWNUJXXRVWLVXETISNJ77G55ETMJQXWYAZRILEHIEMMPRY6V452FLS&utm_campaign=google_jobs_apply&utm_source=google_jobs_apply&utm_medium=organic"
                },
                {
                    "name": "Glassdoor",
                    "url": "https://www.glassdoor.ca/job-listing/senior-java-developer-citi-JV_IC2280741_KO0,21_KE22,26.htm?jl=1009479590578&utm_campaign=google_jobs_apply&utm_source=google_jobs_apply&utm_medium=organic"
                },
                {
                    "name": "SimplyHired",
                    "url": "https://www.simplyhired.ca/job/I_mu9hjueF-Pg2T12RJW0_OmR87VdqCGNQtCazi-r0T9ZIlXsf2F8Q?utm_campaign=google_jobs_apply&utm_source=google_jobs_apply&utm_medium=organic"
                }
            ]
        },
        {
            "jobType": "senior_java_developer",
            "title": "Senior Java Spark Bigdata Developer",
            "company": "Citi",
            "description": "The Senior Java Developer is a senior level position responsible for establishing and implementing new or revised application systems and programs in coordination with the Technology Team. The overall objective of this role is to lead applications systems analysis and programming activities.\n\nResponsibilities:\n\u2022 Lead integration of functions to meet goals, deploy new products, and enhance processes\n\u2022 Analyze complex business processes, system processes, and industry standards to define and develop solutions to high level problems\n\u2022 Provide expertise in area of advanced knowledge of applications programming and plan assignments involving large budgets, cross functional project, or multiple projects\n\u2022 Develop application methodologies and standards for program analysis, design, coding, testing, debugging, and implementation\n\u2022 Utilize advanced knowledge of supported main system flows and comprehensive knowledge of multiple areas to achieve technology goals\n\u2022 Consult with end users to identify system function specifications and incorporate into overall system design\n\u2022 Allocate work, and act as an advisor/coach developers, analysts, and new team members\n\u2022 Influence and negotiate with senior leaders and communicate with external parties\n\u2022 Appropriately assess risk when business decisions are made, demonstrating particular consideration for the firm's reputation and safeguarding Citigroup, its clients and assets, by driving compliance with applicable laws, rules and regulations, adhering to Policy, applying sound ethical judgment regarding personal behavior, conduct and business practices, and escalating, managing and reporting control issues with transparency.\n\nQualifications:\n\u2022 10+ years of relevant experience\n\u2022 Experience in applications development\n\u2022 Experience in management\n\u2022 Expertise in Bigdata ecosystem(Cloudera Distribution)using spark and Map Reduce\n\u2022 Unix/Python shell scripting\n\u2022 Java (core) 1.8 or above - Hands-on experience (advanced concepts of data structures, memory management and design patterns)\n\u2022 Apache Spark - Hands on (preferable on Java spark)\n\u2022 Bigdata ecosystem (Good understanding of Hadoop, preferable cloud era distribution), exposure to Hive, Impala, Yarn\n\u2022 Good Data analysis and programing skills and understanding of large datasets(no sql joins)\n\u2022 Experience managing global technology teams\n\u2022 Working knowledge of industry practices and standards\n\u2022 Consistently demonstrates clear and concise written and verbal communication\n\u2022 Good knowledge of Java and spark architecture and design principles\n\nAdjacent Skills:\n\u2022 Unix/Python shell scripting\n\u2022 Junit/Testing frameworks\n\u2022 Hive, JMS, Impala and Kafka experience\n\u2022 Good communication skills\n\nEducation:\n\u2022 Bachelor\u2019s degree/University degree or equivalent experience\n\n------------------------------------------------------\n\nJob Family Group:\nTechnology\n\n------------------------------------------------------\n\nJob Family:\nApplications Development\n\n------------------------------------------------------\n\nTime Type:\nFull time\n\n------------------------------------------------------\n\nCiti is an equal opportunity and affirmative action employer.\n\nQualified applicants will receive consideration without regard to their race, color, religion, sex, sexual orientation, gender identity, national origin, disability, or status as a protected veteran.\n\nCitigroup Inc. and its subsidiaries (\"Citi\u201d) invite all qualified interested applicants to apply for career opportunities. If you are a person with a disability and need a reasonable accommodation to use our search tools and/or apply for a career opportunity review Accessibility at Citi.\n\nView the \"EEO is the Law\" poster. View the EEO is the Law Supplement.\n\nView the EEO Policy Statement.\n\nView the Pay Transparency Posting",
            "location": "Mississauga, ON, Canada",
            "employmentType": "",
            "datePosted": "",
            "salaryRange": "",
            "jobProviders": [
                {
                    "name": "Citi Careers",
                    "url": "https://jobs.citi.com/job/mississauga/senior-java-spark-bigdata-developer/287/69020392768?utm_campaign=google_jobs_apply&utm_source=google_jobs_apply&utm_medium=organic"
                },
                {
                    "name": "Indeed",
                    "url": "https://ca.indeed.com/viewjob?jk=c384e2e14d01bb70&utm_campaign=google_jobs_apply&utm_source=google_jobs_apply&utm_medium=organic"
                },
                {
                    "name": "Career Nexus",
                    "url": "https://careernexus.ca/jobs/java-spark-developer/?utm_campaign=google_jobs_apply&utm_source=google_jobs_apply&utm_medium=organic"
                },
                {
                    "name": "C.G. Consulting Group",
                    "url": "https://www.cgconsultinggroup.com/jobs/?JOBSHARE644O45YWYW2XQ7HJJB7LZGY4MAQIB36QIZVFELSQFEAXI2XCL2Z5GLKUALHE7F2YW5BJBVMLQFFK4UCJVPW52QALML4DTPJJKGX4E&utm_campaign=google_jobs_apply&utm_source=google_jobs_apply&utm_medium=organic"
                },
                {
                    "name": "BeBee Canada Meet Opportunities",
                    "url": "https://ca.bebee.com/job/4c50e6b5d9b3d3194f7320ff05cce390?utm_campaign=google_jobs_apply&utm_source=google_jobs_apply&utm_medium=organic"
                },
                {
                    "name": "Built In Toronto",
                    "url": "https://builtintoronto.com/job/senior-java-developer/3248166?utm_campaign=google_jobs_apply&utm_source=google_jobs_apply&utm_medium=organic"
                },
                {
                    "name": "Talent.com",
                    "url": "https://ca.talent.com/view?id=a9aea31a418f&utm_campaign=google_jobs_apply&utm_source=google_jobs_apply&utm_medium=organic"
                },
                {
                    "name": "LinkedIn",
                    "url": "https://ca.linkedin.com/jobs/view/java-spark-bigdata-developer-at-citi-4014121621?utm_campaign=google_jobs_apply&utm_source=google_jobs_apply&utm_medium=organic"
                }
            ]
        },
        {
            "jobType": "senior_java_developer",
            "title": "Senior Java Developer",
            "company": "Fulcrum Digital Inc.",
            "description": "Job Description\n\nSenior Java Developer\n\nLocation: Vancouver, Canada (Onsite)\n\nDuration: Full Time\n\nPreferably looking for 8+ years of experience candidate with below mentioned required skills\n\nRequirements\n\u2022 Looking for someone who has strong programming skills, java preferred\n\u2022 Experience with distributed systems design and architecture\n\u2022 Core Java, Core Java, Springboot, Microservices, Design Patterns, Architectural design knowledge\n\u2022 Strong experience with CI/CD automation and tools\n\u2022 Experience with Kafka/NATS brokers (Good to have)\n\nFulcrum Digital is an Equal Opportunity Employer and is committed to maintaining a discrimination-free workplace\n\nAdditional Information\n\nAll your information will be kept confidential according to EEO guidelines.",
            "location": "Victoria, BC, Canada",
            "employmentType": "",
            "datePosted": "3 days ago",
            "salaryRange": "",
            "jobProviders": [
                {
                    "name": "Smart Recruiters Jobs",
                    "url": "https://jobs.smartrecruiters.com/FulcrumDigitalInc1/744000026464963-senior-java-developer?utm_campaign=google_jobs_apply&utm_source=google_jobs_apply&utm_medium=organic"
                },
                {
                    "name": "Indeed",
                    "url": "https://emplois.ca.indeed.com/viewjob?jk=288d7a2ec4571632&utm_campaign=google_jobs_apply&utm_source=google_jobs_apply&utm_medium=organic"
                },
                {
                    "name": "Built In",
                    "url": "https://builtin.com/job/senior-java-developer/3577070?utm_campaign=google_jobs_apply&utm_source=google_jobs_apply&utm_medium=organic"
                },
                {
                    "name": "Glassdoor",
                    "url": "https://www.glassdoor.ca/job-listing/senior-java-developer-fulcrum-worldwide-JV_IC2279563_KO0,21_KE22,39.htm?jl=1009527732999&utm_campaign=google_jobs_apply&utm_source=google_jobs_apply&utm_medium=organic"
                },
                {
                    "name": "SimplyHired",
                    "url": "https://fr.simplyhired.ca/job/zenFhHC5KAOMPQgPJvZVZOkZHKarTrTp6CULGLBlMQqsruvt4hxtXA?utm_campaign=google_jobs_apply&utm_source=google_jobs_apply&utm_medium=organic"
                },
                {
                    "name": "BeBee Canada Meet Opportunities",
                    "url": "https://ca.bebee.com/job/b868c2ced39cc6a058c5c74c81a2b50f?utm_campaign=google_jobs_apply&utm_source=google_jobs_apply&utm_medium=organic"
                },
                {
                    "name": "Recruit.net",
                    "url": "https://www.recruit.net/job/senior-java-developer-jobs/4AF3E79B0414F1D7?utm_campaign=google_jobs_apply&utm_source=google_jobs_apply&utm_medium=organic"
                },
                {
                    "name": "Jobs Trabajo.org",
                    "url": "https://ca.trabajo.org/job-850-2c3de69dbbb04b8cc03035d070b38545?utm_campaign=google_jobs_apply&utm_source=google_jobs_apply&utm_medium=organic"
                }
            ]
        },
        {
            "jobType": "senior_java_developer",
            "title": "Senior Java Spring Boot Developer",
            "company": "BrightOrder Inc.",
            "description": "Senior Java Spring Boot Developer role at BrightOrder, developing cutting-edge fleet optimization technologies and AI systems.",
            "location": "Mississauga, ON, Canada",
            "employmentType": "",
            "datePosted": "3 days ago",
            "salaryRange": "",
            "jobProviders": [
                {
                    "name": "Taro",
                    "url": "https://www.jointaro.com/jobs/brightorder-inc/senior-java-spring-boot-developer/?utm_campaign=google_jobs_apply&utm_source=google_jobs_apply&utm_medium=organic"
                }
            ]
        },
        {
            "jobType": "senior_java_developer",
            "title": "Senior Java Spring Boot Developer",
            "company": "BrightOrder Inc.",
            "description": "Senior Java Spring Boot Developer position at BrightOrder Inc., building scalable fleet management solutions with modern technologies including Spring Boot, AWS, and Kubernetes.",
            "location": "Toronto, ON, Canada",
            "employmentType": "",
            "datePosted": "2 days ago",
            "salaryRange": "",
            "jobProviders": [
                {
                    "name": "Taro",
                    "url": "https://www.jointaro.com/jobs/brightorder-inc/senior-java-spring-boot-developer-3501ce70/?utm_campaign=google_jobs_apply&utm_source=google_jobs_apply&utm_medium=organic"
                },
                {
                    "name": "Ca.bebee.com",
                    "url": "https://ca.bebee.com/job/bdebb53aa1427c777aa2fe426a0eab39?utm_campaign=google_jobs_apply&utm_source=google_jobs_apply&utm_medium=organic"
                }
            ]
        },
        {
            "jobType": "senior_java_developer",
            "title": "Senior Java Backend Developer",
            "company": "HCPL Global Inc.",
            "description": "Hello,\n\nHCPL Global Consulting & Services is a pioneering Management & IT consulting firm that enables Government, Banking, Private and Commercial Sectors to transform best practice concepts into effective organizational capabilities.\n\nWe offer and provide innovative solutions that help improve the performance of organizations and lead their business transformation.\n\nHere is our Highly Esteemed Client requirement. Kindly respond to this requirement with your resume, contact, visa status, rate and current location info to speed up the interview process.\n\nJob Title: Senior Java Backend Developer\n\nLocation: Mississauga, Canada\n\nPosition Type: FTE/Permanent\n\n-Looking for Senior Resource Only-\n\nRequired Skills: Core Java, Springboot, Microservices, J2ee, Strong in coding.\n\nPosition Summary:\n\nJob Description:\n\nPosition details:\n\u2022 10+ years of experience in Java.\n\u2022 Hand-on Java coding.\n\u2022 Experience in security and integration required.\n\u2022 SQL experience required.\n\u2022 With Banking experience.\n\nPlease respond with the resume, contact, Visa Status, rate, and current location info to speed up the interview process. I will contact you if I need further details.\n\nThanks & Best Regards,\n\nPradeep Kumar\n\nSenior- Talent Acquisition\n\npradeep@hcplglobal.com I www.hcplglobal.com\n\n13234 Telecom Drive, Tampa, FL 33637\n\nWe don\u2019t make careers, we make lives",
            "location": "Mississauga, ON, Canada",
            "employmentType": "",
            "datePosted": "4 days ago",
            "salaryRange": "",
            "jobProviders": [
                {
                    "name": "LinkedIn",
                    "url": "https://ca.linkedin.com/jobs/view/senior-java-backend-developer-at-hcpl-global-inc-4075541559?utm_campaign=google_jobs_apply&utm_source=google_jobs_apply&utm_medium=organic"
                },
                {
                    "name": "BeBee Canada Meet Opportunities",
                    "url": "https://ca.bebee.com/job/6ce6bacad693cd923a49c238d735ab53?utm_campaign=google_jobs_apply&utm_source=google_jobs_apply&utm_medium=organic"
                }
            ]
        },
        {
            "jobType": "senior_java_developer",
            "title": "Senior Java Fullstack with React ( 70 % Backend + 30 % frontend )in",
            "company": "Syntricate Technologies",
            "description": "I'm #hiring for Senior Java Fullstack with React ( 70 % Backend + 30 % frontend )in Mississauga, Canada for a Full time role with onsite mode.\n\nPlease share the resumes at - aditya@syntricatetechnologies.com\n\nRole: Senior Java Fullstack with React ( 70 % Backend + 30 % frontend )\n\nLocation: Mississauga, Canada\n\nDuration: Fulltime\n\nJob description\n\nREQUIRED SKILLS:\n\n\u2022 10 +years\u2019 experience in Java\n\n\u2022 Spring Boot / Micro services with React\n\n\u2022 Spring Boot Experience of working in an Agile environment\n\n\u2022 Web services (REST Services / SOAP)DB (Oracle/MongoDB)\n\n\u2022 Microservices architecture (Docker, Kubernetes)\n\n\u2022 Design and Architecture (Micro-services design pattern)\n\n\u2022 Data Structures and Algorithms\n\n\u2022 Team City, JIRA, Git",
            "location": "Mississauga, ON, Canada",
            "employmentType": "",
            "datePosted": "5 days ago",
            "salaryRange": "",
            "jobProviders": [
                {
                    "name": "LinkedIn",
                    "url": "https://ca.linkedin.com/jobs/view/senior-java-fullstack-with-react-70-%25-backend-%2B-30-%25-frontend-in-at-syntricate-technologies-4072932814?utm_campaign=google_jobs_apply&utm_source=google_jobs_apply&utm_medium=organic"
                },
                {
                    "name": "Dice",
                    "url": "https://www.dice.com/job-detail/7724e00b-7ed0-46e9-9f1c-656111bcc05f?utm_campaign=google_jobs_apply&utm_source=google_jobs_apply&utm_medium=organic"
                }
            ]
        },
        {
            "jobType": "senior_java_developer",
            "title": "Senior Java Developer",
            "company": "ICE",
            "description": "Overview\n\nJob Purpose\n\nNearly half the world's crude oil futures trade and clear on Intercontinental Exchange's state of the art electronic trading and clearing platforms. As a Senior Developer at Intercontinental Exchange you will play a key role in developing systems which provide clearing services to vital markets such as oil, sugar and cotton which are essential to economies around the world.\n\nResponsibilities\n\u2022 Design and code key systems using Spring, REST, SQL, Hibernate, MyBatis, and MQ\n\u2022 Take ownership of key systems and build reusable utilities and frameworks\n\u2022 Work on the scalability and performance of high-performance components\n\u2022 Work closely with the business units, product management and QA teams\n\nKnowledge And Experience\n\u2022 Bachelor's degree in Computer Science or related fields; or equivalent years\u2019 experience required\n\u2022 5+ years of experience developing with Java Technologies\n\u2022 Strong working knowledge of:\n\u2022 Java 11/17\n\u2022 Data structures, Algorithms, OOD and Design Patterns\n\u2022 Distributed messaging, JMS\n\u2022 Spring and its frameworks like Spring Boot, Spring Cloud, Spring Data, Spring AOP\n\u2022 Relational databases, Oracle, SQL, PL/SQL, Hibernate/MyBatis, JDBC, and JPA\n\u2022 Multi-threaded server-side development\n\u2022 Unit testing with Spring Boot Test, Mockito, and Junit\n\u2022 Experience in Java performance tuning, debugging and memory profiling\n\u2022 Knowledge of distributed transactions with JTA and managers such as Atomikos, Narayana\n\u2022 Experience with the build pipelines and CI/CD tools\n\u2022 Ability to work well in a team environment\n\u2022 Ability to work independently\n\nPreferred\n\u2022 Experience with JavaScript UI frameworks such as Ext JS and React\n\u2022 Exposure to financial markets - particularly in futures and options\n\u2022 Demonstrated open-source contribution\n\u2022 Experience with Container and Cloud technologies - e.g. Docker, Kubernetes, Helm, Kustomize\n\nSchedule\n\nThis role offers work from home flexibility one day per week.\n\nBase Salary Range for New York Candidates\n\nThe expected base salary for this role is between 135,000 - 190,000 USD. The base salary range does not include Intercontinental Exchange\u2019s incentive compensation. While we provide this range as general guidance, at ICE we compensate employees based on the skillset and experience of the individual.\n\nIntercontinental Exchange, Inc. is an Equal Opportunity and Affirmative Action Employer. All qualified applicants will receive consideration for employment without regard to race, color, religion, gender, sexual orientation, gender identity, national origin or ancestry, age, disability or veteran status, or other protected status.",
            "location": "Calgary, AB, Canada",
            "employmentType": "",
            "datePosted": "7 days ago",
            "salaryRange": "",
            "jobProviders": [
                {
                    "name": "LinkedIn",
                    "url": "https://ca.linkedin.com/jobs/view/senior-java-developer-at-ice-3945813879?utm_campaign=google_jobs_apply&utm_source=google_jobs_apply&utm_medium=organic"
                },
                {
                    "name": "Indeed",
                    "url": "https://ca.indeed.com/viewjob?jk=840270a5a82af47c&utm_campaign=google_jobs_apply&utm_source=google_jobs_apply&utm_medium=organic"
                },
                {
                    "name": "Intercontinental Exchange Holdings, Inc. - ICE",
                    "url": "https://careers.ice.com/jobs/4979?lang=en-us&utm_campaign=google_jobs_apply&utm_source=google_jobs_apply&utm_medium=organic"
                },
                {
                    "name": "HackerX",
                    "url": "https://hackerx.org/job/senior-java-developer/?utm_campaign=google_jobs_apply&utm_source=google_jobs_apply&utm_medium=organic"
                },
                {
                    "name": "Ladders",
                    "url": "https://www.theladders.com/job/senior-java-developer-triunity-software-calgary-ab_71803681?ir=1&utm_campaign=google_jobs_apply&utm_source=google_jobs_apply&utm_medium=organic"
                },
                {
                    "name": "Dice",
                    "url": "https://www.dice.com/job-detail/16f31583-e8dd-46c7-afe8-02692207c442?utm_campaign=google_jobs_apply&utm_source=google_jobs_apply&utm_medium=organic"
                },
                {
                    "name": "Glassdoor",
                    "url": "https://www.glassdoor.ca/job-listing/lead-senior-java-developer-intellibus-JV_IC2275123_KO0,26_KE27,37.htm?jl=1009526318987&utm_campaign=google_jobs_apply&utm_source=google_jobs_apply&utm_medium=organic"
                },
                {
                    "name": "Glassdoor",
                    "url": "https://www.glassdoor.com/job-listing/lead-senior-java-developer-intellibus-JV_IC2275123_KO0,26_KE27,37.htm?jl=1009526318987&utm_campaign=google_jobs_apply&utm_source=google_jobs_apply&utm_medium=organic"
                }
            ]
        }
    ]
}