{
    "jobs": [
        {
            "jobType": "software_engineer",
            "title": "Software Engineer, Banking Technology",
            "company": "Manulife",
            "description": "Join our Banking Technology Team!\n\nReporting into our Engineering Manager of the Banking Technology squad, you will contribute to the build of our web application.\n\nAre you a collaborative, motivated engineer with experience building web applications? You are a strong communicator, meticulous, and able to present ideas clearly with strong problem solving and solution oriented approach!\n\nAs a Software Engineer you will be:\n\u2022 Applying creative problem solving that bring software designs to life.\n\u2022 Collaborate with product owners, software engineers, quality engineers and IT business analysts to uncover opportunities to deliver new business value through software.\n\u2022 Designing, coding, unit testing and integrating new features and functionality as defined by the Product Partner and team.\n\u2022 Maintain and ensure high quality software by writing clean, maintainable, and well-documented code that adheres to industry practices and coding standards, with accountability for production reliability and usage.\n\u2022 Promoting and applying agile (SAFe) principles and methodology.\n\u2022 Assisting in the development of automated tests to ensure delivery of high-quality code.\n\u2022 Updating progress daily through the tracking tool (Jira) and Kanban board.\n\u2022 Performing various investigative \u201cSpikes\u201d to mitigate technical uncertainty and risk.\n\u2022 Assisting with required documentation e.g. deployment, maintenance, support, and business needs.\n\u2022 Assisting with production support and releases.\n\nYou will bring and continuously build upon the following skills:\n\u2022 Participating in ideation and brainstorming sessions to devise creative and exciting digital solutions. We need and value fresh ideas.\n\u2022 Participating in the weekly meetings to assist the Product Partner to refine the Product Backlog including providing initial estimates.\n\u2022 Mentoring other engineers on the team.\n\u2022 Building interpersonal relationships by working closely with the Engineering Manager, Product Partner, Quality Engineers, and Analysts in a globally distributed environment.\n\nTechnical Skills and Preferred experience:\n\u2022 Bachelor's degree in computer science, Software Engineering, or a related field (or equivalent experience)\n\u2022 5+ years Development experience\n\u2022 Languages such as Java - (Springboot), Node, Typescript, React\n\u2022 Azure/AKS cloud\n\u2022 REST\n\u2022 Spring Boot, Spring Cloud, and Core Spring frameworks\n\u2022 SQL for databases\n\u2022 GitHub for source control\n\u2022 Jira and Confluence for task and content management\n\u2022 Jenkins, Maven, Snyk, and SonarQube for DevOps pipelines\n\nWhat can we offer you?\n\u2022 A competitive salary and benefits packages.\n\u2022 A growth trajectory that extends upward and outward, encouraging you to follow your passions and learn new skills.\n\u2022 A focus on growing your career path with us.\n\u2022 Flexible work policies and strong work-life balance.\n\u2022 Professional development and leadership opportunities.\n\nOur commitment:\n\nValues-first culture\n\nWe lead with our Values every day and bring them to life together.\n\nBoundless opportunity\n\nWe create opportunities to learn and grow at every stage of your career.\n\nContinuous innovation\n\nWe invite you to help redefine the future of financial services.\n\nDelivering the promise of Diversity, Equity, and Inclusion\n\nWe foster an inclusive workplace where everyone thrives.\n\nChampioning Corporate Citizenship\n\nWe build a business that benefits all stakeholders and has a positive social and environmental impact.\n\nAbout Manulife and John Hancock\n\nManulife Financial Corporation is a leading international financial services provider, helping people make their decisions easier and lives better. To learn more about us, visit https://www.manulife.com/en/about/our-story.html.\n\nManulife is an Equal Opportunity Employer\n\nAt Manulife/John Hancock, we embrace our diversity. We strive to attract, develop and retain a workforce that is as diverse as the customers we serve and to foster an inclusive work environment that embraces the strength of cultures and individuals. We are committed to fair recruitment, retention, advancement and compensation, and we administer all of our practices and programs without discrimination on the basis of race, ancestry, place of origin, colour, ethnic origin, citizenship, religion or religious beliefs, creed, sex (including pregnancy and pregnancy-related conditions), sexual orientation, genetic characteristics, veteran status, gender identity, gender expression, age, marital status, family status, disability, or any other ground protected by applicable law.\n\nIt is our priority to remove barriers to provide equal access to employment. A Human Resources representative will work with applicants who request a reasonable accommodation during the application process. All information shared during the accommodation request process will be stored and used in a manner that is consistent with applicable laws and Manulife/John Hancock policies. To request a reasonable accommodation in the application process, contact recruitment@manulife.com.\n\nPrimary Location\n\nWaterloo, Ontario\n\nWorking Arrangement\n\nHybrid\n\nSalary range is expected to be between\n$74,270.00 CAD - $137,930.00 CAD\n\nIf you are applying for this role outside of the primary location, please contact recruitment@manulife.com for the salary range for your location. The actual salary will vary depending on local market conditions, geography and relevant job-related factors such as knowledge, skills, qualifications, experience, and education/training. Employees also have the opportunity to participate in incentive programs and earn incentive compensation tied to business and individual performance.\n\nManulife offers eligible employees a wide array of customizable benefits, including health, dental, mental health, vision, short- and long-term disability, life and AD&D insurance coverage, adoption/surrogacy and wellness benefits, and employee/family assistance plans. We also offer eligible employees various retirement savings plans (including pension and a global share ownership plan with employer matching contributions) and financial education and counseling resources. Our generous paid time off program in Canada includes holidays, vacation, personal, and sick days, and we offer the full range of statutory leaves of absence. If you are applying for this role in the U.S., please contact recruitment@manulife.com for more information about U.S.-specific paid time off provisions.",
            "location": "Toronto, ON, Canada",
            "employmentType": "",
            "datePosted": "3 days ago",
            "salaryRange": "",
            "jobProviders": [
                {
                    "name": "Careers At Manulife",
                    "url": "https://careers.manulife.com/global/en/job/JR24080731/Software-Engineer-Banking-Technology?utm_campaign=google_jobs_apply&utm_source=google_jobs_apply&utm_medium=organic"
                },
                {
                    "name": "Jobillico",
                    "url": "https://www.jobillico.com/en/job-offer/manulife-financial-corporation.mBxtVo/software-engineer-banking-technology/14348115?utm_campaign=google_jobs_apply&utm_source=google_jobs_apply&utm_medium=organic"
                },
                {
                    "name": "SimplyHired",
                    "url": "https://www.simplyhired.ca/job/GnxxU5EOt-pkososAgb_YRSAqDxxQWThopLtfXhk-0THnSqCs20qBQ?utm_campaign=google_jobs_apply&utm_source=google_jobs_apply&utm_medium=organic"
                },
                {
                    "name": "LinkedIn",
                    "url": "https://ca.linkedin.com/jobs/view/software-engineer-banking-technology-at-manulife-4049982928?utm_campaign=google_jobs_apply&utm_source=google_jobs_apply&utm_medium=organic"
                },
                {
                    "name": "Ladders",
                    "url": "https://www.theladders.com/job/software-engineer-banking-technology-manulifefinancialcorporation-waterloo-on_78545431?utm_campaign=google_jobs_apply&utm_source=google_jobs_apply&utm_medium=organic"
                },
                {
                    "name": "Glassdoor",
                    "url": "https://www.glassdoor.ca/job-listing/software-engineer-banking-technology-manulife-JV_IC2280158_KO0,36_KE37,45.htm?jl=1009411978715&utm_campaign=google_jobs_apply&utm_source=google_jobs_apply&utm_medium=organic"
                },
                {
                    "name": "Levels.fyi",
                    "url": "https://www.levels.fyi/jobs?jobId=79237723637850822&utm_campaign=google_jobs_apply&utm_source=google_jobs_apply&utm_medium=organic"
                },
                {
                    "name": "Talentify",
                    "url": "https://www.talentify.io/job/software-engineer-banking-technology-waterloo-ontario-manulife-jr24080731?utm_campaign=google_jobs_apply&utm_source=google_jobs_apply&utm_medium=organic"
                }
            ]
        },
        {
            "jobType": "software_engineer",
            "title": "Senior Software Engineer (Full-Stack)",
            "company": "Mastercard",
            "description": "Our Purpose\n\nWe work to connect and power an inclusive, digital economy that benefits everyone, everywhere by making transactions safe, simple, smart and accessible. Using secure data and networks, partnerships and passion, our innovations and solutions help individuals, financial institutions, governments and businesses realize their greatest potential. Our decency quotient, or DQ, drives our culture and everything we do inside and outside of our company. We cultivate a culture of inclusion for all employees that respects their individual strengths, views, and experiences. We believe that our differences enable us to be a better team \u2013 one that makes better decisions, drives innovation and delivers better business results.\n\nTitle and Summary\n\nSenior Software Engineer (Full-Stack)\n\nWho is Mastercard?\nWe work to connect and power an inclusive, digital economy that benefits everyone, everywhere, by making transactions safe, simple, smart, and accessible. Using secure data and networks, partnerships, and passion, our innovations and solutions help individuals, financial institutions, governments, and businesses realize their greatest potential. Our decency quotient, or DQ, drives our culture and everything we do inside and outside of our company. We cultivate a culture of inclusion for all employees that respects their individual strengths, views, and experiences. We believe that our differences enable us to be a better team \u2013 one that makes better decisions, drives innovation, and delivers better business results.\n\nOverview\nInterested in building the next generation platform that empowers end-to-end marketing campaign management inclusive of audience targeting and campaign execution and measurement? The overarching goal of data-driven marketing is to deliver the right content, to the right person, at the right time.\n\nWe are growing rapidly in Vancouver in the beautiful British Columbia, and if you wish to be part of this Priceless\u00ae experience, read below.\n\nThe Marketing Services (MS) Technology team is looking for a Senior Software Development Engineer to provide technical ownership, with an emphasis on engineering efficiency and on-time delivery.\n\nThe ideal candidate has expertise in building microservices using new and emerging technologies. The person will get a chance to develop innovative solutions and transform the way Mastercard automates, optimize and innovate digital marketing life cycle.\n\nRole\n\nIn this role, you will:\n\n\u2022 Design & Develop REST APIs and webservices using Java, Spring Boot and other emerging technologies\n\u2022 Create new features for a Python-based application and fix any issues.\n\u2022 Be responsible for assessing technologies and approaches for integrating backend data services with user interface\n\u2022 Work closely with team members from across Mastercard to identify functional and system requirements\n\nAll About you\n\nThe ideal candidate for this position expected to:\n\n\u2022 Have hands-on knowledge of Java, Spring Boot and Microservices (REST API)\n\u2022 Have an understanding of Domain Driven Design (DDD) and Event Driven design (EDD).\n\u2022 Experienced in working with SQL, designing schemas, writing complex queries, and optimizing database performance to support efficient application development and reporting.\n\u2022 Build automated quality framework based on JUnit and Mockito and have solid understanding of BDD testing framework.\n\u2022 Have an excellent oral and written communication\n\u2022 Be familiar with Agile/Scrum methodologies\n\u2022 Have demonstrated ability to adapt to new technologies and learn quickly\n\u2022 Be a strong, confident, and able to communicate solution and Architecture effectively to a wide variety of stakeholders\n\u2022 Last but not least, have bias for action.\n\u2022 Understand CI/CD using tools like Jenkins.\n\u2022 Familiar with Big Data / Analytics technologies like Hadoop, Spark, Python, Scala.\n\u2022 Knowledge of Python and Streamlit is an advantage.\n\u2022 Experience working with real-time or near real-time data ingestion\n\nPay Range\n98,000.00 - 157,000.00 CAD Annual\n\nMastercard is an inclusive equal opportunity employer that considers applicants without regard to gender, gender identity, sexual orientation, race, ethnicity, disabled or veteran status, or any other characteristic protected by law. In the US or Canada, if you require accommodations or assistance to complete the online application process or during the recruitment process, please contact reasonable_accommodation@mastercard.com and identify the type of accommodation or assistance you are requesting. Do not include any medical or health information in this email. The Reasonable Accommodations team will respond to your email promptly.\n\nCorporate Security Responsibility\n\nAll activities involving access to Mastercard assets, information, and networks comes with an inherent risk to the organization and, therefore, it is expected that every person working for, or on behalf of, Mastercard is responsible for information security and must:\n\u2022 Abide by Mastercard\u2019s security policies and practices;\n\u2022 Ensure the confidentiality and integrity of the information being accessed;\n\u2022 Report any suspected information security violation or breach, and\n\u2022 Complete all periodic mandatory security trainings in accordance with Mastercard\u2019s guidelines.",
            "location": "Vancouver, BC, Canada",
            "employmentType": "",
            "datePosted": "9 days ago",
            "salaryRange": "",
            "jobProviders": [
                {
                    "name": "Mastercard Careers",
                    "url": "https://careers.mastercard.com/us/en/job/R-233691/Senior-Software-Engineer-Full-Stack?utm_campaign=google_jobs_apply&utm_source=google_jobs_apply&utm_medium=organic"
                },
                {
                    "name": "Crossover",
                    "url": "https://www.crossover.com/job-roles/software-engineering/canada/city/vancouver/c-a0q2j0000037krQAAQ/learnwithai-senior-software-engineer?utm_campaign=google_jobs_apply&utm_source=google_jobs_apply&utm_medium=organic"
                },
                {
                    "name": "Workday",
                    "url": "https://motorolasolutions.wd5.myworkdayjobs.com/en-US/Careers/job/Senior-Software-Engineer--Azure-C--_R51045-1?utm_campaign=google_jobs_apply&utm_source=google_jobs_apply&utm_medium=organic"
                },
                {
                    "name": "Jobs",
                    "url": "https://jobs.ashbyhq.com/hiive/9f5e19eb-dc33-43ad-a2e5-e176b3f4fe20?utm_campaign=google_jobs_apply&utm_source=google_jobs_apply&utm_medium=organic"
                },
                {
                    "name": "LinkedIn",
                    "url": "https://ca.linkedin.com/jobs/view/senior-software-engineer-at-hiive-4046064845?utm_campaign=google_jobs_apply&utm_source=google_jobs_apply&utm_medium=organic"
                },
                {
                    "name": "ZipRecruiter",
                    "url": "https://www.ziprecruiter.com/c/Starboard-Recruitment/Job/Senior-Software-Engineer/-in-Vancouver,BC?jid=d8bec9e8d2af04b5&utm_campaign=google_jobs_apply&utm_source=google_jobs_apply&utm_medium=organic"
                },
                {
                    "name": "Indeed",
                    "url": "https://ca.indeed.com/viewjob?jk=105fbc2992e07d1c&utm_campaign=google_jobs_apply&utm_source=google_jobs_apply&utm_medium=organic"
                },
                {
                    "name": "Greenhouse",
                    "url": "https://boards.greenhouse.io/embed/job_app?for=mobsquad&token=4095825002&b=https://mobsquad.io/join-team/job/&utm_campaign=google_jobs_apply&utm_source=google_jobs_apply&utm_medium=organic"
                }
            ]
        },
        {
            "jobType": "software_engineer",
            "title": "Software Developer 2",
            "company": "Intuit",
            "description": "Join the TurboTax technology team as a Software Developer 2 to work with millions of users and create a world-class digital product. As a leader in the industry, we are dedicated to innovation, growth, and personal development.We are hiring across multiple teams as Toronto is a growth site and we are growing across multiple product teams including: Virtual Expert Platform Team, DataX Team, AI-First Tax Experiences Team, and TurboTax Product Development Team which all require technical expertise, leadership, and a focus on quality product development. As part of these teams, you will work with exciting colleagues and utilize your proficiency in React, JavaScript, Java/Kotlin, and Python in Full-Stack/Front-End/Back-End web application development. As well as hands-on engineering experience, and AI knowledge, to create and maintain large features and capabilities to build an unrivaled TurboTax experience.Our culture is centered on continuous growth, student-teacher relationships, and learning from the people, processes, and technology around us to create amazing digital experiences for our diverse customer base. Join our team and contribute to our mission of creating a seamless and efficient tax filing experience for millions of users.\nResponsibilities\n\u2022 Contribute to the design and development of scalable, highly-available production systems and applications\n\u2022 Roughly 80-90% hands-on technical work, delivering high-quality code, resolving bugs/defects, and delivering optimizations\n\u2022 Follow and contribute to the high engineering and operational standards within the team\n\u2022 Guide and help junior engineers with technical problems\n\u2022 Partner effectively within their scrum team to identify pain points, brainstorm, and deliver solutions to customers",
            "location": "Toronto, ON, Canada",
            "employmentType": "",
            "datePosted": "",
            "salaryRange": "",
            "jobProviders": [
                {
                    "name": "Intuit Careers",
                    "url": "https://jobs.intuit.com/job/toronto/software-developer-2/27595/68685183008?utm_campaign=google_jobs_apply&utm_source=google_jobs_apply&utm_medium=organic"
                },
                {
                    "name": "ZipRecruiter",
                    "url": "https://www.ziprecruiter.com/c/Intuit/Job/Software-Developer-2/-in-Toronto,ON?jid=f9738037e2ff9d4d&utm_campaign=google_jobs_apply&utm_source=google_jobs_apply&utm_medium=organic"
                },
                {
                    "name": "Indeed",
                    "url": "https://ca.indeed.com/viewjob?jk=41290650bca053b7&utm_campaign=google_jobs_apply&utm_source=google_jobs_apply&utm_medium=organic"
                },
                {
                    "name": "LinkedIn",
                    "url": "https://ca.linkedin.com/jobs/view/software-developer-2-at-intuit-4040494325?utm_campaign=google_jobs_apply&utm_source=google_jobs_apply&utm_medium=organic"
                },
                {
                    "name": "Glassdoor",
                    "url": "https://www.glassdoor.ca/job-listing/software-developer-2-intuit-JV_IC2281069_KO0,20_KE21,27.htm?jl=1009425140891&utm_campaign=google_jobs_apply&utm_source=google_jobs_apply&utm_medium=organic"
                },
                {
                    "name": "SimplyHired",
                    "url": "https://www.simplyhired.ca/job/ezkg2bD6xTtVdVN0WSTzHrxVb1ev0Kg3czxDYg-wKAWfac5kOlHuqA?utm_campaign=google_jobs_apply&utm_source=google_jobs_apply&utm_medium=organic"
                },
                {
                    "name": "Ladders",
                    "url": "https://www.theladders.com/job/software-developer-2-intuit-toronto-on_75832857?utm_campaign=google_jobs_apply&utm_source=google_jobs_apply&utm_medium=organic"
                },
                {
                    "name": "Taro",
                    "url": "https://www.jointaro.com/jobs/intuit/software-developer-2/?utm_campaign=google_jobs_apply&utm_source=google_jobs_apply&utm_medium=organic"
                }
            ]
        },
        {
            "jobType": "software_engineer",
            "title": "Online Software Engineer",
            "company": "Electronic Arts (EA)",
            "description": "EA SPORTS is one of the most iconic brands in entertainment \u2013 connecting hundreds of millions around the world to the sports they love through a portfolio of industry-leading video games.\n\nAt the heart of EA SPORTS is the FC franchise. EA SPORTS FC is the world's #1 best-selling video game with over 200M engaged players across multiple platforms, including console, PC, and mobile. Innovation, passion, and teamwork are at the heart of everything we do. With studios in Vancouver, Bucharest, and Cologne, we're looking for the brightest talent, so we can continue to create experiences that connect with millions of hearts and minds the world over.\n\nThe Online Software Engineer will help build networked gameplay experiences for our EA SPORTS FC franchise. We are looking for engineers who enjoy prototyping and planning, adding amazing new features to an existing and beloved game, and improving existing code. You will report to the Operations Development Director and Technical Lead to estimate, build projects and provide excellent results.\n\nYour Responsibilities\n\u2022 Use EA's Digital Platform technologies to implement server features and components.\n\u2022 Create client code to support features and improve multiplayer experiences.\n\u2022 Improve client and server online systems to improve latency, reliability, scalability, performance, and memory.\n\u2022 Design and improve on architecture and infrastructure improvements for live systems and workflows.\n\u2022 Work with partner teams to stand up and maintain online infrastructure and services for the title.\n\nYour Qualifications\n\u2022 3+ years of experience in software development with a C++ focus.\n\u2022 5+ years of experience with networked applications or features (client/server and peer-to-peer).\n\u2022 3+ years of experience developing in and debugging multi-threaded/concurrent architectures.\n\u2022 Familiarity with database technologies (e.g. MySQL, SQL, Redis).\n\u2022 Knowledge of networking protocols (e.g. TCP/IP, UDP).\n\u2022 Bachelor's degree in computer science or related field, or equivalent training and professional experience\n\nCOMPENSATION AND BENEFITS The ranges listed below are what EA in good faith expects to pay applicants for this role in these locations at the time of this posting. If you reside in a different location, a recruiter will advise on the applicable range and benefits. Pay offered will be determined based on a number of relevant business and candidate factors (e.g. education, qualifications, certifications, experience, skills, geographic location, or business needs). BASE SALARY RANGES\n\u2022 British Columbia (depending on location e.g. Vancouver vs. Victoria)\n\u2022 $115,100 - $161,200 CAD\n\nIn British Columbia, we offer a package of benefits including vacation (3 weeks per year to start), 10 days per year of sick time, paid top-up to EI/QPIP benefits up to 100% of base salary when you welcome a new child (12 weeks for maternity, and 4 weeks for parental/adoption leave), extended health/dental/vision coverage, life insurance, disability insurance, retirement plan to regular full-time employees. Certain roles may also be eligible for bonus and equity.",
            "location": "Burnaby, BC, Canada",
            "employmentType": "",
            "datePosted": "5 days ago",
            "salaryRange": "",
            "jobProviders": [
                {
                    "name": "LinkedIn",
                    "url": "https://ca.linkedin.com/jobs/view/online-software-engineer-at-electronic-arts-ea-4073742972?utm_campaign=google_jobs_apply&utm_source=google_jobs_apply&utm_medium=organic"
                },
                {
                    "name": "Levels.fyi",
                    "url": "https://www.levels.fyi/jobs?jobId=79053719588479686&utm_campaign=google_jobs_apply&utm_source=google_jobs_apply&utm_medium=organic"
                },
                {
                    "name": "Jooble",
                    "url": "https://ca.jooble.org/jdp/2454764360725553626?utm_campaign=google_jobs_apply&utm_source=google_jobs_apply&utm_medium=organic"
                },
                {
                    "name": "Kit Job",
                    "url": "https://www.kitjob.ca/job/88131600/l-867-ui-software-engineer-burnaby/?utm_campaign=google_jobs_apply&utm_source=google_jobs_apply&utm_medium=organic"
                },
                {
                    "name": "BeBee Canada Meet Opportunities",
                    "url": "https://ca.bebee.com/job/ff994dafe703abf5988b8ee65646efa2?utm_campaign=google_jobs_apply&utm_source=google_jobs_apply&utm_medium=organic"
                },
                {
                    "name": "SnapJobSearch.com CA",
                    "url": "https://ca.snapjobsearch.com/jobs/view/1854345?utm_campaign=google_jobs_apply&utm_source=google_jobs_apply&utm_medium=organic"
                },
                {
                    "name": "Jobrapido.com",
                    "url": "https://ca.jobrapido.com/jobpreview/4216480969143615488?utm_campaign=google_jobs_apply&utm_source=google_jobs_apply&utm_medium=organic"
                }
            ]
        },
        {
            "jobType": "software_engineer",
            "title": "Software Engineer (Onsite)",
            "company": "RTX",
            "description": "Date Posted:\n2024-11-07\n\nCountry:\nCanada\n\nLocation:\n104-30 Edgewater Drive, Ottawa, Ontario, K2L 1V8, Canada\n\nPosition Role Type:\nUnspecified\n\nAt Collins Aerospace, it\u2019s our people who make the difference and are the backbone of our technologies. We are currently searching for a Software Engineer to join our team in Ottawa, Canada.\n\nCollins Aerospace is a world leader in wireless communications networking, with products such as high-data-rate HF/VHF/UHF modems and the Self Configuring Relay Network (SCRN) for ad-hoc wireless networks. Collins Aerospace is developing the next generation of HF radios that support significant throughput improvements and ad-hoc networking features, as well as developing Software Defined Radio networking waveforms for customers around the world.\n\nEmploying some of the most talented, dedicated people on the planet is not by chance. People from all over the globe choose Collins Aerospace as the cornerstone of their careers, helping create and deliver communications, integration, and engineering solutions that our global customers demand so that our world keeps moving and stays connected. Join Collins Aerospace and help shape our future while creating yours.\n\nWhat You Will Do\n\u2022 Participate in specification, design and implementation of software features for radio products\n\u2022 Develop firmware to verify hardware specifications\n\u2022 Perform integration and test procedures and create reports for product compliance.\n\u2022 Participate in the on-going support of applications and products, both in-house and with clients.\n\nQualifications You Must Have\n\u2022 Must be a Canadian Citizen\n\u2022 Must either hold or be eligible for a Government of Canada Secret Level Security Clearance and Controlled Goods Access.\n\u2022 Typically requires a degree in Science, Technology, Engineering or Mathematics (STEM) and minimum 2 years of prior relevant experience or an Advanced Degree in a related field or in absence of a degree, 6 years of relevant experience\n\nQualifications We Prefer\n\u2022 Sound skills in C/C++ and real-time embedded computer architectures\n\u2022 Software development experience in Linux operating systems\n\u2022 Experience with RF testing equipment: spectrum analyzer, oscilloscope, and signal generator.\n\u2022 Version Control Systems such as git\n\u2022 Object Oriented programming skills\n\u2022 Strong communication skills, both oral and written\n\u2022 Detail oriented with strong analytical skills\n\u2022 Knowledgeable in the software life cycle including definition, requirement analysis and design, implementation, validation and support\n\u2022 Good team working ability and self-motivated with a desire to learn\n\nCollins Aerospace, a Raytheon Technologies company, is a leader in technologically advanced and intelligent solutions for the global aerospace and defense industry. Collins Aerospace has the capabilities, comprehensive portfolio and expertise to solve customers\u2019 toughest challenges and to meet the demands of a rapidly evolving global market.\n\nCollins Aerospace Diversity & Inclusion Statement:\n\nDiversity drives innovation; inclusion drives success. We believe a multitude of approaches and ideas enable us to deliver the best results for our workforce, workplace, and customers. We are committed to fostering a culture where all employees can share their passions and ideas so we can tackle the toughest challenges in our industry and pave new paths to limitless possibility.\n\nWE ARE REDEFINING AEROSPACE.\n\u2022 Please ensure the role type (defined below) is appropriate for your needs before applying to this role.\n\nOnsite: Employees who are working in Onsite roles will work primarily onsite. This includes all production and maintenance employees, as they are essential to the development of our products.\n\nRegardless of your role type, collaboration and innovation are critical to our business and all employees will have access to digital tools so they can work with colleagues around the world \u2013 and access to Collins sites when their work requires in-person meetings.\n\nNothing matters more to Collins Aerospace than our strong ethical and safety commitments. As such, all positions require a background check.\n\nAt Collins, the paths we pave together lead to limitless possibility. And the bonds we form \u2013 with our customers and with each other -- propel us all higher, again and again.\n\nApply now and be part of the team that\u2019s redefining aerospace, every day.\n\nRTX is An Equal Opportunity/Affirmative Action Employer. All qualified applicants will receive consideration for employment without regard to race, color, religion, sex, sexual orientation, gender identity, national origin, disability or veteran status, age or any other federally protected class.\n\nPrivacy Policy and Terms:\n\nClick on this link to read the Policy and Terms",
            "location": "Ottawa, ON, Canada",
            "employmentType": "",
            "datePosted": "3 days ago",
            "salaryRange": "",
            "jobProviders": [
                {
                    "name": "RTX Careers",
                    "url": "https://careers.rtx.com/global/en/job/01737786/Software-Engineer-Onsite?utm_campaign=google_jobs_apply&utm_source=google_jobs_apply&utm_medium=organic"
                },
                {
                    "name": "SimplyHired",
                    "url": "https://www.simplyhired.ca/job/6MzaHDLQaYA3hcqLMzGC4q1x3xjSOHr60TvGA031mMA2pmLfDlXsHw?utm_campaign=google_jobs_apply&utm_source=google_jobs_apply&utm_medium=organic"
                },
                {
                    "name": "Indeed",
                    "url": "https://emplois.ca.indeed.com/viewjob?jk=111b9156936145ee&utm_campaign=google_jobs_apply&utm_source=google_jobs_apply&utm_medium=organic"
                },
                {
                    "name": "PowerToFly",
                    "url": "https://powertofly.com/jobs/detail/2054054?utm_campaign=google_jobs_apply&utm_source=google_jobs_apply&utm_medium=organic"
                },
                {
                    "name": "JSfirm.com",
                    "url": "https://www.jsfirm.com/job/Engineering-Software-Engineer-(Onsite)/Ottawa-Ontario/jobID_1481540?utm_campaign=google_jobs_apply&utm_source=google_jobs_apply&utm_medium=organic"
                },
                {
                    "name": "Glassdoor",
                    "url": "https://www.glassdoor.ca/job-listing/software-engineer-onsite-collins-aerospace-JV_IC2286068_KO0,24_KE25,42.htm?jl=1009523825497&utm_campaign=google_jobs_apply&utm_source=google_jobs_apply&utm_medium=organic"
                },
                {
                    "name": "The Muse",
                    "url": "https://www.themuse.com/jobs/collinsaerospace/software-engineer-onsite-8b1d48?utm_campaign=google_jobs_apply&utm_source=google_jobs_apply&utm_medium=organic"
                },
                {
                    "name": "Uvaro",
                    "url": "https://uvaro.com/jobs/j/w9dvS3SN/ottawa?utm_campaign=google_jobs_apply&utm_source=google_jobs_apply&utm_medium=organic"
                }
            ]
        },
        {
            "jobType": "software_engineer",
            "title": "Sr. Software Engineer (Front End)",
            "company": "McGraw Hill LLC.",
            "description": "Overview\n\nImpact the Moment\n\nMcGraw Hill is a diverse and inclusive company that believes we can change the world by leveling the playing field and giving every learner an equal opportunity to succeed. We create best-in-class, next-generation learning platforms which are used by millions of students and educators worldwide. Our goal is to accelerate student success through intuitive and effective learning experience, to continually reimagine the way our customers teach and learn, simplifying the path to a better education for all.\n\nMcGraw Hill Connect is a course management and adaptive learning solution that enables millions of learners to achieve their full potential. In this role, you will be expanding Connect to put new learning tools in the hands of instructors and learners.\n\nIn this role, you will be the linchpin of the product \u2013 the technical expert for the product, sales, marketing and business teams and the product expert for the technical teams. By combining intimate knowledge of customers, strong analytical skills, and technical acumen, you will drive a holistic product vision that energizes your teammates and delights your customers.\n\nAs an education innovation company, we're proud to play our part by inspiring learners around the world. If you bring your curiosity, we'll help you grow in a collaborative environment where everyone shares a passion for success.\n\nEven if you are not currently looking for a change, we encourage you to apply now and speak to the hiring manager to learn about the opportunity.\n\nThis is a remote position open to applicants authorized to work for any employer within Canada.\n\nWhat You\u2019ll Do\n\u2022 Focusing on development, gathering requirements and creating test plans in collaboration with engineers and product managers\n\u2022 Defect management\n\u2022 Develop testing frameworks, CI/CD pipelines and make them available to the team\n\u2022 Be responsible for end-to-end delivery (tech design, development and testing) and maintenance of our products\n\u2022 Work with a talented group of engineers who believe in extreme ownership\n\nAbout You\n\u2022 5+ years front end design/development of equivalent experience is required. or\n\u2022 Strong Hands-on Experience with UI, CSS and/or JavaScript frameworks (Angular, React, Bootstrap, Materialize, Vue.JS, etc.)\n\u2022 Experience with modern HTML5, JavaScript (ES6+) and CSS3.\n\u2022 Strong experience with Playwright Automation framework.\n\u2022 Experience with RESTFUL and asynchronous programming.\n\u2022 Experience working on NodeJS.\n\u2022 Knowledge of UI/UX design Principles.\n\u2022 Knowledge of CI/CD pipeline, experience in GitHub Actions will be preferred.\n\u2022 Experience with AWS services.\n\u2022 Familiarity with version control systems (e.g., Git).\n\u2022 Experience in micro services and cloud native applications using Spring Boot.\n\u2022 Experience with working on Databases, SQLs.\n\u2022 Willingness to learn new technologies\n\nBonus\n\u2022 Experience using Java/J2EE applications and using various Open source and proprietary frameworks - Spring, hibernate etc.\n\u2022 Bachelor's Degree in Computer Science\n\nWhy McGraw Hill?\n\nThe work you do at McGraw Hill will be work that matters. We are collectively designing content that will build the future of education. Play your part and experience a sense of fulfilment that will inspire you to even greater heights.\n\nMcGraw Hill recruiters always use a \u201c@mheducation.com\u201d email address and/or from our Applicant Tracking System, iCIMS. Any variation of this email domain should be considered suspicious. Additionally, McGraw Hill recruiters and authorized representatives will never request sensitive information in email.\nCAN002",
            "location": "Canada",
            "employmentType": "",
            "datePosted": "",
            "salaryRange": "",
            "jobProviders": [
                {
                    "name": "McGraw Hill Careers",
                    "url": "https://careers.mheducation.com/jobs/4722?lang=en-us&utm_campaign=google_jobs_apply&utm_source=google_jobs_apply&utm_medium=organic"
                },
                {
                    "name": "LinkedIn",
                    "url": "https://ca.linkedin.com/jobs/view/sr-software-engineer-front-end-at-mcgraw-hill-4006636912?utm_campaign=google_jobs_apply&utm_source=google_jobs_apply&utm_medium=organic"
                },
                {
                    "name": "Levels.fyi",
                    "url": "https://www.levels.fyi/jobs?jobId=79207276480471750&utm_campaign=google_jobs_apply&utm_source=google_jobs_apply&utm_medium=organic"
                },
                {
                    "name": "WhatJobs",
                    "url": "https://en-ca.whatjobs.com/job/Sr-Software-Engineer/Canada/80575307?utm_campaign=google_jobs_apply&utm_source=google_jobs_apply&utm_medium=organic"
                }
            ]
        },
        {
            "jobType": "software_engineer",
            "title": "Software Engineer II (DevSecOps Engineer)",
            "company": "Planview Incorporated",
            "description": "Company Overview\n\nPlanview has one mission: to build the future of connected work, from ideas to impact.\n\nAs the global leader in work and resource management, Planview helps organizations accelerate the achievement of what matters most, supporting our customers from need to speed, from passion to progress, and from overhead to optimization. We provide the industry\u2019s most comprehensive solutions designed for strategic planning, portfolio and resource management, Lean and Agile delivery, product portfolio management, capability, and technology management (enterprise architecture), innovation management, and collaborative work and project management. Our connected platform of solutions underpins the business and digital transformations of more than 4,500 customers globally, including 59 of the Fortune 100.\n\nAt Planview, our people connections drive our innovation and success. Our global team of 1400+ work remotely and across our offices including Austin, Vancouver, Hod Hasharon, Bangalore, Sydney, and Stockholm. We\u2019re proud of our world-class, connected culture built on our shared values, that supports our teams to be successful from anywhere.\n\nLearn more about our portfolio at planview.com, and connect with us on LinkedIn, Instagram, and X.\n\n#LI-CG1 #LI-Hybrid\n\nThe Opportunity\n\nWe\u2019re seeking a\u202fSoftware Engineer II (DevSecOps Engineer)\u202fto join our Flow Platform team in\u202fVancouver, BC. This is a hybrid role, and teams are expected to be in office once or twice a week. In this role, you will contribute to the company\u2019s foundation of cloud platform and operational excellence by building and refining infrastructure and operations for Planview\u2019s offerings. From crafting automation to ease deployments for our engineering teams to improving resilience of our platform infra, your position will offer opportunities for wide-ranging impact and responsibility. As a member of our growing Flow Platform team, you will work closely with stakeholders to provide services required for our engineering teams to develop, deploy, and operate their software services with confidence and speed. Contribute to the design of cross-cutting technical solutions that increases efficiency and reduces the operational toil within the company.\n\nWhat You'll Do\n\u2022 Implement features and bug fixes for automation services that Planview Digital Product Development relies on to provide quality software.\n\u2022 Build and enhance tools to support developer productivity and robust development services and infrastructure.\n\u2022 Provide comprehensive monitoring and actionable alerts to bring our SLOs to life. This includes our infrastructure and infrastructure we provide as a service to Product Development ensuring trustworthy alerts and relevant service quality feedback.\n\u2022 Communicate ideas effectively to fellow team members and business stakeholders through technical assessments, scrum meetings, demos, incidents, etc.\n\u2022 Participate in on-call rotation, incident remediations, abiding to SLA's\n\nWhat You'll Bring\n\u2022 Expected Salary Range for this role: 95,000 CAD to 120,000 CAD\n\u2022 Looking for 3 to 6 years of experience.\n\u2022 We are predominantly on AWS, so comprehensive knowledge of the AWS cloud ecosystem is required\n\u2022 Interest in automation, identifying gaps and ways to improvement them through automation and taking the lead on initiatives with help from our co-operative team\n\u2022 Experience with continuous integration/deployment tooling such as Jenkins, Travis CI, or GitHub Actions, ArgoCD, Bitbucket Pipelines etc.,\n\u2022 Familiarity with infrastructure and Configuration Management tooling such as Terraform, Cloud Formation, Ansible, Chef or Puppet.\n\u2022 Experience with containerization technologies such as Docker.\n\u2022 Experience working with version control software such as Git.\n\u2022 Professional experience with scripting languages such as Python, Ruby, Perl, or Bash.\n\u2022 Experience working with Linux OS such as Ubuntu or CentOS.\n\u2022 Familiarity working with cloud infrastructure providers such as AWS, GCP or Azure.\nPreferred Skills:\n\u2022 Exposure or experience on Azure or other cloud providers\n\u2022 Experience operating infrastructure or applications subject to compliance such as PCI, SOC2, or HIPAA\n\nBenefits at Planview\n\nAt Planview, you\u2019ll join our global team and culture which reflects the vibrant communities in which our employees live and work. To support you at Planview, you will enjoy:\n\u2022 Unplugged Days: 4 company-wide paid days off per year to recharge and relax.\n\u2022 Generous PTO offerings (region dependent).\n\u2022 Region specific competitive benefit plans to support you at any life stage including parental leave, retirement, medical plans, wellness support, and remote work support.\n\u2022 Paid time to volunteer through Planview\u2019s Force for Good Week.\n\u2022 Employee Referral bonus program.\n\u2022 Weekly office lunches for hybrid team members and social events.\n\u2022 Flexible work hours/environment.\n\nNow is a great time to join our team. If you are looking for a place to grow your career, innovate with best-in-class solutions, and build the future of connected work, Planview is the right place for you!\n\nDiversity, Equity and Inclusion at Planview\n\nAs part of our efforts to build a workforce with diverse talent, we encourage applications from Indigenous, Black, and other racialized communities, 2SLGBTQIA+ communities, people with neurodivergence, immigrants, people with disabilities, and other equity deserving groups. In addition to building a diverse workforce, we are committed to fostering an inclusive and accessible experience.\n\nReasonable accommodations for the interview process can be requested by emailing recruitment@planview.com.",
            "location": "Vancouver, BC, Canada",
            "employmentType": "",
            "datePosted": "27 days ago",
            "salaryRange": "",
            "jobProviders": [
                {
                    "name": "Planview | Careers",
                    "url": "https://careers.planview.com/careers-home/jobs/4448?lang=en-us&utm_campaign=google_jobs_apply&utm_source=google_jobs_apply&utm_medium=organic"
                },
                {
                    "name": "Workday",
                    "url": "https://mastercard.wd1.myworkdayjobs.com/en-US/CorporateCareers/job/Software-Engineer-II_R-223097?utm_campaign=google_jobs_apply&utm_source=google_jobs_apply&utm_medium=organic"
                },
                {
                    "name": "Indeed",
                    "url": "https://ca.indeed.com/viewjob?jk=22afcaf6785e0c3b&utm_campaign=google_jobs_apply&utm_source=google_jobs_apply&utm_medium=organic"
                },
                {
                    "name": "ZipRecruiter",
                    "url": "https://www.ziprecruiter.com/c/Planview-Incorporated/Job/Software-Engineer-II/-in-Vancouver,BC?jid=beb5c0511768d0ca&utm_campaign=google_jobs_apply&utm_source=google_jobs_apply&utm_medium=organic"
                },
                {
                    "name": "LinkedIn",
                    "url": "https://ca.linkedin.com/jobs/view/software-engineer-ii-at-microsoft-4065886584?utm_campaign=google_jobs_apply&utm_source=google_jobs_apply&utm_medium=organic"
                },
                {
                    "name": "Itjobs.ca",
                    "url": "https://www.itjobs.ca/en/offer/bc/vancouver/software-engineer-ii/6e61b9ce-56d8-4083-919b-fc318bbd09cd_en/?utm_campaign=google_jobs_apply&utm_source=google_jobs_apply&utm_medium=organic"
                },
                {
                    "name": "Glassdoor",
                    "url": "https://www.glassdoor.ca/job-listing/software-engineer-ii-microsoft-JV_IC2278756_KO0,20_KE21,30.htm?jl=1009508877569&utm_campaign=google_jobs_apply&utm_source=google_jobs_apply&utm_medium=organic"
                },
                {
                    "name": "Techjobs.ca",
                    "url": "https://www.techjobs.ca/en/offer/bc/vancouver/software-design-engineer-ii/61d7c454-85f7-48a2-aa76-84c9d0a90961_en/?utm_campaign=google_jobs_apply&utm_source=google_jobs_apply&utm_medium=organic"
                }
            ]
        },
        {
            "jobType": "software_engineer",
            "title": "Senior Staff Software Engineer",
            "company": "Posting Date:07/ 08/2024",
            "description": "161 Bay Street (93021), Canada, Toronto,Toronto, Ontario,\n\nSenior Staff Software Engineer\n\nSenior Staff Software Engineer\n\nThis is a senior technical position (senior manager equivalent). This role does not have direct reports. We require advanced enterprise solutions architecture design, technical system design, and hands-on software development.\n\nAbout Capital One Canada.\n\nWe've been helping millions of Canadians for over 20 years by providing them with access to credit when others wouldn\u2019t. We're on a journey to put our customers first, and keep them there, by building modern technology solutions to simplify and humanize the world of credit cards. We have the positive energy of a startup, with the advantages of a big company.\n\nOur Capital One Software Studio.\n\nSince 2014, Capital One Canada\u2019s software studio has grown from a team of 10 to a team of over 270. We\u2019re passionate about what we do, and we\u2019re always on the lookout for people who want to make a difference in the world of credit through technology. We\u2019re obsessed with doing the right thing, and we achieve that by finding innovative ways to better serve our customers.\n\nWorking with us.\n\nHow do we do things at Capital One Canada? We listen \u2014 to our people, and to our customers. We change with the times and have adopted a flexible hybrid model. Associates working in the hybrid model are expected to come into the office 3 days a week across Tuesdays and Thursdays, reserving Mondays and Fridays as company-wide virtual days. As was true before the pandemic, expectations of being in the office will be balanced with personal life flexibility.\n\nAt Capital One we\u2019re committed to diversity, inclusion and belonging. We strive to build a culture where diverse perspectives are valued, innovative ideas are encouraged and inclusive behaviors are embedded in everything we do to positively impact associates. Strive to build a culture where diverse perspectives are valued, innovative ideas are encouraged and to help challenge the status quo and create the best outcomes for everyone.\n\nWe\u2019re focused on helping associates live well\u2014physically, financially and emotionally. When you join us, we support you and those who are most important to you, offering full coverage for spouses, domestic partners, and dependents. We\u2019ve designed our benefits program to be flexible, comprehensive and consistent across our organization. From health and fitness center discounts, to training and professional development programs\u2014and much more\u2014you\u2019ll discover that Capital One is committed to helping you live your best life.\n\nA day in the life of a Capital One Staff Engineer\n\nAs a Solution Architect at Capital One Software Studio, you will orchestrate the creation of technology solutions that align with our business goals. Your day begins with a review of ongoing solution designs that are in different phases of their life cycles. You'll spend your time designing scalable and secure solution architectures, evaluating new technologies, and overseeing the development of high-level designs (HLD). You will engage in dynamic collaboration with cross-functional teams to advocate for best practices in architecture and design. For the new projects, you will closely work with your business partners to create sound business architectures. By day's end, you will have contributed to solutions and strategies that will shape our future, ensuring that all solutions are not only innovative but also follow our architectural and security standards.\n\nHere are a few of the ways we\u2019re helping people take control of their credit:\n\u2022 Helping customers view and monitor their credit scores with Credit Keeper\n\u2022 Enabling customers to view and edit their Personal Information directly in the Mobile App\n\u2022 Providing customers 100% certainty which credit cards they\u2019ll be approved for before they apply, by using Quick Check\u2122\n\nWe\u2019re all-in on the cloud and we\u2019re leaders in the adoption of open source, RESTful APIs, microservices, and containers. We build our own products and release them with a speed and agility that allows us to get new customer experiences to market quickly. And, as a founder-led company, we\u2019re inspired to make, break, do, and do good. So, let's do something great together.\n\nWant to learn more? Check out life at Capital One in the Software Studio!\n\nResponsibilities:\n\u2022 Design and implement architectural solutions that align with Capital One Canada's business goals and adhere to our architectural framework.\n\u2022 Develop and maintain a comprehensive catalog of technical and business capabilities, ensuring alignment with strategic objectives.\n\u2022 Lead the creation and review of Architectural Decision Records (ADRs) and High-Level Design (HLD) documents.\n\u2022 Actively participate in governance forums such as the Architectural Review Board ensuring compliance with internal and external standards.\n\u2022 Collaborate with stakeholders across all levels to promote technology strategies that deliver better business value and innovation.\n\u2022 Mentor and lead teams in the adoption of architectural best practices and continuous improvement initiatives.\n\nBasic Requirements:\n\u2022 Bachelor's Degree\n\u2022 At least 8 years of experience in Software Engineering and Systems Architecture or Technology Solution design\n\u2022 Certification in TOGAF, AWS, or other relevant architectural frameworks.\n\u2022 3+ years of experience as a Solutions Architect in large/complex organizations\n\u2022 At least 2 years of experience creating solutions architectures in a public cloud (AWS, Microsoft Azure, Google Cloud)\n\nPreferred Qualifications\n\u2022 Master\u2019s Degree in Computer Science, Engineering or Information Technology\n\u2022 10+ years of experience in software engineering\n\u2022 8+ years of experience architecting, designing, and/or delivering scalable and decoupled systems in a heavily regulated technology environment\n\u2022 3+ years of experience working with internal and external business clients\n\u2022 2+ years of experience with AWS concepts and implementations\n\u2022 Experience to engaging, influencing and driving initiatives by partnering with technology executives\n\u2022 Experience mentoring software engineers or architects\n\u2022 Experience in a regulated environment (HIPAA, PCI, Privacy, etc)\n\u2022 Ability to communicate at all levels in the organizations with required technical depth and breadth\n\u2022 AWS or equivalent certifications (Cloud Practitioner, Solution Architect-Associate)\n\nWe may use your information for automated decision making. We may, for certain purposes, render a decision based exclusively on automated processing of your personal information as a part of the candidate screening process.\n\nCapital One Canada is an equal opportunity employer committed to fostering a diverse and inclusive work environment. We consider all qualified applicants and will meet the needs of those requiring reasonable accommodations.\n\nIf you have visited our website in search of information on employment opportunities or to apply for a position, and you require an accommodation, please contact Capital One Recruiting at 1-800-304-9102 or via email at RecruitingAccommodation@capitalone.com. All information you provide will be kept confidential and will be used only to the extent required to provide needed reasonable accommodations.\n\nFor technical support or questions about Capital One's recruiting process, please send an email to Careers@capitalone.com\n\nCapital One does not provide, endorse nor guarantee and is not liable for third-party products, services, educational tools or other information available through this site.\n\nCapital One Financial is made up of several different entities. Please note that any position posted in Canada is for Capital One Canada, any position posted in the United Kingdom is for Capital One Europe and any position posted in the Philippines is for Capital One Philippines Service Corp. (COPSSC).",
            "location": "Toronto, ON, Canada",
            "employmentType": "",
            "datePosted": "",
            "salaryRange": "",
            "jobProviders": [
                {
                    "name": "Capital One",
                    "url": "https://www.capitalonecareers.ca/job/toronto/senior-staff-software-engineer/1733/65694211808?utm_campaign=google_jobs_apply&utm_source=google_jobs_apply&utm_medium=organic"
                },
                {
                    "name": "Indeed",
                    "url": "https://emplois.ca.indeed.com/viewjob?jk=dabde828c180d0c3&utm_campaign=google_jobs_apply&utm_source=google_jobs_apply&utm_medium=organic"
                },
                {
                    "name": "Built In Toronto",
                    "url": "https://builtintoronto.com/job/senior-staff-software-engineer/2766891?utm_campaign=google_jobs_apply&utm_source=google_jobs_apply&utm_medium=organic"
                },
                {
                    "name": "LinkedIn",
                    "url": "https://ca.linkedin.com/jobs/view/senior-staff-software-engineer-at-capital-one-4021674809?utm_campaign=google_jobs_apply&utm_source=google_jobs_apply&utm_medium=organic"
                },
                {
                    "name": "Talent.com",
                    "url": "https://ca.talent.com/view?id=9a8890b3cd62&utm_campaign=google_jobs_apply&utm_source=google_jobs_apply&utm_medium=organic"
                },
                {
                    "name": "Ladders",
                    "url": "https://www.theladders.com/job/senior-staff-software-engineer-capitalonefinancialcorporation-toronto-on_76785077?utm_campaign=google_jobs_apply&utm_source=google_jobs_apply&utm_medium=organic"
                },
                {
                    "name": "Taro",
                    "url": "https://www.jointaro.com/jobs/affirm/senior-staff-software-engineer-online-infrastructure-8e489bc6/?utm_campaign=google_jobs_apply&utm_source=google_jobs_apply&utm_medium=organic"
                },
                {
                    "name": "Blind",
                    "url": "https://www.teamblind.com/jobs/122976173?utm_campaign=google_jobs_apply&utm_source=google_jobs_apply&utm_medium=organic"
                }
            ]
        },
        {
            "jobType": "software_engineer",
            "title": "Software Development Engineer",
            "company": "Inkeros",
            "description": "Inkeros is seeking a highly skilled and experienced Software Development Engineer to design, develop, and document high-quality, fully functional code that aligns with project goals and supports the IT team\u2019s success.\n\nEXPECTED OUTCOMES AND DELIVERABLES\n\nDesign, develop and document complex debugged code with required documentation; Provide technical and functional direction with the development team\n\u2022 Understand and assess business needs to provide technical and functional direction to scaffold into technical solutions\n\u2022 Write high-quality code that is maintainable, scalable, and performant\n\u2022 Create and maintain thorough technical documentation, including documentation that outlines integration points between the front-end and back-end systems\n\u2022 Use debugging tools and techniques to identify, diagnose, and resolve technical issues\n\u2022 Participate in code reviews; provide feedback to team members and seek feedback to improve code\n\u2022 Ensure product is able to scale up and down in capacity when needed\n\u2022 Stay current with new technologies and industry trends and provide recommendations for improvement\n\u2022 Conduct regular data analysis, investigative / troubleshooting analysis, generate and build reports, solve data-related issues and help build or improve existing or new automations and/or integrations\n\nCreate technical and functional solutions to meet requirements; Collaborate with developers, engineers and other stakeholders to ensure seamless integration and functionality\n\u2022 Work with the Platform Manager and business stakeholders to gather, understand and receive feedback on the functional and non-functional requirements and functionality\n\u2022 Translate requirements into technical designs and work with the development team to build them\n\u2022 Work with the Solution Architect to implement architectural designs and ensure that coding aligns with the overall architecture and help design the overall architecture of the platform\n\u2022 Help define the structure, components, modules, interfaces and data specified requirements\n\u2022 Write, test and main code to meet the functional and technical requirements of the solution\n\u2022 Ensure designs align with the overall business goals and objectives\n\u2022 Collaborate with other developers and engineers to ensure codebase is aligned with the design vision and that the user interface is intuitive and easy to use\n\u2022 Identify potential risks and develop strategies to mitigate them\n\u2022 Anticipating challenges related to technology, scalability, security, and integration issues and proactively address potential risks\n\nProvide accurate work estimations and ensure projects are completed according to schedule\n\u2022 Regularly communicate with the Platform Manager and teammates about progress towards milestones\n\nUse assigned work tools to coordinate ongoing development initiatives and daily tasks\n\u2022 Monitor tickets on a daily basis to ensure assigned tickets are up to date and responded to appropriately\n\u2022 Ensure tickets maintain a high level of communication, and teammates are kept appropriately informed\n\nFollow and promote best practices and performance standards\n\u2022 Assist in building and documenting workflows, procedures, and policies\n\u2022 Serve as a positive example to promote adherence to established performance standards\n\nREQUIRED COMPETENCIES\n\u2022 Detail oriented: Pays close attention to particulars; completes tasks with a high degree of accuracy; understands how details affect work output\n\u2022 Informing: Consistently provides the information people need to complete their jobs; proactively updates on changes to deadline and deliverables; is timely with information\n\u2022 Teamwork: Works cooperatively across teams and organizational boundaries to achieve shared goals\n\u2022 Adaptability: Adapts their approach as the requirements of a situation change; easily accepting changes in their work environment or job requirements\n\u2022 Continuous Learning: Possesses willingness and ability to learn by regularly upgrading their skills, increasing knowledge to enhance personal and organizational performance\n\u2022 Follow through: Keeps tasks moving forward and sees projects through to completion; is self-directed; takes responsibility for personal actions and outcomes\n\u2022 Problem solving: Understands work-related problems or situations and takes action to resolve them appropriately; able to break problems down into component parts and analyse before providing a solution\n\u2022 Communication: Interacts with teammates and stakeholders effectively, understands issues and provides proposals; Provides clear and concise documentation; Provides and receives information of varying complexity with ease, achieving desired communication outcomes\n\nTECHNICAL SKILLS & PROVEN PROFICIENCY\n\u2022 Cloud Computing experience\n\u2022 GCP Service proficiency (Compute Engine, CloudRun, Cloud SQL, Cloud Storage, BigQuery and others)\n\u2022 Django Framework proficiency\n\u2022 Python proficiency (pandas; NumPy; Matplotlib; BeautifulSoup; Selenium; Whisper, OpenAI)\n\u2022 JavaScript, TypeScript proficiency\n\u2022 PostgreSQL proficiency\n\u2022 Git & Gitflow Workflow proficiency\n\u2022 Proficient in Linux OS (Ubuntu)\n\u2022 Proficient in PowerBI or Tableau\n\u2022 Docker familiarity\n\nEDUCATION AND EXPERIENCE\n\u2022 Required to pursue and stay up to date with training modules, courses, and certifications if/when prescribed by Inkeros, including GCP certifications\n\u2022 Post-secondary education in a related area is an asset\n\u2022 Proven experience in all mentioned technologies",
            "location": "Ontario, Canada",
            "employmentType": "",
            "datePosted": "3 days ago",
            "salaryRange": "",
            "jobProviders": [
                {
                    "name": "LinkedIn",
                    "url": "https://ca.linkedin.com/jobs/view/software-development-engineer-at-inkeros-4076662092?utm_campaign=google_jobs_apply&utm_source=google_jobs_apply&utm_medium=organic"
                },
                {
                    "name": "Indeed",
                    "url": "https://ca.indeed.com/viewjob?jk=5c5311ea6ef982af&utm_campaign=google_jobs_apply&utm_source=google_jobs_apply&utm_medium=organic"
                },
                {
                    "name": "SimplyHired",
                    "url": "https://www.simplyhired.ca/job/bAb7APIzqfzoxvc4wm8X5c7T1lVtJ2b8ojfLw-WTH29srDis1JVElw?utm_campaign=google_jobs_apply&utm_source=google_jobs_apply&utm_medium=organic"
                },
                {
                    "name": "Jobs Trabajo.org",
                    "url": "https://ca.trabajo.org/job-3051-05c88db90f6602f1c6131bb7ade19240?utm_campaign=google_jobs_apply&utm_source=google_jobs_apply&utm_medium=organic"
                },
                {
                    "name": "Talentify",
                    "url": "https://www.talentify.io/job/software-development-engineer-nepean-on-ca-government-of-canada-42450565?utm_campaign=google_jobs_apply&utm_source=google_jobs_apply&utm_medium=organic"
                }
            ]
        },
        {
            "jobType": "software_engineer",
            "title": "Senior Software Engineer",
            "company": "Synopsys",
            "description": "Synopsys is searching for an enthusiastic and creative Software Engineer to contribute to the MetaWare compiler tools.\n\u202f\n\nThe MetaWare software development toolchain for the Synopsys' DesignWare\u00ae ARC\u00ae family of processors is used in a variety of market segments such as internet of things, automotive, industrial, storage, communication, mobile, and digital home; by over 275 customers worldwide who collectively ship more than 2.5 billion chips annually.\n\nThe Role:\n\nAs a Software Engineer you will have responsibility for:\n\u2022 Develop efficient compiler optimizations and code generation for Synopsys ARC architectures.\n\u2022 Implement new programming models for new ARC cores and architecture extensions in the compiler toolchain.\n\u2022 Maintain and optimize the current set of ARC compiler tools.\n\u2022 Interact with the LLVM community and contribute where necessary.\n\u2022 Interact with other software and hardware teams to provide compiler and tools perspective for the processor design as well as application design.\n\u2022 Perform various benchmarking and testing tasks to improve the quality of the compiler products.\n\u2022 Assist product marketing and product support teams in pre and post sales situations.\n\nRequirements\n\u2022 You have a BS/MS degree in Computer Science/Engineering, or related field.\n\u2022 You have 5+ years of related experience.\n\u2022 You have excellent C++ programming skills.\n\u2022 You have solid problem solving and analytical skills.\n\u2022 You have basic knowledge of processor architectures.\n\u2022 You have experience with development in the LLVM project.\n\u2022 You are passionate about compiler front-end, optimization and code generation tools.\n\u2022 You have excellent teamwork and communication skills.\n\nThe following qualifications are a plus:\n\u2022 Experience in these areas: LLVM, GCC, MLIR, Neural Networks, SYCL, OpenCL, Halide, etc.\n\u2022 Experience with the implementation of embedded processor development tools.\n\u2022 Experience with RISC-V, RVV, VLIW, Vector and/or DSP architectures.\n\nSynopsys offers a stimulating work environment with international contacts, high flexibility, and an attractive compensation package. You will work with highly professional and motivated colleagues who value your contribution.\n\u202f\n\nMore information on ARC processors can be found on www.synopsys.com/arc.\nMore information on the ARC MetaWare Development Toolkit can be found on www.synopsys.com/metaware.\n\nAt Synopsys, we\u2019re at the heart of the innovations that change the way we work and play. Self-driving cars. Artificial Intelligence. The cloud. 5G. The Internet of Things. These breakthroughs are ushering in the Era of Smart Everything. And we\u2019re powering it all with the world\u2019s most advanced technologies for chip design and software security. If you share our passion for innovation, we want to meet you.",
            "location": "Markham, ON, Canada",
            "employmentType": "",
            "datePosted": "19 days ago",
            "salaryRange": "",
            "jobProviders": [
                {
                    "name": "Synopsys Careers",
                    "url": "https://careers.synopsys.com/job/markham/senior-software-engineer/44408/72135138960?utm_campaign=google_jobs_apply&utm_source=google_jobs_apply&utm_medium=organic"
                },
                {
                    "name": "Indeed",
                    "url": "https://emplois.ca.indeed.com/viewjob?jk=256c1a48881c8eb3&utm_campaign=google_jobs_apply&utm_source=google_jobs_apply&utm_medium=organic"
                },
                {
                    "name": "Glassdoor",
                    "url": "https://www.glassdoor.ca/job-listing/senior-software-engineer-synopsys-JV_IC2280736_KO0,24_KE25,33.htm?jl=1009508138416&utm_campaign=google_jobs_apply&utm_source=google_jobs_apply&utm_medium=organic"
                },
                {
                    "name": "SimplyHired",
                    "url": "https://www.simplyhired.ca/job/hBR32cvqCg5xQIgCZbRbX1pUBXxqmdZufF4hIB4Y8cRXLQcL4DTCCQ?utm_campaign=google_jobs_apply&utm_source=google_jobs_apply&utm_medium=organic"
                },
                {
                    "name": "WorkNation",
                    "url": "https://worknation.ca/job/senior-software-engineer-automotive/?utm_campaign=google_jobs_apply&utm_source=google_jobs_apply&utm_medium=organic"
                },
                {
                    "name": "Jobs Trabajo.org",
                    "url": "https://ca.trabajo.org/job-3026-1e6098deea5323965c5147a08c3282a3?utm_campaign=google_jobs_apply&utm_source=google_jobs_apply&utm_medium=organic"
                },
                {
                    "name": "Jobillico",
                    "url": "https://www.jobillico.com/en/job-offer/synopsysmPwvLk/senior-software-engineer/14763149?utm_campaign=google_jobs_apply&utm_source=google_jobs_apply&utm_medium=organic"
                },
                {
                    "name": "LinkedIn",
                    "url": "https://ca.linkedin.com/jobs/view/senior-software-engineer-at-synopsys-inc-4064487479?utm_campaign=google_jobs_apply&utm_source=google_jobs_apply&utm_medium=organic"
                }
            ]
        }
    ]
}