{
    "jobs": [
        {
            "jobType": "web_designer",
            "title": "Web Designer & Developer",
            "company": "Apple Blueprints",
            "description": "Overview\nWe are seeking a creative and detail-oriented Web Designer to join our dynamic team. The ideal candidate will possess a strong understanding of web development principles and have experience in designing user-friendly, visually appealing websites. This role requires collaboration with various stakeholders to create engaging online experiences that align with our brand's vision and goals.\n\nResponsibilities\n\u2022 Design and develop responsive websites that enhance user experience across various devices.\n\u2022 Collaborate with developers, marketing teams, and other stakeholders to gather requirements and translate them into functional designs.\n\u2022 Utilize design tools such as Balsamiq, Axure, and Sketch to create wireframes, prototypes, and high-fidelity mockups.\n\u2022 Maintain and update existing websites, ensuring they are optimized for performance and usability.\n\u2022 Implement front-end technologies including SCSS and Adobe Flash to enhance website functionality.\n\u2022 Conduct usability testing and gather feedback to continuously improve website design.\n\u2022 Manage website content using MySQL databases and ensure seamless integration with back-end systems.\n\u2022 Stay updated on industry trends, best practices, and emerging technologies to keep our web presence competitive.\n\nRequirements\n\u2022 Proficiency in web development languages such as HTML, CSS, and JavaScript.\n\u2022 Experience with design software including Balsamiq, Axure, Sketch, and Telerik.\n\u2022 Familiarity with database management systems like MySQL.\n\u2022 Strong understanding of website maintenance practices.\n\u2022 Knowledge of SEO principles and Google Analytics for tracking website performance.\n\u2022 Excellent attention to detail with a keen eye for aesthetics and user experience.\n\u2022 Ability to work collaboratively in a fast-paced environment while managing multiple projects simultaneously.\n\u2022 Strong communication skills to effectively present ideas and concepts.\n\nJoin us in creating innovative web solutions that captivate users and drive engagement!\n\nJob Types: Full-time, Permanent\n\nPay: $70,000.00-$85,000.00 per year\n\nAdditional pay:\n\u2022 Bonus pay\n\u2022 Commission pay\n\u2022 Overtime pay\n\u2022 Signing bonus\n\u2022 Tips\n\nBenefits:\n\u2022 Dental care\n\u2022 Paid time off\n\u2022 Work from home\n\nFlexible language requirement:\n\u2022 French not required\n\nSchedule:\n\u2022 Monday to Friday\n\nWork Location: Remote",
            "location": "Canada",
            "employmentType": "",
            "datePosted": "1 month ago",
            "salaryRange": "",
            "jobProviders": [
                {
                    "name": "Indeed",
                    "url": "https://ca.indeed.com/viewjob?jk=c9863608099ee776&utm_campaign=google_jobs_apply&utm_source=google_jobs_apply&utm_medium=organic"
                },
                {
                    "name": "Glassdoor",
                    "url": "https://www.glassdoor.ca/job-listing/web-designer-developer-apple-blueprints-JV_KO0,22_KE23,39.htm?jl=1009491724982&utm_campaign=google_jobs_apply&utm_source=google_jobs_apply&utm_medium=organic"
                }
            ]
        },
        {
            "jobType": "web_designer",
            "title": "Freelance Website Designer",
            "company": "Websharx",
            "description": "JOB TYPE: FREELANCE (REMOTE / WORK FROM HOME)\n\nCOMPENSATION: Starting at $28/hr\n\nTHE ROLE:\n\nDo you love transforming businesses and brands into the online world? Do you enjoy working with clients from various industries and of all sizes? Do you call yourself a web design wizard or WordPress expert? If you answered yes to these questions, then this is the position for you! Web Sharx works in a unique and fast-paced environment, servicing various clients by embracing new ways of thinking to reach businesses (B2B) and consumers (B2C) most effectively. Learn more and join our team today!\n\nRESPONSIBILITIES:\n\u2022 Effectively meet client objectives and needs through the use of website design tools\n\u2022 Ability to work with cross-functional partners and team members\n\u2022 Open and willing to accept constructive feedback from clients and implement solutions to effectively action against feedback\n\u2022 Very responsive and attentive throughout the entire timeline of client projects, providing updates to the team\n\u2022 Ability to validate functional requirements of each project and provide key recommendations\n\u2022 Strives to stay up to date with the latest technology and software to keep ahead of website development trends and changes\n\nREQUIREMENTS AND QUALIFICATIONS:\n\u2022 A minimum of 3 years experience as a website designer or related position\n\u2022 Completed or currently completing a business or technology degree at an educational institution\n\u2022 Expert in WordPress, Shopify and related content-management systems\n\u2022 Experienced in writing codes: HTML5, CSS3, PHP, JavaScript\n\u2022 Experienced with mobile-responsive and cross-browser designs\n\u2022 Established background in graphic design tools such as Adobe Creative Suite\n\u2022 Understanding of company\u2019s core competencies and knowledge of the website development industry\n\u2022 Extremely detail-oriented and organized\n\u2022 Great decision making skills and avid problem-solver\n\u2022 Excellent writing, speaking and communication skills\n\u2022 Interested in the technology industry!",
            "location": "Toronto, ON, Canada",
            "employmentType": "",
            "datePosted": "",
            "salaryRange": "",
            "jobProviders": [
                {
                    "name": "Indeed",
                    "url": "https://ca.indeed.com/viewjob?jk=f24740da6997d557&utm_campaign=google_jobs_apply&utm_source=google_jobs_apply&utm_medium=organic"
                },
                {
                    "name": "Workopolis",
                    "url": "https://www.workopolis.com/jobsearch/viewjob/8zjbI5LhEsNqJ0cewPWArX5egOFXYhs8BJfZQ7eXjE8HBAAHgTFJf5xW_VvdiGcZ?utm_campaign=google_jobs_apply&utm_source=google_jobs_apply&utm_medium=organic"
                },
                {
                    "name": "SimplyHired",
                    "url": "https://www.simplyhired.ca/job/ebZHtsdZ7bsqwRh8Mm8vJ4qLwH77VeZin-4sepZYQiG4DfFT2SohXQ?utm_campaign=google_jobs_apply&utm_source=google_jobs_apply&utm_medium=organic"
                },
                {
                    "name": "BeBee Canada Meet Opportunities",
                    "url": "https://ca.bebee.com/job/a0cf74bae882facad9ab25d74777f1ec?utm_campaign=google_jobs_apply&utm_source=google_jobs_apply&utm_medium=organic"
                },
                {
                    "name": "Www.biregra.com",
                    "url": "https://www.biregra.com/ca/jobad/f24740da6997d557/9307679650/8282504725/freelance-website-designer?utm_campaign=biregra_bahiarh&utm_source=bahiarh&utm_medium=referal&utm_campaign=google_jobs_apply&utm_source=google_jobs_apply&utm_medium=organic"
                }
            ]
        },
        {
            "jobType": "web_designer",
            "title": "Product/Web Designer",
            "company": "OpusClip",
            "description": "About OpusClip\n\nOpus is the world's No.1 AI video agent for social media.\n\nBacked by DCM, Fellows Fund, AI Grant, and many other institutional investors, we are building a fully distributed global team and a universal product. As one of the world's fastest-growing AI startups, we have 6+ million users in just over 8 months after the launch.\n\nMore information: https://www.linkedin.com/company/opusclip\n\nPlease submit a resume and portfolio.\n\nA Designer's Day In The Life\n\u2022 Internally own, maintain, and evolve OpusClip's brand\n\u2022 Translate complex concepts into compelling visual assets across touchpoints, including websites, graphics, UI, emails, and social ads.\n\u2022 Collaborate with cross-functional teams to ensure consistent brand execution\n\u2022 Manage projects ranging from simple requests to complex marketing initiatives\n\u2022 Stay ahead of trends and bring innovative ideas to elevate the brand\n\u2022 Produce production-ready assets using Adobe Suite or Figma\n\u2022 Utilize Lark for internal communication, file delivery, and project management\n\nYou Will Thrive In This Role If\n\u2022 3-5+ years of professional graphic design experience, with a focus on digital marketing for tech\n\u2022 Strong portfolio demonstrating high-quality, impactful work across digital and web-based projects\n\u2022 Expertise in translating complex ideas into visually appealing assets\n\u2022 Excellent typography, color theory, and layout skills\n\u2022 Effective collaboration and communication, working well with an international team\n\u2022 Ability to manage time, prioritize tasks, and meet deadlines with minimal supervision\n\u2022 Attention to detail in grasping multiple design requirements\n\u2022 Comfortable in a fast-paced, constantly changing environment\n\u2022 Takes initiative, thinks independently, and has a passion for impactful design\n\u2022 Experience facilitating creative workshops and presenting to senior leadership\n\u2022 Understanding of current design trends and best practices\n\u2022 Familiarity with motion graphics, video editing, and generative AI for innovative assets\n\u2022 Strong verbal and written English communication skills\n\u2022 Passion for social video editing is a plus",
            "location": "Burnaby, BC, Canada",
            "employmentType": "",
            "datePosted": "",
            "salaryRange": "",
            "jobProviders": [
                {
                    "name": "LinkedIn",
                    "url": "https://ca.linkedin.com/jobs/view/product-web-designer-at-opusclip-4031146796?utm_campaign=google_jobs_apply&utm_source=google_jobs_apply&utm_medium=organic"
                },
                {
                    "name": "Ca.bebee.com",
                    "url": "https://ca.bebee.com/job/464ea20819753389998d96bb1d67b62f?utm_campaign=google_jobs_apply&utm_source=google_jobs_apply&utm_medium=organic"
                }
            ]
        },
        {
            "jobType": "web_designer",
            "title": "Web designer",
            "company": "Canadawide Jobs Inc",
            "description": "Education: College/CEGEP. Tasks: Design and integrate website related code. Develop website architecture. Write, modify and test website related code. Conduct tests and perform security and quality controls. Resolve conflict situations. Operate automatic or other testing equipment to ensure product quality. Computer and technology knowledge: ASP. Adobe Photoshop. COM / COM+ / DCOM / MTS / ActiveX. HTML. JavaScript. JSP. CSS. PHP. HTML editing software. MS Office. MS Windows. API. Python. Personal suitability: Accurate. Initiative. Team player. Experience: 1 year to less than 2 years. Support for persons with disabilities: Provides awareness training to employees to create a welcoming work environment for persons with disabilities. Support for newcomers and refugees: Participates in a government or community program or initiative that supports newcomers and/or refugees. Assists with immediate settlement needs of newcomers and/or refugees (for example: housing, transportation, storage, childcare, winter clothing, etc.). Supports social and labour market integration of newcomers and/or refugees (for example: facilitating access to community resources, language training, skills training, etc.). Recruits newcomers and/or refugees who were displaced by a conflict or a natural disaster (for example: Ukraine, Afghanistan, etc.) . Support for youths: Participates in a government or community program or initiative that supports youth employment. Offers on-the-job training tailored to youth. Support for Veterans: Participates in a government or community program or initiative that supports Veterans . Support for Indigenous people: Participates in a government or community program or initiative that supports Indigenous people. Offers mentorship, coaching and/or networking opportunities for Indigenous workers . Support for mature workers: Participates in a government or community program or initiative that supports mature workers . Applies hiring policies that discourage age discrimination . Supports for visible minorities: Participates in a government or community program or initiative that supports members of visible minorities.",
            "location": "Abbotsford, BC, Canada",
            "employmentType": "",
            "datePosted": "",
            "salaryRange": "",
            "jobProviders": [
                {
                    "name": "Job Bank",
                    "url": "https://www.jobbank.gc.ca/jobsearch/jobposting/41581073?utm_campaign=google_jobs_apply&utm_source=google_jobs_apply&utm_medium=organic"
                },
                {
                    "name": "Indeed",
                    "url": "https://ca.indeed.com/viewjob?jk=c0003d1aab9f092f&utm_campaign=google_jobs_apply&utm_source=google_jobs_apply&utm_medium=organic"
                },
                {
                    "name": "Jobboom",
                    "url": "https://www.jobboom.com/fr/offre-emploi/web-designer_guichet-emplois_p3319454?ga_section=similarJobs&utm_campaign=google_jobs_apply&utm_source=google_jobs_apply&utm_medium=organic"
                },
                {
                    "name": "Workopolis",
                    "url": "https://www.workopolis.com/jobsearch/viewjob/kgLb4Kr0ayuL5LEaPkf4YcfGpgs9YJiHDWxsqHamJ6xxko9pNqBJxSJe-SlKkVfF?utm_campaign=google_jobs_apply&utm_source=google_jobs_apply&utm_medium=organic"
                },
                {
                    "name": "SimplyHired",
                    "url": "https://fr.simplyhired.ca/job/id0xq0DUIR0xwpZlLUkr6tFGVYRBgQ-jIXHmFSQqzPLxqbqzeyac8Q?utm_campaign=google_jobs_apply&utm_source=google_jobs_apply&utm_medium=organic"
                },
                {
                    "name": "Ca.bebee.com",
                    "url": "https://ca.bebee.com/job/8dad75652fdb13630b8e4e7e16bb7a8e?utm_campaign=google_jobs_apply&utm_source=google_jobs_apply&utm_medium=organic"
                },
                {
                    "name": "LinkedIn",
                    "url": "https://ca.linkedin.com/jobs/view/web-designer-at-university-of-the-fraser-valley-4070857262?utm_campaign=google_jobs_apply&utm_source=google_jobs_apply&utm_medium=organic"
                },
                {
                    "name": "JobLeads",
                    "url": "https://www.jobleads.com/ca/job/web-designer--abbotsford--e096692f715436beda0587c97aeceaa8f?utm_campaign=google_jobs_apply&utm_source=google_jobs_apply&utm_medium=organic"
                }
            ]
        },
        {
            "jobType": "web_designer",
            "title": "Web Designer",
            "company": "Newfound Recruiting",
            "description": "RESPONSIBILITIES:\n\u2022 Develop a milestone plan and timeline for the implementation of the new intranet site with estimated times for each task.\n\u2022 Submit a monthly progress report related to the plan and schedule to the Technical Authority.\n\nAny other related tasks requested by the Technical Authority.\n\u2022 A SharePoint intranet site configured according to the terms and functionalities.\n\u2022 Custom page templates that incorporate the CSA\u2019s branding based on prototypes provided by the Technical Authority\n\nQUALIFICATIONS:\n\u2022 Must have three (3) years of experience, acquired within the last five (5) years, in the development, creation and implementation of code in HTML, CSS, Java, JavaScript, .NET and XML programming.\n\u2022 Must have three (3) years of experience, acquired within the last five (5) years, in the development of intranet sites.\n\u2022 Must have two (2) years of experience, acquired within the last five (5) years, in developing intranet sites according to the Web Content Accessibility Guidelines (WCAG) 2.0.\n\u2022 Must have a Government Reliability Clearance\n\nDURATION:\n\u2022 6 months plus a 1-year extension\n\nNewFound Recruiting is a Canadian professional services company headquartered in Ottawa, Ontario, and is one of Canada\u2019s leaders in professional staffing and recruiting. Currently, NewFound Recruiting is servicing clients across Canada, having established relationships in Ontario (Toronto and Ottawa), Alberta, British Columbia, Quebec, and Newfoundland. By applying innovative techniques, we match the right candidate with the right position. Our 20 years of industry experience give you the assurance that we will provide the right answers to your difficult questions.\n\nAt NewFound, we believe that diversity and inclusion among our teammates are critical to our success. We seek to recruit, develop, and retain the most talented people from a diverse candidate pool. We are committed to providing an environment of mutual respect where equal employment opportunities are available to all applicants and teammates without regard to age, race, color, national origin, sex, gender, sexual orientation, religion, physical or mental disability, or any other category protected by law. All employment at NewFound is based on personal merit, qualifications, experience, ability, and job performance. NewFound welcomes and encourages applications from people with disabilities, and we will provide reasonable accommodations, accessible formats, and communication support upon request during the recruitment and selection process. If you require accommodation, please contact Human Resources at info@newfoundrecruiting.com.",
            "location": "Ottawa, ON, Canada",
            "employmentType": "",
            "datePosted": "9 days ago",
            "salaryRange": "",
            "jobProviders": [
                {
                    "name": "NewFound Recruiting - CATS",
                    "url": "https://newfound.catsone.com/careers/9479-General/jobs/16560913-Web-Designer?utm_campaign=google_jobs_apply&utm_source=google_jobs_apply&utm_medium=organic"
                },
                {
                    "name": "Jooble",
                    "url": "https://ca.jooble.org/jdp/9145872125904243519?utm_campaign=google_jobs_apply&utm_source=google_jobs_apply&utm_medium=organic"
                },
                {
                    "name": "Jobted",
                    "url": "https://ca.jobted.com/job/043439a496a646901a96cf66f25672ad?utm_campaign=google_jobs_apply&utm_source=google_jobs_apply&utm_medium=organic"
                },
                {
                    "name": "WhatJobs",
                    "url": "https://en-ca.whatjobs.com/job/Web-Designer/ottawa/81179750?utm_campaign=google_jobs_apply&utm_source=google_jobs_apply&utm_medium=organic"
                },
                {
                    "name": "Jobs In Canada",
                    "url": "https://jobca.org/jobs/view/web-designer-78358.html?utm_campaign=google_jobs_apply&utm_source=google_jobs_apply&utm_medium=organic"
                }
            ]
        },
        {
            "jobType": "web_designer",
            "title": "Web Designer / Front-end Developer",
            "company": "Earth Rangers",
            "description": "POSITION TITLE: Web Designer/Front-end Developer\n\nSALARY: $55,000 - $60,000, commensurate with experience\n\nREPORTS TO: Senior Manager, Digital Products\n\nDURATION: Permanent full-time\n\nLOCATION: 2 days on-site at the Earth Rangers Center in Woodbridge ON Canada, 3 days remote\n\nSTART DATE: Immediately\n\nAbout Earth Rangers:\n\nEarth Rangers is the kids\u2019 conservation organization, committed to instilling environmental\n\nknowledge, positivity, and the confidence to take action in every child in Canada. We do this\n\nthrough a suite of free programming that children can participate in at school, at home, and in\n\ntheir communities. All of these programs are educational and engaging \u2013 but more importantly,\n\nthey show children that it\u2019s not too late to help the planet and that the things we do today will\n\nmatter tomorrow.\n\nFounded as a small community organization in 2004, we have since grown to have over 50,000\n\nactive members and 300,000 alumni in every Province and Territory.\n\nAbout the Role:\n\nAre you passionate about wildlife and nature? Do you want to be part of a team on a mission to\n\ntransform children\u2019s concerns about the environment into positive action? Do you strive for pixel\n\nperfection, creating beautiful and functional web experiences? If so, we\u2019d love to hear from you!\n\nWe\u2019re seeking a creative Web Designer/Front-end Developer to join our team. Reporting to our\n\nSenior Manager of Digital Products, you will manage and design key WordPress properties,\n\nincluding: earthrangers.com, ecoheros.ca, clubs.earthrangers.com,\n\nhomeroom.earthrangers.com, and theearthrangersshop.com.\n\nWe are looking for an experienced professional with a strong portfolio in responsive web design\n\nand development, expertise in WordPress and Shopify, and a solid grasp of web best practices\n\nand maintenance. You will handle content updates, optimize site performance, and create user-\n\nfriendly, responsive designs aligned with brand and business goals.\n\nAdditionally, you\u2019ll enhance the UI/UX of web content in the Earth Rangers App, build new web\n\nproperties, and maintain existing ones. You\u2019ll collaborate across departments to ensure all\n\ncontent follows best practices and aligns with brand objectives.\n\nKey Responsibilities:\n\u2022 Website Design & Development:\n\nDesign, build, and optimize pages across all Earth Rangers web properties. Build and\n\ncustomize WordPress sites, ensuring full functionality and responsiveness.\n\u2022 Content Management & SEO:\n\nManage content updates with cross-team collaboration, ensuring relevance and SEO\n\noptimization. Implement tracking and analyze reports to drive strategy.\n\u2022 User Experience & Interface Design:\n\nDesign intuitive interfaces, create wireframes, and conduct usability testing to drive\n\ncontinuous improvement.\n\u2022 Technical Solutions:\n\nResearch, implement, and maintain third-party plugins and solutions to enhance\n\nfunctionality, ensuring security and compatibility.\n\u2022 Performance & Technical Maintenance:\n\nMonitor site performance, optimize speed, and ensure security. Coordinate with hosting\n\ncompanies to perform regular updates and backups.\n\u2022 eCommerce Management:\n\nManage eStore content and Shopify apps, ensuring seamless operation and updates.\n\nSkills & Qualifications:\n\u2022 3+ years of experience in designing and building WordPress websites and content\n\nmanagement.\n\u2022 Strong portfolio showcasing past WordPress projects and customizations.\n\n\u2022 Expertise in responsive web design, front-end development, and UX/UI principles.\n\n\u2022 Familiarity with SEO best practices and performance optimization.\n\n\u2022 Basic understanding of Google Analytics, Search Console, and traffic analysis.\n\n\u2022 Experience working with project tools such as Jira, and Confluence is an asset\n\u2022 Prior experience with projects focused on education or kids content is an asset.\n\n\u2022 Strong problem-solving skills and the ability to work independently.\n\nTechnical Skills:\n\no Proficiency in WordPress, HTML5, CSS3, JavaScript, and PHP.\n\no Experience with design tools like Elementor, TagDivComposer, Adobe Suite (XD,\n\nIllustrator, and Photoshop), and Figma.\n\no Familiarity with Shopify apps and eCommerce management.\n\no Knowledge of animation tools like Rive or other 2D animation software is an\n\nasset.\n\no Experience with testing and bug tracking in app or web settings is an asset.\n\nSoft Skills:\n\no Excellent communication and collaboration skills.\n\no Strong attention to detail and a sense of pride in ownership.\n\no Ability to manage multiple projects simultaneously and meet deadlines.\n\no Strong organizational skills, with the ability to prioritize effectively.\n\no Self-motivated with a willingness to work both independently and collaboratively.\n\no Desire to stay up-to-date with the latest digital trends and technologies.\n\no A team player with a teachable attitude.\n\no Knowledge of and commitment to continuously improving processes and\n\noptimizing assets for performance.\n\nWhy work at Earth Rangers?\n\u2022 Our competitive benefits include medical & dental coverage and life insurance. Full-time\n\nemployees are eligible for a 5% match to RRSP contributions after one year of service.\n\u2022 We close at 1pm on summer Fridays and the office shuts down between Christmas and\n\nNew Year\u2019s.\n\u2022 Access to on-site gym, free parking, and discounted shuttle service to the subway.\n\u2022 Office staff have the flexibility to work from home three days per week and can tack on\n\nremote work to vacation travel with preapproval.\n\u2022 We are situated at The Kortright Centre, a Toronto and Region Conservation Authority\n\nproperty that consists of a 325-hectare natural oasis of woodlands, walking trails and\n\nwildlife.\n\u2022 We cover the cost of preapproved professional development opportunities like courses,\n\ncertifications and conferences to help you advance in your career with Earth Rangers.\n\u2022 We work in a unique office environment where it is not unusual to see animals like Finn\n\nthe red fox or Koho, the bald eagle stop by your desk.\n\nEarth Rangers is dedicated to fostering a diverse work environment. We will consider all qualified\n\napplicants for employment. Applicants that meet the qualifications will be contacted for an\n\ninterview.\n\nEarth Rangers is committed to accommodating applicants and employees with disabilities.\n\nShould you require accommodation or this job description to be available in an accessible format,\n\nplease advise.\n\nPlease send your cover letter and resume to HR@earthrangers.com",
            "location": "Ontario, Canada",
            "employmentType": "",
            "datePosted": "",
            "salaryRange": "",
            "jobProviders": [
                {
                    "name": "Glassdoor",
                    "url": "https://www.glassdoor.ca/job-listing/web-designer-front-end-developer-earth-rangers-JV_IC2281816_KO0,32_KE33,46.htm?jl=1009487478079&utm_campaign=google_jobs_apply&utm_source=google_jobs_apply&utm_medium=organic"
                },
                {
                    "name": "SimplyHired",
                    "url": "https://www.simplyhired.ca/job/xFsUgAJzGlFC56_iL9c3Er2ueGPUOxiPHT9cdE8tpSRWiw_jPjTyBA?utm_campaign=google_jobs_apply&utm_source=google_jobs_apply&utm_medium=organic"
                }
            ]
        },
        {
            "jobType": "web_designer",
            "title": "Web designer",
            "company": "Immigration Canada Pro",
            "description": "Education: College/CEGEP. Tasks: Consult with clients to develop and document Website requirements. Prepare mock-ups and storyboards. Source, select and organize information for inclusion and design the appearance, layout and flow of the Website. Create and optimize content for Website using a variety of graphics, database, animation and other software. Research and evaluate a variety of interactive media software products. Conduct tests and perform security and quality controls. Computer and technology knowledge: Adobe Illustrator. Adobe Photoshop. Image editing software. Web service design. Desktop publishing software. Adobe Dreamweaver. Work conditions and physical capabilities: Fast-paced environment. Work under pressure. Tight deadlines. Repetitive tasks. Attention to detail. Personal suitability: Client focus. Dependability. Efficient interpersonal skills. Initiative. Judgement. Organized. Team player. Experience: 1 year to less than 2 years. Support for newcomers and refugees: Provides diversity and cross-cultural trainings to create a welcoming work environment for newcomers and/or refugees .",
            "location": "Ontario, Canada",
            "employmentType": "",
            "datePosted": "",
            "salaryRange": "",
            "jobProviders": [
                {
                    "name": "Job Bank",
                    "url": "https://www.jobbank.gc.ca/jobsearch/jobposting/42097423?utm_campaign=google_jobs_apply&utm_source=google_jobs_apply&utm_medium=organic"
                },
                {
                    "name": "Indeed",
                    "url": "https://ca.indeed.com/viewjob?jk=8affe27b21cd8d58&utm_campaign=google_jobs_apply&utm_source=google_jobs_apply&utm_medium=organic"
                }
            ]
        },
        {
            "jobType": "web_designer",
            "title": "Graphic & Web Designer",
            "company": "Kepler Canada",
            "description": "Job Overview\nWe are seeking a creative and detail-oriented Graphic Designer to join our dynamic team. The ideal candidate will possess a strong understanding of digital design principles and have the ability to translate ideas into visually compelling graphics. This role requires proficiency in various design software and a keen eye for aesthetics, ensuring that all designs align with our brand identity and meet client specifications.\n\nDuties\n\u2022 Develop and design engaging graphics for digital platforms, including websites, social media, and marketing materials.\n\u2022 Collaborate with cross-functional teams to create logos, branding elements, and promotional content.\n\u2022 Maintain and update website graphics to ensure a fresh and appealing online presence.\n\u2022 Utilize data analysis skills to assess the effectiveness of design projects and make informed adjustments.\n\u2022 Create wireframes and prototypes using tools such as Bootstrap and Visio.\n\u2022 Manage multiple projects simultaneously while adhering to deadlines.\n\u2022 Stay current with industry trends and emerging technologies to continuously enhance design quality.\n\nExperience\n\u2022 Proficiency in Adobe Acrobat and other graphic design software is essential.\n\u2022 Experience in logo design, digital design, and website maintenance is highly desirable.\n\u2022 Familiarity with programming languages such as Node.js is a plus.\n\u2022 Knowledge of CSS preprocessors like Less is beneficial.\n\u2022 Strong portfolio showcasing previous work in graphic design is required.\n\u2022 Excellent communication skills and the ability to work collaboratively within a team environment.\n\nJoin us in creating impactful designs that resonate with our audience!\n\nJob Type: Full-time\n\nPay: $34,883.77-$64,998.39 per year\n\nAdditional pay:\n\u2022 Bonus pay\n\u2022 Commission pay\n\u2022 Overtime pay\n\nBenefits:\n\u2022 Casual dress\n\u2022 Company events\n\u2022 On-site parking\n\u2022 Paid time off\n\nFlexible language requirement:\n\u2022 French not required\n\nExperience:\n\u2022 Graphic design: 2 years (required)\n\u2022 Digital design: 2 years (required)\n\u2022 Data analysis skills: 1 year (required)\n\nWork Location: In person",
            "location": "Richmond Hill, ON, Canada",
            "employmentType": "",
            "datePosted": "27 days ago",
            "salaryRange": "",
            "jobProviders": [
                {
                    "name": "Indeed",
                    "url": "https://ca.indeed.com/viewjob?jk=e270b9597f7ae7ef&utm_campaign=google_jobs_apply&utm_source=google_jobs_apply&utm_medium=organic"
                },
                {
                    "name": "SimplyHired",
                    "url": "https://www.simplyhired.ca/job/NTIH4uEFu1P2Dbez0DCeG5oyYIzk2Hdvap_gT3ALdtddVhyvk6KlRw?utm_campaign=google_jobs_apply&utm_source=google_jobs_apply&utm_medium=organic"
                }
            ]
        },
        {
            "jobType": "web_designer",
            "title": "Designer, Web Presence (Events)",
            "company": "Stripe",
            "description": "Who we are\n\nAbout Stripe\n\nStripe is a financial infrastructure platform for businesses. Millions of companies - from the world\u2019s largest enterprises to the most ambitious startups - use Stripe to accept payments, grow their revenue, and accelerate new business opportunities. Our mission is to increase the GDP of the internet, and we have a staggering amount of work ahead. That means you have an unprecedented opportunity to put the global economy within everyone's reach while doing the most important work of your career.\n\nAbout The Team\n\nWeb Presence and Platform is organized into two pillars, each of which is grouped into pods that focus on the central tenets of Stripe's public mission. The Presence pillar creates industry-leading designs for Stripe\u2019s front door surfaces, educates customers about the power of our platform, and drives our business success. The Platform pillar builds the internal machinery that powers these surfaces, and is responsible for making our websites fast, stable, and easy to modify.\n\nTogether we design and build stripe.com and other sites that amount to what is, for many, their first impression of Stripe. As such, WPP offers exciting opportunities to have a major impact on Stripe\u2019s success. We want to make every pixel count, we want it to be enthralling, and we want to help other Stripes seamlessly benefit from our systematic work.\n\nWhat you\u2019ll do\n\nAs a WPP Designer focused on events-related web experiences, you will enhance Stripe\u2019s reach through thoughtful and expertly crafted event-related marketing sites, sign-up forms, and mobile apps.\n\nYour primary focus will be crafting visually compelling and user-friendly websites that drive sign-ups and overall engagement for key events like Stripe Sessions. Through collaboration with Event Marketing, Brand Studio's Experiential team, and Design Engineers, you'll ensure that designs align with event-related business goals while providing significant value and delight to users.\n\nOperating in a fast-paced environment, you'll leverage your visual and UX expertise to design intuitive experiences, ensuring they meet Stripe's high quality standards. Your role will seamlessly blend visual creativity, user experience principles, and a meticulous attention to detail to create best-in-class design solutions.\n\nResponsibilities\n\u2022 Design event-related websites, landing pages, and mobile apps\n\u2022 Create visually engaging and user-friendly designs that align with Stripe\u2019s brand standards\n\u2022 Collaborate with event marketing to ensure interactive content meets business objectives and user needs\n\u2022 Attune and optimize event-specific brand identities and integrate them into scalable UI design systems\n\u2022 Collaborate with design engineers on creative interactive prototypes and concepts\n\u2022 Rigorously QA builds before going into production\n\nWho you are\n\nWe're looking for someone who meets the minimum requirements to be considered for the role. If you meet these requirements, you are encouraged to apply. The preferred qualifications are a bonus, not a requirement.\n\nMinimum Requirements\n\u2022 Has 5+ years relevant design experience at a tech, product-driven company, and/or agency with a focus on marketing websites and apps\n\u2022 Strong portfolio showcasing visually engaging web design work and delightful user interfaces\n\u2022 Can reduce complex problems down into pithy stories, delivered through interaction or animation\n\u2022 Proven record in strategic thinking and decision-making\n\u2022 Deep understanding of the principles of UX/UI design\n\u2022 Strong systems-thinking; able to extrapolate and extend shared patterns and behaviors\n\u2022 Meticulous attention to detail and strong problem-solving abilities\n\u2022 Expert understanding of the formal elements of design, not just limited to the web and including typography, layout, balance, and proportion\n\u2022 Excellent communication skills and ability to collaborate effectively in a cross-functional environment\n\nPreferred Qualifications\n\u2022 Thorough understanding of motion principles such as easing\n\u2022 Previous experience designing interactive experiences for events\n\u2022 Love working with other designers to help them learn and grow\u2014and have them help you learn and grow\n\nHybrid work at Stripe\n\nThis role is available either in an office or a remote location (typically, 35+ miles or 56+ km from a Stripe office).\n\nOffice-assigned Stripes spend at least 50% of the time in a given month in their local office or with users. This hits a balance between bringing people together for in-person collaboration and learning from each other, while supporting flexibility about how to do this in a way that makes sense for individuals and their teams.\n\nA remote location, in most cases, is defined as being 35 miles (56 kilometers) or more from one of our offices. While you would be welcome to come into the office for team/business meetings, on-sites, meet-ups, and events, our expectation is you would regularly work from home rather than a Stripe office. Stripe does not cover the cost of relocating to a remote location. We encourage you to apply for roles that match the location where you currently or plan to live.\n\nPay and benefits\n\nThe annual US base salary range for this role is $152,700 - $229,100. For sales roles, the range provided is the role\u2019s On Target Earnings (\"OTE\") range, meaning that the range includes both the sales commissions/sales bonuses target and annual base salary for the role. This salary range may be inclusive of several career levels at Stripe and will be narrowed during the interview process based on a number of factors, including the candidate\u2019s experience, qualifications, and location. Applicants interested in this role and who are not located in the US may request the annual salary range for their location during the interview process.\n\nAdditional benefits for this role may include: equity, company bonus or sales commissions/bonuses; 401(k) plan; medical, dental, and vision benefits; and wellness stipends.",
            "location": "Toronto, ON, Canada",
            "employmentType": "",
            "datePosted": "26 days ago",
            "salaryRange": "",
            "jobProviders": [
                {
                    "name": "LinkedIn",
                    "url": "https://ca.linkedin.com/jobs/view/designer-web-presence-events-at-stripe-4040513090?utm_campaign=google_jobs_apply&utm_source=google_jobs_apply&utm_medium=organic"
                },
                {
                    "name": "Learn4Good",
                    "url": "https://www.learn4good.com/jobs/canada/info_technology/3723002133/e/?utm_campaign=google_jobs_apply&utm_source=google_jobs_apply&utm_medium=organic"
                },
                {
                    "name": "Designer Fund Job Board",
                    "url": "https://jobs.designerfund.com/companies/stripe/jobs/40790174-designer-web-presence-events?utm_campaign=google_jobs_apply&utm_source=google_jobs_apply&utm_medium=organic"
                }
            ]
        },
        {
            "jobType": "web_designer",
            "title": "Web designer - graphic design",
            "company": "RIGHTMOVE DESIGN INC",
            "description": "Education: Secondary (high) school graduation certificate. Work setting: Graphic design firm. Tasks: Supervise other graphic designers or graphic arts technicians. Estimate time to complete graphic designs and illustrations. Adapt existing illustrations. Consult with clients to determine the nature and content of illustrations in order to meet their communications needs. Work in a multidisciplinary environment. Co-ordinate sub-contracting. Determine the medium best suited to produce the desired visual effect and the most appropriate vehicle for communication. Usability testing. Process files and paperwork. Computer and technology knowledge: Adobe Illustrator. HTML. JavaScript. Own tools/equipment: Computer. Printer. Personal suitability: Client focus. Team player. Experience: 7 months to less than 1 year.",
            "location": "Abbotsford, BC, Canada",
            "employmentType": "",
            "datePosted": "",
            "salaryRange": "",
            "jobProviders": [
                {
                    "name": "Job Bank",
                    "url": "https://www.jobbank.gc.ca/jobsearch/jobposting/42062635?utm_campaign=google_jobs_apply&utm_source=google_jobs_apply&utm_medium=organic"
                },
                {
                    "name": "Talentify",
                    "url": "https://www.talentify.io/job/web-designer-graphic-design-abbotsford-british-columbia-ca-government-of-canada-42062635?utm_campaign=google_jobs_apply&utm_source=google_jobs_apply&utm_medium=organic"
                },
                {
                    "name": "JobOffer.com",
                    "url": "https://joboffer.com/jobs/Web-designer-graphic-design-362760077733bac0?utm_campaign=google_jobs_apply&utm_source=google_jobs_apply&utm_medium=organic"
                },
                {
                    "name": "Learn4Good",
                    "url": "https://www.learn4good.com/jobs/abbotsford/canada/design_and_multimedia/3746442134/e/?utm_campaign=google_jobs_apply&utm_source=google_jobs_apply&utm_medium=organic"
                }
            ]
        }
    ]
}