{
    "jobs": [
        {
            "jobType": "web_developer",
            "title": "Web developer",
            "company": "Compuran as well as ITD Canada",
            "description": "Education: Other trades certificate or diploma. Tasks: Consult with clients to develop and document Website requirements. Prepare mock-ups and storyboards. Source, select and organize information for inclusion and design the appearance, layout and flow of the Website. Create and optimize content for Website using a variety of graphics, database, animation and other software. Research and evaluate a variety of software products. Conduct tests and perform security and quality controls. Computer and technology knowledge: Adobe Acrobat Reader. Microsoft Visual Studio. Adobe Illustrator. ASP. Adobe Photoshop. Adobe Premiere Pro. HTML. XML. Java. JavaScript. HTML editing software. Experience: 2 years to less than 3 years.",
            "location": "Vancouver, BC, Canada",
            "employmentType": "",
            "datePosted": "3 days ago",
            "salaryRange": "",
            "jobProviders": [
                {
                    "name": "Job Bank",
                    "url": "https://www.jobbank.gc.ca/jobsearch/jobposting/42556911?utm_campaign=google_jobs_apply&utm_source=google_jobs_apply&utm_medium=organic"
                },
                {
                    "name": "Indeed",
                    "url": "https://ca.indeed.com/viewjob?jk=91ada522acfec52a&utm_campaign=google_jobs_apply&utm_source=google_jobs_apply&utm_medium=organic"
                },
                {
                    "name": "SimplyHired",
                    "url": "https://www.simplyhired.ca/job/yD_3OYkAh84iQayrDEqgBhSfFPVPFqXLBhZvfIcIHD22AjyDjOUZFA?utm_campaign=google_jobs_apply&utm_source=google_jobs_apply&utm_medium=organic"
                },
                {
                    "name": "Jooble",
                    "url": "https://ca.jooble.org/jdp/-7268546383233844269?utm_campaign=google_jobs_apply&utm_source=google_jobs_apply&utm_medium=organic"
                },
                {
                    "name": "MeetAWebDeveloper.com",
                    "url": "https://meetawebdeveloper.com/jobs/vancouver-bc-experienced-web-developer-wanted-20hr-web_developer-job?utm_campaign=google_jobs_apply&utm_source=google_jobs_apply&utm_medium=organic"
                },
                {
                    "name": "Youth Job Canada",
                    "url": "https://www.youthjob.ca/apply-now/7201?utm_campaign=google_jobs_apply&utm_source=google_jobs_apply&utm_medium=organic"
                },
                {
                    "name": "Recruiterflow",
                    "url": "https://recruiterflow.com/targetedtalent/jobs/55?utm_campaign=google_jobs_apply&utm_source=google_jobs_apply&utm_medium=organic"
                },
                {
                    "name": "BeBee Canada Meet Opportunities",
                    "url": "https://ca.bebee.com/job/ccc7af430c3c36df65fec8cf204c479e?utm_campaign=google_jobs_apply&utm_source=google_jobs_apply&utm_medium=organic"
                }
            ]
        },
        {
            "jobType": "web_developer",
            "title": "Web Developer \u2013 Co-op/Intern",
            "company": "Nokia",
            "description": "Job Description\n\nPosition: Web Developer \u2013 Co-op/Intern\n\nNumber of Position(s): 1\n\nDuration: 4 Months\n\nDate: April 28th - Aug 29th 2025 (Summer Term)\n\nLocation: Hybrid\n\nEDUCATIONAL RECOMMENDATIONS\n\nCurrently a candidate for a Master\u2019s or Bachelor's degree in Computer Science, Computer Engineering, or a related field with an accredited school in Canada.\n\nHow You Will Contribute And What You Will Learn\n\nAs a part of our team, you will:\n\u2022 Assist in designing and implementing web GUI features \u2013 built with React and Redux\n\u2022 Be exposed and learn cutting-edge network technologies in the fields of SDN\n\u2022 Interacting with User Experience experts to deliver modern, easy-to-use enterprise-grade applications\n\u2022 Work in a team-based Agile Environment; collaborate with Developers, Testers, and Product Management to refine requirements, develop, and test our products.\n\u2022 Interact with Support Teams to provide software solutions to field-reported issues.\n\nKey Skills And Experience\n\u2022 Proficiency in JavaScript, React, HTML5, CSS3\n\u2022 Experience in application state management eg: Redux\n\nIt would be nice if you also had:\n\u2022 Familiarity with react component libraries such as ag-grid, formik, and styled-components\n\u2022 Experience working with package managers like npm\n\u2022 Strong understanding of REST API\n\u2022 Experience with Git\n\nAbout Us\n\nCome create the technology that helps the world act together\n\nNokia is committed to innovation and technology leadership across mobile, fixed and cloud networks. Your career here will have a positive impact on people\u2019s lives and will help us build the capabilities needed for a more productive, sustainable, and inclusive world.\n\nWe challenge ourselves to create an inclusive way of working where we are open to new ideas, empowered to take risks and fearless to bring our authentic selves to work\n\nWhat we offer\n\nNokia offers continuous learning opportunities, well-being programs to support you mentally and physically, opportunities to join and get supported by employee resource groups, mentoring programs and highly diverse teams with an inclusive culture where people thrive and are empowered.\n\nNokia is committed to inclusion and is an equal opportunity employer\n\nNokia has received the following recognitions for its commitment to inclusion & equality:\n\u2022 One of the World\u2019s Most Ethical Companies by Ethisphere\n\u2022 Gender-Equality Index by Bloomberg\n\u2022 Workplace Pride Global Benchmark\n\nAt Nokia, we act inclusively and respect the uniqueness of people. Nokia\u2019s employment decisions are made regardless of race, color, national or ethnic origin, religion, gender, sexual orientation, gender identity or expression, age, marital status, disability, protected veteran status or other characteristics protected by law. We are committed to a culture of inclusion built upon our core value of respect.\n\nJoin us and be part of a company where you will feel included and empowered to succeed.\n\nAdditional Information\n\nUS/Canada Nokia Offers a comprehensive benefits package that includes but is not limited to:\n\u2022 Corporate Retirement Savings Plan\n\u2022 Health and dental benefits\n\u2022 Short-term disability, and long-term disability\n\u2022 Life insurance, and AD&D \u2013 Company paid 2x base pay\n\u2022 Optional or Supplemental life and AD&D insurance (Employee/Spouse/Child)\n\u2022 Paid time off for holidays and Vacation\n\u2022 Employee Stock Purchase Plan\n\u2022 Tuition Assistance Plan\n\u2022 Adoption assistance\n\u2022 Employee Assistance Program/Work Life Resource Program\n\nThe above benefits exclude students. Disclaimer for US/Canada\n\nNokia Maintains broad annual base salary ranges for its roles in order to account for variations in knowledge, skills, experience and market conditions, and with consideration to internal peer equity.(Check the salary ranges in the job info section for this role)\n\nAll North America job posts will post for a minimum of 7 calendar days and up to 180 days or until candidate/s identified.\n\nAbout The Team\n\nThe pandemic has highlighted how important telecoms networks are to society. Nokia\u2019s Network Infrastructure group is at the heart of a revolution to bring more and faster network capacity to people worldwide through our ambition, innovation, and technical expertise.",
            "location": "Ontario, Canada",
            "employmentType": "",
            "datePosted": "2 days ago",
            "salaryRange": "",
            "jobProviders": [
                {
                    "name": "LinkedIn",
                    "url": "https://ca.linkedin.com/jobs/view/web-developer-%E2%80%93-co-op-intern-at-nokia-4076009303?utm_campaign=google_jobs_apply&utm_source=google_jobs_apply&utm_medium=organic"
                }
            ]
        },
        {
            "jobType": "web_developer",
            "title": "Web Developer",
            "company": "Design Shopp",
            "description": "Description\n\nIf you're experienced in working with a team of designers, and developers, building interactive and responsive websites, we can\u2019t wait to meet you!\n\nWe work fully remotely and have the privilege to work with our team of dedicated experts. Our team of 20 now expands from Canada to Europe and Asia. We pride ourselves on being global, as our clients are too.\n\nThe chosen candidate will be responsible for structuring, and organizing complex websites with our team and assist client meetings. Will work with custom HTML templates (designed by our design and UI/UX team) and be responsible for the Quality assurance of the code done by our team. Help manage more complex PHP backends and custom Wordpress code or API integrations. Help guide the dev team in the best solution and participate in quotes and proposals. We're looking for an independent, experienced Web Developer who stays up to date on the latest web development standards.\n\nHaving experience with Shopify is considered a major bonus.\n\nWhat we\u2019re looking for:\nAbility to work fully remotely, as long as you are available from 9AM to 5PM EST - Note that we absolutely need someone who will be available to work and be online every day from Monday to Friday, 9AM to 5PM EST (Eastern Standard Time).\n\nWe are looking for someone who can work those hours, in our eastern standard time and this is an absolute requirement.\n\nRequirements\n\nAble to work and be accessible remote from 9AM EST to 5PM EST (time zone) is mandatory\n5+ years of experience coding in HTML, CSS, and Javascript\n5+ years Experience with integrating custom themes in Wordpress\n5+ years Experience in PHP and MySQL\nGood knowledge of GIT, Bitbucket or similar\nExperience collaborating with a team\n10+ years experience with Wordpress\n2+ years of Shopify (frontend) is ideal\nBenefits\nWe operate completely remotely\nWe are open in working with a candidate located anywhere in the world, we just require a stable internet connection ;)\nWe use Zoom to chat, and Monday.com to organize tasks and schedules. We also use Trello for certain tasks.",
            "location": "Canada",
            "employmentType": "",
            "datePosted": "",
            "salaryRange": "",
            "jobProviders": [
                {
                    "name": "Indeed",
                    "url": "https://ca.indeed.com/viewjob?jk=409cf38889e49c17&utm_campaign=google_jobs_apply&utm_source=google_jobs_apply&utm_medium=organic"
                },
                {
                    "name": "Christian Tech Jobs",
                    "url": "https://www.christiantechjobs.io/christian-jobs/remote-web-developer-anthem-creative-510?utm_campaign=google_jobs_apply&utm_source=google_jobs_apply&utm_medium=organic"
                },
                {
                    "name": "Fullstack Jobs - OnSite And Remote Full Stack Jobs",
                    "url": "https://fullstackjob.com/job/2MZNyAZRZ4eCOBj2aTYLN6BQk4s/Web%20Developer?utm_campaign=google_jobs_apply&utm_source=google_jobs_apply&utm_medium=organic"
                },
                {
                    "name": "Ca.bebee.com",
                    "url": "https://ca.bebee.com/job/dbd22a0782592db4fb7b8263111c22a0?utm_campaign=google_jobs_apply&utm_source=google_jobs_apply&utm_medium=organic"
                },
                {
                    "name": "Christian Job Postings",
                    "url": "https://christianjobpostings.ca/job/web-developer/?utm_campaign=google_jobs_apply&utm_source=google_jobs_apply&utm_medium=organic"
                },
                {
                    "name": "Canada Job Bank",
                    "url": "https://canadajobbank.org/web-developer-20/?utm_campaign=google_jobs_apply&utm_source=google_jobs_apply&utm_medium=organic"
                },
                {
                    "name": "The Cronosgroup Team",
                    "url": "https://the-cronosgroup-team.hirehive.com/job/45554/web-developer-british-columbia?utm_campaign=google_jobs_apply&utm_source=google_jobs_apply&utm_medium=organic"
                },
                {
                    "name": "Dive Into Python",
                    "url": "https://diveintopython.org/jobs/web-developer-java-or-python-17175?utm_campaign=google_jobs_apply&utm_source=google_jobs_apply&utm_medium=organic"
                }
            ]
        },
        {
            "jobType": "web_developer",
            "title": "Web developer",
            "company": "webever technologies",
            "description": "Education: Bachelor's degree. Computer programming, other. Computer science. Computer technology/computer systems technology. Computer and technology knowledge: Jira. iOS. C++. JavaOS. HTML. Java. JavaScript. PHP. Python. WordPress. Screening questions: Are you available for the advertised start date?. Are you currently a student?. Are you currently legally able to work in Canada?. Are you willing to relocate for this position?. Do you currently reside in proximity to the advertised location?. What is the highest level of study you have completed?. Experience: 1 year to less than 2 years. Other benefits: Free parking available. Parking available.",
            "location": "Winnipeg, MB, Canada",
            "employmentType": "",
            "datePosted": "3 days ago",
            "salaryRange": "",
            "jobProviders": [
                {
                    "name": "Job Bank",
                    "url": "https://www.jobbank.gc.ca/jobsearch/jobposting/42554933?utm_campaign=google_jobs_apply&utm_source=google_jobs_apply&utm_medium=organic"
                },
                {
                    "name": "Indeed",
                    "url": "https://emplois.ca.indeed.com/viewjob?jk=98f63b6270cc8166&utm_campaign=google_jobs_apply&utm_source=google_jobs_apply&utm_medium=organic"
                },
                {
                    "name": "Glassdoor",
                    "url": "https://www.glassdoor.ca/job-listing/web-developer-abmtax-JV_IC2286709_KO0,13_KE14,20.htm?jl=1009519444879&utm_campaign=google_jobs_apply&utm_source=google_jobs_apply&utm_medium=organic"
                },
                {
                    "name": "SimplyHired",
                    "url": "https://fr.simplyhired.ca/job/qbw7f481JLtn6eArQMpEiC8jH9R8sq0ckuWBq7Tc1IyIrz_e81SFaw?utm_campaign=google_jobs_apply&utm_source=google_jobs_apply&utm_medium=organic"
                },
                {
                    "name": "Talentify",
                    "url": "https://www.talentify.io/job/web-developer-winnipeg-manitoba-ca-government-of-canada-42554933?utm_campaign=google_jobs_apply&utm_source=google_jobs_apply&utm_medium=organic"
                },
                {
                    "name": "BeBee Canada Meet Opportunities",
                    "url": "https://ca.bebee.com/job/99c5d42ed54f911824e8c9d0befdd390?utm_campaign=google_jobs_apply&utm_source=google_jobs_apply&utm_medium=organic"
                },
                {
                    "name": "Jobs Trabajo.org",
                    "url": "https://ca.trabajo.org/job-3051-ebd6f2a165148f43de4259a1bed8bbfa?utm_campaign=google_jobs_apply&utm_source=google_jobs_apply&utm_medium=organic"
                }
            ]
        },
        {
            "jobType": "web_developer",
            "title": "Web Software Developer - Front End (Senior)",
            "company": "dakis",
            "description": "Description: At dakis, web development is king! We are looking for a talented software developer who doesn\u2019t fear JavaScript and new web technologies, and who is very enthusiastic at the idea of bringing eCommerce to the next level. You will play an active role in shaping Dakis\u2019 next generation WebApp eCommerce and photo solutions.",
            "location": "Montreal, Quebec, Canada",
            "employmentType": "",
            "datePosted": "3 days ago",
            "salaryRange": "",
            "jobProviders": [
                {
                    "name": "Dakis.com",
                    "url": "https://dakis.com/jobs/web-software-developer-front-end-senior?utm_campaign=google_jobs_apply&utm_source=google_jobs_apply&utm_medium=organic"
                },
                {
                    "name": "Jooble",
                    "url": "https://ca.jooble.org/jdp/-2229804215412120950?utm_campaign=google_jobs_apply&utm_source=google_jobs_apply&utm_medium=organic"
                },
                {
                    "name": "Njoyn",
                    "url": "https://groom.njoyn.com/CL/in/share/JobDetails.asp?clid=95811&jobid=J0719-0153&BRID=280134&LANG=2&SBDID=1&utm_campaign=google_jobs_apply&utm_source=google_jobs_apply&utm_medium=organic"
                },
                {
                    "name": "Talent.com",
                    "url": "https://ca.talent.com/view?id=219bdf2668b5&utm_campaign=google_jobs_apply&utm_source=google_jobs_apply&utm_medium=organic"
                },
                {
                    "name": "SimplyHired",
                    "url": "https://www.simplyhired.ca/job/w3RU8BughTg10CxG2OUYIuhYY9ge5JclwFcadqZ-Y4-lQm1J_1F_sA?utm_campaign=google_jobs_apply&utm_source=google_jobs_apply&utm_medium=organic"
                },
                {
                    "name": "Learn4Good",
                    "url": "https://www.learn4good.com/jobs/montreal/canada/info_technology/3371966031/e/?utm_campaign=google_jobs_apply&utm_source=google_jobs_apply&utm_medium=organic"
                },
                {
                    "name": "JobOffer.com",
                    "url": "https://joboffer.com/jobs/Developer-Front-End-075a7a28be1ff9a7?utm_campaign=google_jobs_apply&utm_source=google_jobs_apply&utm_medium=organic"
                },
                {
                    "name": "Trabajo.org",
                    "url": "https://ca.trabajo.org/job-2401-74dfe1d865054aa65f85aee1f1b0f2ed?utm_campaign=google_jobs_apply&utm_source=google_jobs_apply&utm_medium=organic"
                }
            ]
        },
        {
            "jobType": "web_developer",
            "title": "Java Web Developer",
            "company": "STACK IT Recruitment",
            "description": "Our client in Mississauga is looking for a Java Developer to join their growing team.\n\nWho you are:\n\nAs a Java Developer, you will be responsible for designing, developing, and maintaining applications that support reporting, document generation, and inventory management. Your expertise in Java and SQL will help ensure the functionality and security of various systems, as you manage database permissions, troubleshoot issues, and support ongoing JDE operations. You\u2019ll provide essential technical documentation, conduct system validations, and prepare reports to support data-driven decisions. Your proactive approach will also contribute to continuous improvement, optimizing resources and enhancing clients\u2019 technological capabilities to meet evolving business needs.\n\nWork Type:\n\u2022 Location: Mississauga, Ontario\n\u2022 Hybrid \u2013 2-3 days a week in the office\n\u2022 Must have a reliable means of transportation to travel between office locations\n\nHow you will impact:\n\u2022 Analyze business needs to design, develop, and maintain web applications to enhance operational efficiency and reporting tools.\n\u2022 Implement updates and enhancements to applications, including tools for reporting, document generation, and inventory management.\n\u2022 Manage database permissions, design tables, views, and write SQL queries to support various applications and ensure secure data access.\n\u2022 Develop, test, and troubleshoot Java and SQL-based applications, ensuring seamless integration and functionality.\n\u2022 Identify and resolve technical issues in applications, provide ongoing support for JDE trouble tickets, and maintain existing programs.\n\u2022 Prepare and document user manuals, maintenance instructions, and other operational guidelines for software applications.\n\u2022 Set up and maintain workstations, install essential software, configure network settings, and troubleshoot technical issues.\n\u2022 Research and evaluate new software products, recommend programming platforms, and suggest process improvements to optimize resources.\n\u2022 Conduct system validations and user acceptance tests, ensuring reliability and alignment with business needs.\n\u2022 Prepare detailed project status updates and reports to management, supporting data-driven decision-making.\n\nWhat you will bring:\n\u2022 Bachelor\u2019s degree in Computer Science, Engineering, or an IT-related field.\n\u2022 3+ years\u2019 experience in software development, analysis, integration, and supporting research, development, testing, and evaluation of software systems.\n\u2022 Proficiency in Java 8, with strong expertise in relational databases and SQL.\n\u2022 Ability to perform complex data processing and manipulation across multiple formats, including SQL, CSV, TXT, and Excel.\n\u2022 Experience managing database permissions, user access, and creating SQL tables, views, and queries.\n\u2022 Hands-on experience with EDI technologies and familiarity with manufacturing processes, is a bonus.\n\u2022 Experience in CRM platforms such as Salesforce, project management tools like Microsoft Project, JDE 9.2, and IBM Notes is a bonus.\n\u2022 Capable of managing multiple projects simultaneously with strong organizational skills, meeting deadlines, and conducting quality control checks.\n\u2022 Strong verbal and written communication skills, including the ability to document modifications, generate reports, and provide operational instructions.\n\u2022 High level of initiative, self-motivation, and independence with sound decision-making abilities and excellent attention to detail.\n\nCompensation:\n\u2022 Salary: $80,000 to $90,000\n\u2022 Full Medical Benefits (Health/Dental/Vision)\n\u2022 Paid time off\n\u2022 Bonus\n\u2022 EAP Program\n\nIf you meet 70% or more of the qualifications listed for this position, we strongly encourage you to apply! Are you not yet ready to apply, but interested in learning more about this opportunity? Please reach out to us at info@stackitrecruitment.com for more information. We look forward to hearing from you!",
            "location": "Mississauga, ON, Canada",
            "employmentType": "",
            "datePosted": "3 days ago",
            "salaryRange": "",
            "jobProviders": [
                {
                    "name": "LinkedIn",
                    "url": "https://ca.linkedin.com/jobs/view/java-web-developer-at-stack-it-recruitment-4074913298?utm_campaign=google_jobs_apply&utm_source=google_jobs_apply&utm_medium=organic"
                }
            ]
        },
        {
            "jobType": "web_developer",
            "title": "Software Developer (Back End Web Services)",
            "company": "Thales",
            "description": "In fast changing markets, customers worldwide rely on Thales. Thales is a business where brilliant people from all over the world come together to share ideas and inspire each other. In aerospace, transportation, defence, security and space, our architects design innovative solutions that make our tomorrow's possible.\n\nFor decades, Ottawa has been a global technology leader. Today, Canada\u2019s capital holds one of the brightest and most diverse technological ecosystems in North America. Voted as Canada\u2019s best place to live 2017 by Maclean's, Ottawa offers a low cost of living with a high quality of life. The Thales Ottawa office has been a major supplier and long-term trusted partner to DND, enabling the Canadian Armed Forces and the Canadian Coast Guard to achieve mission success.\n\nThis is a hybrid role in Ottawa, Ontario.\n\nPosition Summary\n\nThales Canada Defence and Security is hiring for a Software Developer (Back End Web Services) who will be responsible to support the Performance Manager in the development of Performance system for Thales\u2019 Non-Combatant In-Service Support programs.\n\nThe successful candidate will implement, integrate, test, configure, and document back-end web-based software applications with a particular focus on implementing software whose primary function is the integration of a system of software applications. The successful candidate will help deliver value to the operational team quickly in an agile, incremental way. The successful candidate will make use of modern software development techniques and technologies.\n\nKey Areas of Responsibility\n\nThe successful candidate will:\n\u2022 Design and implement back end web application and integration software solutions, including performing user needs analysis, design, coding, unit testing, and integration;\n\u2022 Produce software developer documentation;\n\u2022 Identify and analyze software defects and implement fixes into product releases; and\n\u2022 Build and maintain currency in software development best practices and methodologies.\n\u2022 To provide products and customer solutions in consistency with all stakeholders\u2019 needs and entity policies, as well as continuously enhance engineering competitiveness.\n\nBasic Qualifications\n\u2022 Bachelor\u2019s degree in software engineering, computer science, or equivalent education with relevant experience\n\u2022 7 years\u2019 experience in software development including (the following items are not exclusive of each other):\n\u2022 5 years\u2019 experience in back-end web app software development with Java web services;\n\u2022 Experience with REST API creation and/or management; and\n\u2022 Unit and integration test development experience using a framework such as Junit.\n\nThe candidate should possess experience with a few of the following skills:\n\u2022 Very strong coding, unit testing, integration, and debugging skills\n\u2022 Experience with JAX-RS framework\n\u2022 Experience with containerization, e.g. Docker, Kubernetes\n\u2022 Experience working in a scrum/agile software development environment\n\u2022 Strong oral and written communication skills\n\u2022 Proven problem solving and analytical skills with a desire to learn\n\u2022 Experience with military or aerospace domains\n\nRegulatory Compliance Requirements:\n\n\u2022 Ability to obtain a NATO Secret security clearance\n\u2022 Ability to meet the eligibility requirements outlined in the Canadian Controlled Goods Registration Program (including ITAR-controlled articles)\n\nSpecial Position Requirements\n\n\u2022 Hybrid position. Full time, standard business hours.\n\u2022 Possibility of occasional travel to customer site for technical support / integration activities.\n\u2022 Possibility of occasional travel within Canada for planning events.\n\nAs part of the Eligibility requirements, Employees (Internal Applicants) must inform their line manager if selected to interview for another position prior to the interview being scheduled. Please discuss with the Talent Acquisition Partner if you have any questions.\n\nThales is an equal opportunity employer which values diversity and inclusivity in the workplace. Thales is committed to providing accommodations in all parts of the interview process. Applicants selected for an interview who require accommodation are asked to advise accordingly upon the invitation for an interview. We will work with you to meet your needs. All accommodation information provided will be treated as confidential and used only for the purpose of providing an accessible candidate experience.",
            "location": "Ottawa, ON, Canada",
            "employmentType": "",
            "datePosted": "3 days ago",
            "salaryRange": "",
            "jobProviders": [
                {
                    "name": "Thales Careers",
                    "url": "https://careers.thalesgroup.com/global/en/job/R0267667/Software-Developer-Back-End-Web-Services?utm_campaign=google_jobs_apply&utm_source=google_jobs_apply&utm_medium=organic"
                },
                {
                    "name": "Indeed",
                    "url": "https://ca.indeed.com/viewjob?jk=382c24d466773dd9&utm_campaign=google_jobs_apply&utm_source=google_jobs_apply&utm_medium=organic"
                },
                {
                    "name": "Glassdoor",
                    "url": "https://www.glassdoor.ca/job-listing/software-developer-back-end-web-services-thales-JV_IC2286068_KO0,40_KE41,47.htm?jl=1009501871853&utm_campaign=google_jobs_apply&utm_source=google_jobs_apply&utm_medium=organic"
                },
                {
                    "name": "SimplyHired",
                    "url": "https://www.simplyhired.ca/job/0jztk49aYQo3kNLN8shWmKICfGnFchlt4apjyYxJCR9n53OPgo-62g?utm_campaign=google_jobs_apply&utm_source=google_jobs_apply&utm_medium=organic"
                },
                {
                    "name": "Talent.com",
                    "url": "https://ca.talent.com/view?id=3bb706fcd125&utm_campaign=google_jobs_apply&utm_source=google_jobs_apply&utm_medium=organic"
                },
                {
                    "name": "Monster.ca",
                    "url": "https://www.monster.ca/job-openings/software-developer-back-end-web-services-ottawa-on--f8179b8b-e5e5-4460-9e42-637efdc46c92?utm_campaign=google_jobs_apply&utm_source=google_jobs_apply&utm_medium=organic"
                },
                {
                    "name": "LinkedIn",
                    "url": "https://ca.linkedin.com/jobs/view/software-developer-back-end-web-services-at-thales-4058388178?utm_campaign=google_jobs_apply&utm_source=google_jobs_apply&utm_medium=organic"
                },
                {
                    "name": "Talentify",
                    "url": "https://www.talentify.io/job/software-developer-back-end-web-services-ottawa-ontario-ca-thales-r0267667?utm_campaign=google_jobs_apply&utm_source=google_jobs_apply&utm_medium=organic"
                }
            ]
        },
        {
            "jobType": "web_developer",
            "title": "Web Designer & Developer",
            "company": "Apple Blueprints",
            "description": "Overview\nWe are seeking a creative and detail-oriented Web Designer to join our dynamic team. The ideal candidate will possess a strong understanding of web development principles and have experience in designing user-friendly, visually appealing websites. This role requires collaboration with various stakeholders to create engaging online experiences that align with our brand's vision and goals.\n\nResponsibilities\n\u2022 Design and develop responsive websites that enhance user experience across various devices.\n\u2022 Collaborate with developers, marketing teams, and other stakeholders to gather requirements and translate them into functional designs.\n\u2022 Utilize design tools such as Balsamiq, Axure, and Sketch to create wireframes, prototypes, and high-fidelity mockups.\n\u2022 Maintain and update existing websites, ensuring they are optimized for performance and usability.\n\u2022 Implement front-end technologies including SCSS and Adobe Flash to enhance website functionality.\n\u2022 Conduct usability testing and gather feedback to continuously improve website design.\n\u2022 Manage website content using MySQL databases and ensure seamless integration with back-end systems.\n\u2022 Stay updated on industry trends, best practices, and emerging technologies to keep our web presence competitive.\n\nRequirements\n\u2022 Proficiency in web development languages such as HTML, CSS, and JavaScript.\n\u2022 Experience with design software including Balsamiq, Axure, Sketch, and Telerik.\n\u2022 Familiarity with database management systems like MySQL.\n\u2022 Strong understanding of website maintenance practices.\n\u2022 Knowledge of SEO principles and Google Analytics for tracking website performance.\n\u2022 Excellent attention to detail with a keen eye for aesthetics and user experience.\n\u2022 Ability to work collaboratively in a fast-paced environment while managing multiple projects simultaneously.\n\u2022 Strong communication skills to effectively present ideas and concepts.\n\nJoin us in creating innovative web solutions that captivate users and drive engagement!\n\nJob Types: Full-time, Permanent\n\nPay: $70,000.00-$85,000.00 per year\n\nAdditional pay:\n\u2022 Bonus pay\n\u2022 Commission pay\n\u2022 Overtime pay\n\u2022 Signing bonus\n\u2022 Tips\n\nBenefits:\n\u2022 Dental care\n\u2022 Paid time off\n\u2022 Work from home\n\nFlexible language requirement:\n\u2022 French not required\n\nSchedule:\n\u2022 Monday to Friday\n\nWork Location: Remote",
            "location": "Canada",
            "employmentType": "",
            "datePosted": "1 month ago",
            "salaryRange": "",
            "jobProviders": [
                {
                    "name": "Indeed",
                    "url": "https://ca.indeed.com/viewjob?jk=c9863608099ee776&utm_campaign=google_jobs_apply&utm_source=google_jobs_apply&utm_medium=organic"
                },
                {
                    "name": "Glassdoor",
                    "url": "https://www.glassdoor.ca/job-listing/web-designer-developer-apple-blueprints-JV_KO0,22_KE23,39.htm?jl=1009491724982&utm_campaign=google_jobs_apply&utm_source=google_jobs_apply&utm_medium=organic"
                }
            ]
        },
        {
            "jobType": "web_developer",
            "title": "front-end Web developer",
            "company": "SOFTRON TAX",
            "description": "Education: Bachelor's degree. or equivalent experience. Computer and technology knowledge: JavaScript. .NET. React.js. GitHub. Area of specialization: Development of computer applications. Development. Experience: 1 year to less than 2 years. Health benefits: Dental plan. Health care plan. Vision care benefits.",
            "location": "Mississauga, ON, Canada",
            "employmentType": "",
            "datePosted": "5 days ago",
            "salaryRange": "",
            "jobProviders": [
                {
                    "name": "Job Bank",
                    "url": "https://www.jobbank.gc.ca/jobsearch/jobposting/42536077?utm_campaign=google_jobs_apply&utm_source=google_jobs_apply&utm_medium=organic"
                },
                {
                    "name": "Indeed",
                    "url": "https://ca.indeed.com/viewjob?jk=7506c1c0ab376b09&utm_campaign=google_jobs_apply&utm_source=google_jobs_apply&utm_medium=organic"
                },
                {
                    "name": "SimplyHired",
                    "url": "https://www.simplyhired.ca/job/RS8BRf6H69Rs1Q46Oyg7QkVRBS8hgTBNAiGR5S5dOSN3n0gHI24TpA?utm_campaign=google_jobs_apply&utm_source=google_jobs_apply&utm_medium=organic"
                },
                {
                    "name": "Talentify",
                    "url": "https://www.talentify.io/job/front-end-web-developer-mississauga-ontario-ca-government-of-canada-42536077?utm_campaign=google_jobs_apply&utm_source=google_jobs_apply&utm_medium=organic"
                },
                {
                    "name": "BeBee Canada Meet Opportunities",
                    "url": "https://ca.bebee.com/job/711e14b07d309a3ad2b399e551bed3c4?utm_campaign=google_jobs_apply&utm_source=google_jobs_apply&utm_medium=organic"
                },
                {
                    "name": "Talent.com",
                    "url": "https://ca.talent.com/view?id=3373aa82ea18&utm_campaign=google_jobs_apply&utm_source=google_jobs_apply&utm_medium=organic"
                },
                {
                    "name": "Jobted",
                    "url": "https://ca.jobted.com/job/6fb730bfea17687ba82f9b045d2f0252?utm_campaign=google_jobs_apply&utm_source=google_jobs_apply&utm_medium=organic"
                },
                {
                    "name": "Jobs Trabajo.org",
                    "url": "https://ca.trabajo.org/job-1891-2d96c72daeb8c76240a2c3096a9ebdae?utm_campaign=google_jobs_apply&utm_source=google_jobs_apply&utm_medium=organic"
                }
            ]
        },
        {
            "jobType": "web_developer",
            "title": "Front End Developer",
            "company": "Stebr Canada Inc.",
            "description": "We are looking for a ReactJS, Redux developer. Hands-on design and development of highly concurrent, scalable, distributed transactional systems using TDD (Test driven development) and (DDD) Domain driven design models.\n\u2022 Responsible for troubleshooting and fixes of production issues in quick turnaround time\n\u2022 Work with the team for constant improvement of system performance and scale using system profiling tools and stress testing techniques\n\u2022 Not more than 2 years of reactJS experience? Please do not apply\n\nRequirements\n\u2022 BS/MS degree or equivalent with 5+ Years of overall experience in web application design and development.\n\u2022 Must have strong skills in JavaScript, ReactJS and its core principles, React.js workflows (such as Flux or Redux), webpack, Babel, npm.\n\u2022 Must have worked on React hooks and Redux saga\n\u2022 Experience with relational databases (transactional and non-transactional), database architecture and distributed cache & transaction management.\n\u2022 Should have good knowledge of Agile/Scrum, continuous integration and deployment",
            "location": "Toronto, ON, Canada",
            "employmentType": "",
            "datePosted": "6 days ago",
            "salaryRange": "",
            "jobProviders": [
                {
                    "name": "LinkedIn",
                    "url": "https://ca.linkedin.com/jobs/view/front-end-developer-at-stebr-canada-inc-4074173649?utm_campaign=google_jobs_apply&utm_source=google_jobs_apply&utm_medium=organic"
                },
                {
                    "name": "ZipRecruiter",
                    "url": "https://www.ziprecruiter.com/c/Stebr,-Inc/Job/Front-End-Developer/-in-Toronto,ON?jid=475682ced5ddbafa&utm_campaign=google_jobs_apply&utm_source=google_jobs_apply&utm_medium=organic"
                },
                {
                    "name": "Indeed",
                    "url": "https://emplois.ca.indeed.com/viewjob?jk=65af950f875d6490&utm_campaign=google_jobs_apply&utm_source=google_jobs_apply&utm_medium=organic"
                },
                {
                    "name": "Nexus Systems Group",
                    "url": "https://www.nexusgroup.ca/jobs/front-end-developer/?utm_campaign=google_jobs_apply&utm_source=google_jobs_apply&utm_medium=organic"
                },
                {
                    "name": "Huzzle",
                    "url": "https://www.huzzle.app/jobs/front-end-developer-425340?utm_campaign=google_jobs_apply&utm_source=google_jobs_apply&utm_medium=organic"
                },
                {
                    "name": "Tundra Talent Community - Tundra Technical Solutions",
                    "url": "http://community.tundratechnical.ca/jobs/front-end-developer/apply/?utm_campaign=google_jobs_apply&utm_source=google_jobs_apply&utm_medium=organic"
                },
                {
                    "name": "Jobboom",
                    "url": "https://www.jobboom.com/en/job-offer/front-end-developer_astek-canada_p3320307?utm_campaign=google_jobs_apply&utm_source=google_jobs_apply&utm_medium=organic"
                },
                {
                    "name": "Glassdoor",
                    "url": "https://www.glassdoor.ca/job-listing/front-end-developer-payquad-solutions-JV_IC2281069_KO0,19_KE20,37.htm?jl=1009405394633&utm_campaign=google_jobs_apply&utm_source=google_jobs_apply&utm_medium=organic"
                }
            ]
        }
    ]
}